2,0.6301652892561983,0.5950413223140496,0.5557851239669421,0.3925619834710744,0.5950413223140496,0.17768595041322313,0.6384297520661157,0.03925619834710744,0.6590909090909091,-0.09297520661157024,0.9132231404958677,0.14669421487603307,0.7458677685950413,0.0,0.5867768595041323,0.0,0.4731404958677686,0.028925619834710745,0.987603305785124,0.23140495867768596,0.7830578512396694,0.06198347107438017,0.6487603305785123,0.1652892561983471,0.628099173553719,0.24586776859504134,1.0,0.3347107438016529,0.7582644628099173,0.18388429752066116,0.6549586776859504,0.29338842975206614,0.6756198347107438,0.365702479338843,0.9648760330578512,0.44214876033057854,0.7458677685950413,0.3202479338842975,0.6673553719008265,0.38636363636363635,0.6921487603305785,0.4380165289256198,0.20761317014694214,0.11004707217216492,0.004517972469329834,-0.021957308053970337,-0.024245649576187134,0.005291938781738281,-0.03935176134109497,0.06158186495304108,0.47954486310482025,0.6500811278820038,-0.3164807856082916,0.009828746318817139,-0.00550118088722229,-0.8275131285190582,-0.03158734738826752,-0.27391329407691956,-0.24126361310482025,-0.25008112788200376,-0.30063861310482026,-0.6306366834375593,-0.24126361310482025,0.09075310975313189,0.0,0.0,0.0,0.0,0.3851596052147701,0.23472352237579597,0.0,0.0,0.0,0.0,0.0,0.0,0.0,0.0,0.0,0.0
2,0.6331967213114754,0.6024590163934426,0.5594262295081968,0.4016393442622951,0.6086065573770492,0.18032786885245902,0.6639344262295082,0.03278688524590164,0.680327868852459,-0.11065573770491803,0.9241803278688525,0.1680327868852459,0.7663934426229508,0.00819672131147541,0.6024590163934426,0.0020491803278688526,0.48360655737704916,0.018442622950819672,0.9918032786885246,0.2540983606557377,0.8012295081967213,0.06762295081967214,0.6618852459016393,0.17008196721311475,0.6413934426229508,0.2540983606557377,1.0,0.35655737704918034,0.7622950819672131,0.19262295081967212,0.6598360655737705,0.3073770491803279,0.6823770491803278,0.3831967213114754,0.9610655737704918,0.45901639344262296,0.7438524590163934,0.3319672131147541,0.6700819672131147,0.4016393442622951,0.6987704918032787,0.45901639344262296,0.20736056566238403,0.10974922776222229,0.004578351974487305,-0.021640747785568237,-0.023893505334854126,0.005358487367630005,-0.03956057131290436,0.061277180910110474,0.47940102219581604,0.6525836884975433,-0.31622737646102905,0.012942969799041748,-0.00637856125831604,-0.8279729187488556,-0.031187772750854492,-0.2760855257511139,-0.23799477219581605,-0.24425035516421,-0.29502602219581603,-0.6400836884975434,-0.23799477219581605,0.0976353754599889,0.0,0.0,0.0,0.0,0.3999207312134997,0.23613179035259835,0.0,0.0,0.0,0.0,0.0,0.0,0.0,0.0,0.0,0.0
2,0.6326530612244898,0.5959183673469388,0.5551020408163265,0.39591836734693875,0.6081632653061224,0.1816326530612245,0.6653061224489796,0.036734693877551024,0.6816326530612244,-0.10816326530612246,0.9224489795918367,0.17551020408163265,0.7714285714285715,0.01020408163265306,0.610204081632653,0.0020408163265306124,0.4959183673469388,0.02040816326530612,0.9918367346938776,0.26326530612244897,0.8183673469387756,0.0653061224489796,0.6693877551020408,0.15306122448979592,0.6346938775510204,0.23061224489795917,1.0,0.363265306122449,0.7714285714285715,0.19387755102040816,0.6571428571428571,0.2979591836734694,0.6755102040816326,0.37142857142857144,0.9612244897959183,0.46122448979591835,0.746938775510204,0.3326530612244898,0.6693877551020408,0.4,0.7020408163265306,0.45714285714285713,0.20748066902160645,0.10988064110279083,0.005100280046463013,-0.021602392196655273,-0.02370712161064148,0.005266159772872925,-0.039705872535705566,0.06124280393123627,0.4796406328678131,0.6534772217273712,-0.3170544505119324,0.01424938440322876,-0.007290869951248169,-0.8302461802959442,-0.03179749846458435,-0.2765812873840332,-0.2374531328678131,-0.24792166617181566,-0.28979688286781313,-0.6395883328384824,-0.2374531328678131,0.09471569392416213,0.0,0.0,0.0,0.0,0.3951488908523473,0.2486123386307762,0.0,0.0,0.0,0.0,0.0,0.0,0.0,0.0,0.0,0.0
2,0.6361788617886179,0.6199186991869918,0.5548780487804879,0.42073170731707316,0.6056910569105691,0.2032520325203252,0.6585365853658537,0.054878048780487805,0.6829268292682927,-0.08739837398373984,0.9227642276422764,0.2032520325203252,0.782520325203252,0.022357723577235773,0.6158536585365854,0.02032520325203252,0.5020325203252033,0.04065040650406504,0.9939024390243902,0.29065040650406504,0.8313008130081301,0.07317073170731707,0.6849593495934959,0.15853658536585366,0.6504065040650406,0.23780487804878048,1.0,0.3882113821138211,0.7621951219512195,0.21138211382113822,0.6544715447154471,0.3231707317073171,0.676829268292683,0.3983739837398374,0.9613821138211383,0.4817073170731707,0.7378048780487805,0.34959349593495936,0.6646341463414634,0.42276422764227645,0.6991869918699187,0.4817073170731707,0.20677101612091064,0.10936611890792847,0.005112648010253906,-0.02117130160331726,-0.023274987936019897,0.004887878894805908,-0.03908625245094299,0.0610576868057251,0.478650838136673,0.655293196439743,-0.3202889561653137,0.014744699001312256,-0.007046833634376526,-0.8335935771465302,-0.032778531312942505,-0.278612345457077,-0.23411958813667297,-0.23168208532863194,-0.28568208813667295,-0.6275154186619653,-0.23411958813667297,0.11235377854771084,0.0,0.0,0.0,0.0,0.39917755345713984,0.26116837398935094,0.0,0.0,0.0,0.0,0.0,0.0,0.0,0.0,0.0,0.0
2,0.6323232323232323,0.6262626262626263,0.5595959595959596,0.4262626262626263,0.602020202020202,0.21212121212121213,0.6464646464646465,0.06868686868686869,0.6727272727272727,-0.0707070707070707,0.9171717171717172,0.2080808080808081,0.7797979797979798,0.03232323232323232,0.6181818181818182,0.030303030303030304,0.503030303030303,0.050505050505050504,0.9919191919191919,0.298989898989899,0.8303030303030303,0.08686868686868687,0.6868686868686869,0.17777777777777778,0.6565656565656566,0.25656565656565655,1.0,0.4,0.7676767676767676,0.22626262626262628,0.6606060606060606,0.3373737373737374,0.6808080808080809,0.4101010101010101,0.9616161616161616,0.494949494949495,0.7393939393939394,0.3616161616161616,0.6666666666666666,0.43434343434343436,0.696969696969697,0.49292929292929294,0.20753365755081177,0.10896499454975128,0.005062907934188843,-0.021700263023376465,-0.0240267813205719,0.004909992218017578,-0.038511961698532104,0.062039971351623535,0.47793450951576233,0.6594251692295074,-0.322579562664032,0.010394036769866943,-0.00795033574104309,-0.8419559299945831,-0.0327301025390625,-0.2834843695163727,-0.23340325951576232,-0.22886961367395187,-0.28340325951576234,-0.6247029470072852,-0.23340325951576232,0.11720802221033311,0.0,0.0,0.0,0.0,0.39897873098421904,0.25433950748840506,0.0,0.0,0.0,0.0,0.0,0.0,0.0,0.0,0.0,0.0
2,0.6305220883534136,0.642570281124498,0.5622489959839357,0.44176706827309237,0.6044176706827309,0.22088353413654618,0.6345381526104418,0.07228915662650602,0.6506024096385542,-0.06626506024096386,0.9236947791164659,0.21485943775100402,0.7871485943775101,0.04417670682730924,0.6224899598393574,0.04417670682730924,0.5060240963855421,0.0642570281124498,0.9939759036144579,0.3032128514056225,0.8353413654618473,0.0963855421686747,0.7008032128514057,0.19678714859437751,0.6746987951807228,0.285140562248996,1.0,0.40562248995983935,0.7811244979919679,0.22690763052208834,0.6767068273092369,0.3353413654618474,0.6987951807228916,0.40763052208835343,0.9598393574297188,0.5040160642570282,0.7469879518072289,0.3674698795180723,0.6746987951807228,0.4357429718875502,0.7068273092369478,0.4919678714859438,0.20815855264663696,0.1090846061706543,0.006124675273895264,-0.021427154541015625,-0.023674190044403076,0.004547059535980225,-0.0380236953496933,0.06313528120517731,0.47870199382305145,0.6615596115589142,-0.3240871727466583,0.005904734134674072,-0.007454410195350647,-0.8427856266498566,-0.03402160108089447,-0.2856478989124298,-0.23338949382305146,-0.21711516711446976,-0.28182699382305143,-0.6171151671144698,-0.23338949382305146,0.13067543920543456,0.0,0.0,0.0,0.0,0.40292206616943926,0.24781896076923537,0.0,0.0,0.0,0.0,0.0,0.0,0.0,0.0,0.0,0.0
2,0.6254980079681275,0.6374501992031872,0.5697211155378487,0.4442231075697211,0.6115537848605578,0.22709163346613545,0.6374501992031872,0.07569721115537849,0.6454183266932271,-0.061752988047808766,0.9243027888446215,0.21314741035856574,0.7908366533864541,0.04780876494023904,0.6274900398406374,0.04780876494023904,0.5119521912350598,0.0697211155378486,0.9900398406374502,0.300796812749004,0.852589641434263,0.09760956175298804,0.7091633466135459,0.1952191235059761,0.6832669322709163,0.28087649402390436,1.0,0.40239043824701193,0.8007968127490039,0.2290836653386454,0.6872509960159362,0.33665338645418325,0.7091633466135459,0.4043824701195219,0.9641434262948207,0.5039840637450199,0.7609561752988048,0.37649402390438247,0.6832669322709163,0.4442231075697211,0.7131474103585658,0.49800796812749004,0.20771127939224243,0.1076955795288086,0.007992386817932129,-0.021988436579704285,-0.02419072389602661,0.0046187639236450195,-0.03754548728466034,0.06388571858406067,0.4809642732143402,0.664820671081543,-0.3280413746833801,-0.0004334449768066406,-0.006015583872795105,-0.858020007610321,-0.03646492958068848,-0.28984418511390686,-0.23565177321434022,-0.22037622663709855,-0.2801830232143402,-0.6162095599704318,-0.23565177321434022,0.13026657369401717,0.0,0.0,0.0,0.0,0.39833034030103737,0.24964132316578463,0.0,0.0,0.0,0.0,0.0,0.0,0.0,0.0,0.0,0.0
2,0.6242774566473989,0.6165703275529865,0.5703275529865125,0.43159922928709055,0.626204238921002,0.21579961464354527,0.6647398843930635,0.06936416184971098,0.6782273603082851,-0.06551059730250482,0.9171483622350675,0.2138728323699422,0.7957610789980732,0.046242774566473986,0.6416184971098265,0.057803468208092484,0.5337186897880539,0.0905587668593449,0.9845857418111753,0.2928709055876686,0.861271676300578,0.1001926782273603,0.7186897880539499,0.18497109826589594,0.674373795761079,0.26204238921001927,1.0,0.3872832369942196,0.8053949903660886,0.22928709055876687,0.6955684007707129,0.3352601156069364,0.7090558766859345,0.4046242774566474,0.9710982658959537,0.4836223506743738,0.7726396917148363,0.3699421965317919,0.6936416184971098,0.4373795761078998,0.7186897880539499,0.48747591522157996,0.2083871066570282,0.10862588882446289,0.009369969367980957,-0.023392140865325928,-0.025526374578475952,0.005612671375274658,-0.03899659216403961,0.06308738887310028,0.4813942313194275,0.6646759510040283,-0.32728302478790283,-0.0001609325408935547,-0.012257635593414307,-0.8600807785987854,-0.036394715309143066,-0.29036521911621094,-0.2282692313194275,-0.2202315065595839,-0.26498798131942747,-0.5993981732262506,-0.2282692313194275,0.1303038265970018,0.0,0.0,0.0,0.0,0.3809404516622954,0.2563615408589179,0.0,0.0,0.0,0.0,0.0,0.0,0.0,0.0,0.0,0.0
2,0.6223908918406073,0.618595825426945,0.5749525616698292,0.43263757115749524,0.6299810246679317,0.222011385199241,0.6641366223908919,0.07590132827324478,0.6717267552182163,-0.05502846299810247,0.9146110056925996,0.2144212523719165,0.7969639468690702,0.051233396584440226,0.6432637571157496,0.058823529411764705,0.5370018975332068,0.08918406072106262,0.9829222011385199,0.29411764705882354,0.8462998102466793,0.11005692599620494,0.7172675521821632,0.2125237191650854,0.698292220113852,0.29601518026565465,1.0,0.3908918406072106,0.8045540796963947,0.23908918406072105,0.7020872865275142,0.34345351043643263,0.7267552182163188,0.4079696394686907,0.9734345351043643,0.4876660341555977,0.7798861480075902,0.3719165085388994,0.7058823529411765,0.4364326375711575,0.7324478178368121,0.4857685009487666,0.20664578676223755,0.10777895152568817,0.009063631296157837,-0.023751407861709595,-0.025524377822875977,0.0045126378536224365,-0.03939148783683777,0.0621604323387146,0.48395875096321106,0.665945291519165,-0.3221481442451477,0.002344489097595215,-0.018520429730415344,-0.8672739267349243,-0.038687825202941895,-0.29135027527809143,-0.22770875096321108,-0.21316751374138726,-0.2628650009632111,-0.6006675137413873,-0.22770875096321108,0.1391490446196662,0.0,0.0,0.0,0.0,0.3890915212569692,0.23817014777281273,0.0,0.0,0.0,0.0,0.0,0.0,0.0,0.0,0.0,0.0
2,0.6212121212121212,0.6060606060606061,0.5738636363636364,0.42803030303030304,0.6287878787878788,0.2215909090909091,0.6704545454545454,0.07575757575757576,0.6950757575757576,-0.05113636363636364,0.9185606060606061,0.2159090909090909,0.8049242424242424,0.045454545454545456,0.6477272727272727,0.05303030303030303,0.5378787878787878,0.08143939393939394,0.9848484848484849,0.2935606060606061,0.8484848484848485,0.09848484848484848,0.7196969696969697,0.20454545454545456,0.7083333333333334,0.2878787878787879,1.0,0.38636363636363635,0.8087121212121212,0.22727272727272727,0.7045454545454546,0.3390151515151515,0.7310606060606061,0.4053030303030303,0.9734848484848485,0.48295454545454547,0.7897727272727273,0.36363636363636365,0.7121212121212122,0.42803030303030304,0.7386363636363636,0.4772727272727273,0.20570427179336548,0.10822799801826477,0.009291410446166992,-0.023767471313476562,-0.025520801544189453,0.004017293453216553,-0.03961634635925293,0.06076669692993164,0.48495951294898987,0.6662564277648926,-0.3200203776359558,0.0019789934158325195,-0.018007561564445496,-0.8680306673049927,-0.03936043381690979,-0.2914670407772064,-0.2287095129489899,-0.22181198332044816,-0.2630845129489899,-0.6065342055426703,-0.2287095129489899,0.13099644747045303,0.0,0.0,0.0,0.0,0.38625487556353894,0.23608462116515433,0.0,0.0,0.0,0.0,0.0,0.0,0.0,0.0,0.0,0.0
2,0.6240458015267175,0.6145038167938931,0.5725190839694656,0.43320610687022904,0.6259541984732825,0.22900763358778625,0.6736641221374046,0.08969465648854962,0.700381679389313,-0.03816793893129771,0.9122137404580153,0.21755725190839695,0.8015267175572519,0.05343511450381679,0.6507633587786259,0.05534351145038168,0.5400763358778626,0.08206106870229007,0.982824427480916,0.29770992366412213,0.8416030534351145,0.1183206106870229,0.7194656488549618,0.22709923664122136,0.7061068702290076,0.3110687022900763,1.0,0.3950381679389313,0.8034351145038168,0.2480916030534351,0.7061068702290076,0.35877862595419846,0.7290076335877863,0.4255725190839695,0.9751908396946565,0.49236641221374045,0.7900763358778626,0.37786259541984735,0.7194656488549618,0.44274809160305345,0.7442748091603053,0.49236641221374045,0.20527949929237366,0.10903510451316833,0.00891721248626709,-0.022992312908172607,-0.025259941816329956,0.005589395761489868,-0.03877970576286316,0.06144082546234131,0.4851168096065521,0.6689378023147583,-0.31978124380111694,-0.003633737564086914,-0.016684874892234802,-0.8650810718536377,-0.0394766628742218,-0.29391926527023315,-0.2296480596065521,-0.22171558009253606,-0.26402305960655215,-0.6092155800925361,-0.2296480596065521,0.132491652501954,0.0,0.0,0.0,0.0,0.38902170970911126,0.22337390436255894,0.0,0.0,0.0,0.0,0.0,0.0,0.0,0.0,0.0,0.0
2,0.6213592233009708,0.6349514563106796,0.5631067961165048,0.4388349514563107,0.6194174757281553,0.23883495145631067,0.6699029126213593,0.10097087378640776,0.6990291262135923,-0.03300970873786408,0.9106796116504854,0.229126213592233,0.7941747572815534,0.05825242718446602,0.6368932038834951,0.06796116504854369,0.5262135922330097,0.09902912621359224,0.9844660194174757,0.312621359223301,0.8446601941747572,0.11262135922330097,0.7126213592233009,0.19805825242718447,0.6893203883495146,0.27184466019417475,1.0,0.4097087378640777,0.7902912621359224,0.2543689320388349,0.6893203883495146,0.3611650485436893,0.7126213592233009,0.429126213592233,0.9728155339805825,0.5067961165048543,0.7747572815533981,0.3883495145631068,0.7067961165048544,0.45436893203883494,0.7339805825242719,0.5048543689320388,0.2048911452293396,0.10876809060573578,0.006963282823562622,-0.022315382957458496,-0.02436491847038269,0.004362434148788452,-0.038930460810661316,0.061166346073150635,0.4861118793487549,0.66901895403862,-0.32118475437164307,-0.0032936930656433105,-0.01616629958152771,-0.8660146296024323,-0.03930988907814026,-0.2938472628593445,-0.23611187934875488,-0.21485228737195333,-0.27439312934875487,-0.5981856207052867,-0.23611187934875488,0.1393121341864268,0.0,0.0,0.0,0.0,0.3852400531435003,0.26115764086105514,0.0,0.0,0.0,0.0,0.0,0.0,0.0,0.0,0.0,0.0
2,0.62109375,0.642578125,0.568359375,0.4453125,0.623046875,0.2421875,0.677734375,0.109375,0.712890625,-0.01953125,0.91015625,0.2421875,0.79296875,0.06640625,0.638671875,0.068359375,0.53125,0.09765625,0.982421875,0.326171875,0.84375,0.123046875,0.708984375,0.220703125,0.69140625,0.298828125,1.0,0.423828125,0.7890625,0.265625,0.6875,0.376953125,0.712890625,0.4453125,0.974609375,0.521484375,0.77734375,0.396484375,0.705078125,0.462890625,0.734375,0.51171875,0.20548146963119507,0.10840871930122375,0.005428731441497803,-0.02215975522994995,-0.024561777710914612,0.004327744245529175,-0.03957964479923248,0.06110948324203491,0.4880230724811554,0.6652670800685883,-0.3218623995780945,0.005084574222564697,-0.022901564836502075,-0.8667075335979462,-0.03887695074081421,-0.2927168011665344,-0.2395855724811554,-0.20832263562414383,-0.2755230724811554,-0.5958226356241438,-0.2395855724811554,0.1437493797805574,0.0,0.0,0.0,0.0,0.38916288865493065,0.24605711134765662,0.0,0.0,0.0,0.0,0.0,0.0,0.0,0.0,0.0,0.0
2,0.6196078431372549,0.6490196078431373,0.5647058823529412,0.4549019607843137,0.6215686274509804,0.2529411764705882,0.6803921568627451,0.11960784313725491,0.7215686274509804,-0.00784313725490196,0.9098039215686274,0.24705882352941178,0.7901960784313725,0.07450980392156863,0.6372549019607843,0.07647058823529412,0.5294117647058824,0.10196078431372549,0.9823529411764705,0.33137254901960783,0.8431372549019608,0.12941176470588237,0.7,0.21372549019607842,0.6784313725490196,0.2823529411764706,1.0,0.43333333333333335,0.788235294117647,0.2803921568627451,0.6823529411764706,0.39019607843137255,0.707843137254902,0.4549019607843137,0.9764705882352941,0.5333333333333333,0.7803921568627451,0.4117647058823529,0.7058823529411765,0.4764705882352941,0.7352941176470589,0.5254901960784314,0.20612621307373047,0.1087227463722229,0.003670930862426758,-0.022244229912757874,-0.02477872371673584,0.004600346088409424,-0.03977149724960327,0.060800328850746155,0.4894838184118271,0.6609187722206116,-0.32250168919563293,0.013501524925231934,-0.0241890549659729,-0.8669334650039673,-0.038047149777412415,-0.29180407524108887,-0.24260881841182708,-0.20119654999838937,-0.2785463184118271,-0.5886965499983894,-0.24260881841182708,0.14828641100062262,0.0,0.0,0.0,0.0,0.38916288865493065,0.2607775855442706,0.0,0.0,0.0,0.0,0.0,0.0,0.0,0.0,0.0,0.0
2,0.62426614481409,0.6594911937377691,0.5636007827788649,0.45792563600782776,0.6203522504892368,0.25440313111545987,0.6790606653620352,0.11937377690802348,0.7201565557729941,-0.005870841487279843,0.9080234833659491,0.2563600782778865,0.7906066536203522,0.08414872798434442,0.6379647749510763,0.08414872798434442,0.5303326810176126,0.1095890410958904,0.9843444227005871,0.3424657534246575,0.8434442270058709,0.13894324853228962,0.700587084148728,0.22896281800391388,0.6829745596868885,0.3013698630136986,1.0,0.44227005870841485,0.7886497064579256,0.2896281800391389,0.6810176125244618,0.3953033268101761,0.7084148727984344,0.4598825831702544,0.974559686888454,0.538160469667319,0.776908023483366,0.41682974559686886,0.7025440313111546,0.48140900195694714,0.735812133072407,0.5303326810176126,0.20601505041122437,0.10501250624656677,0.0021619200706481934,-0.019232481718063354,-0.021167606115341187,0.004923343658447266,-0.041107743978500366,0.058966800570487976,0.49121275544166565,0.6595783829689026,-0.3261803984642029,0.01630222797393799,-0.023476779460906982,-0.8682947754859924,-0.03886476159095764,-0.2915742099285126,-0.24199400544166566,-0.19152282741334703,-0.27949400544166564,-0.5818006051911249,-0.24199400544166566,0.15769874486658308,0.0,0.0,0.0,0.0,0.39207524000778277,0.25524500161745467,0.0,0.0,0.0,0.0,0.0,0.0,0.0,0.0,0.0,0.0
2,0.6257309941520468,0.6569200779727096,0.5653021442495126,0.4580896686159844,0.6179337231968811,0.2553606237816764,0.6783625730994152,0.12475633528265107,0.7212475633528265,0.0,0.9083820662768031,0.24951267056530213,0.783625730994152,0.08187134502923976,0.6335282651072125,0.08382066276803118,0.5282651072124757,0.1111111111111111,0.9824561403508771,0.33528265107212474,0.8284600389863548,0.1442495126705653,0.695906432748538,0.24561403508771928,0.6842105263157895,0.31968810916179335,1.0,0.4346978557504873,0.7855750487329435,0.2884990253411306,0.6842105263157895,0.39766081871345027,0.7115009746588694,0.46393762183235865,0.9746588693957114,0.5341130604288499,0.7777777777777778,0.4171539961013645,0.7056530214424951,0.48148148148148145,0.7348927875243665,0.530214424951267,0.2066395878791809,0.10632537305355072,0.0030929148197174072,-0.021090328693389893,-0.023724526166915894,0.0043891072273254395,-0.04016546905040741,0.06022652983665466,0.49163883924484253,0.6604110598564148,-0.32913482189178467,0.019024372100830078,-0.02471703290939331,-0.8696422576904297,-0.0390227735042572,-0.2923634350299835,-0.24085758924484252,-0.19235550430085924,-0.2799200892448425,-0.5812443931897482,-0.24085758924484252,0.15736141237947676,0.0,0.0,0.0,0.0,0.39084580950482833,0.2414181577679632,0.0,0.0,0.0,0.0,0.0,0.0,0.0,0.0,0.0,0.0
2,0.62109375,0.64453125,0.564453125,0.453125,0.619140625,0.248046875,0.673828125,0.111328125,0.705078125,-0.017578125,0.908203125,0.2421875,0.78125,0.076171875,0.634765625,0.0859375,0.533203125,0.1171875,0.982421875,0.326171875,0.826171875,0.13671875,0.689453125,0.232421875,0.673828125,0.3046875,1.0,0.427734375,0.787109375,0.283203125,0.681640625,0.392578125,0.70703125,0.455078125,0.9765625,0.52734375,0.78125,0.4140625,0.70703125,0.478515625,0.736328125,0.525390625,0.20631110668182373,0.10651513934135437,0.0031620264053344727,-0.022050857543945312,-0.024475842714309692,0.0043718814849853516,-0.040278106927871704,0.06049790978431702,0.49170489609241486,0.6602236330509186,-0.3293207585811615,0.020166456699371338,-0.02599698305130005,-0.8696088492870331,-0.03910131752490997,-0.2919491231441498,-0.24326739609241485,-0.20189029971758526,-0.2784236460924149,-0.5768902997175852,-0.24326739609241485,0.147772175570329,0.0,0.0,0.0,0.0,0.37664434406222336,0.24258549846773667,0.0,0.0,0.0,0.0,0.0,0.0,0.0,0.0,0.0,0.0
2,0.6281800391389433,0.6594911937377691,0.5694716242661448,0.4598825831702544,0.6144814090019569,0.2583170254403131,0.6712328767123288,0.12915851272015655,0.7162426614481409,0.0019569471624266144,0.9080234833659491,0.25048923679060664,0.7827788649706457,0.08023483365949119,0.6320939334637965,0.08414872798434442,0.5264187866927593,0.11154598825831702,0.9823874755381604,0.33463796477495106,0.8277886497064579,0.14285714285714285,0.6986301369863014,0.2446183953033268,0.6868884540117417,0.32093933463796476,1.0,0.4324853228962818,0.7847358121330724,0.2857142857142857,0.684931506849315,0.3953033268101761,0.7123287671232876,0.4598825831702544,0.974559686888454,0.5303326810176126,0.7749510763209393,0.41682974559686886,0.7064579256360078,0.48140900195694714,0.735812133072407,0.5283757338551859,0.20607885718345642,0.10599377751350403,0.0036695003509521484,-0.02168312668800354,-0.02411937713623047,0.004660189151763916,-0.039773255586624146,0.061126962304115295,0.4916309118270874,0.6598192453384399,-0.3293306827545166,0.02136361598968506,-0.02658441662788391,-0.8696141839027405,-0.038776904344558716,-0.29130229353904724,-0.2408496618270874,-0.19176368978288438,-0.2814746618270874,-0.5806525786717733,-0.2408496618270874,0.15753438505861495,0.0,0.0,0.0,0.0,0.3910050620212411,0.2414181577679632,0.0,0.0,0.0,0.0,0.0,0.0,0.0,0.0,0.0,0.0
2,0.6186770428015564,0.6459143968871596,0.5642023346303502,0.4474708171206226,0.6186770428015564,0.2490272373540856,0.6770428015564203,0.11478599221789883,0.7101167315175098,-0.017509727626459144,0.9182879377431906,0.25486381322957197,0.7879377431906615,0.08560311284046693,0.6342412451361867,0.08560311284046693,0.5252918287937743,0.11284046692607004,0.9883268482490273,0.3424124513618677,0.8249027237354085,0.14785992217898833,0.6926070038910506,0.24708171206225682,0.6809338521400778,0.321011673151751,1.0,0.44163424124513617,0.77431906614786,0.28793774319066145,0.6750972762645915,0.3949416342412451,0.7042801556420234,0.4571984435797665,0.9669260700389105,0.5408560311284046,0.7645914396887159,0.4163424124513619,0.6926070038910506,0.4785992217898833,0.7237354085603113,0.5272373540856031,0.20597165822982788,0.10591338574886322,0.0033240020275115967,-0.021984755992889404,-0.024289727210998535,0.0049065351486206055,-0.04043450951576233,0.06034703552722931,0.49296900629997253,0.6585908830165863,-0.3309081196784973,0.023724377155303955,-0.03102998435497284,-0.8690308034420013,-0.04010331630706787,-0.289725124835968,-0.24453150629997253,-0.19747977190547517,-0.28203150629997253,-0.5780353274610307,-0.24453150629997253,0.15186732775635192,0.0,0.0,0.0,0.0,0.3823987197470692,0.2332878593254308,0.0,0.0,0.0,0.0,0.0,0.0,0.0,0.0,0.0,0.0
2,0.626953125,0.6640625,0.5703125,0.44921875,0.626953125,0.25,0.6796875,0.1171875,0.7109375,-0.017578125,0.935546875,0.26171875,0.80078125,0.0859375,0.64453125,0.0859375,0.53125,0.109375,0.998046875,0.3515625,0.826171875,0.158203125,0.705078125,0.25390625,0.693359375,0.328125,1.0,0.455078125,0.763671875,0.30078125,0.673828125,0.40625,0.703125,0.466796875,0.958984375,0.552734375,0.744140625,0.427734375,0.685546875,0.494140625,0.720703125,0.54296875,0.20560228824615479,0.10561718046665192,0.003937274217605591,-0.021608054637908936,-0.02390006184577942,0.004792511463165283,-0.040504664182662964,0.06007581949234009,0.49328169226646423,0.6585434377193451,-0.33070236444473267,0.02338463068008423,-0.030018344521522522,-0.8699147999286652,-0.0403103232383728,-0.2890782654285431,-0.24250044226646422,-0.18632121549712288,-0.2807816922664642,-0.5807656599415674,-0.24250044226646422,0.16310566498173606,0.0,0.0,0.0,0.0,0.39629770861645025,0.24036111923690548,0.0,0.0,0.0,0.0,0.0,0.0,0.0,0.0,0.0,0.0
2,0.6301369863013698,0.6614481409001957,0.5675146771037182,0.44227005870841485,0.6262230919765166,0.25048923679060664,0.6810176125244618,0.11741682974559686,0.7084148727984344,-0.019569471624266144,0.9471624266144814,0.2602739726027397,0.7964774951076321,0.08610567514677103,0.6360078277886497,0.09001956947162426,0.5303326810176126,0.11937377690802348,1.0,0.3561643835616438,0.8062622309197651,0.1761252446183953,0.6947162426614482,0.27788649706457924,0.6868884540117417,0.35812133072407043,0.9882583170254403,0.461839530332681,0.7416829745596869,0.3150684931506849,0.6575342465753424,0.4090019569471624,0.684931506849315,0.4657534246575342,0.9354207436399217,0.5596868884540117,0.7142857142857143,0.44227005870841485,0.6536203522504892,0.49706457925636005,0.6810176125244618,0.5440313111545988,0.20536887645721436,0.10523705184459686,0.00430867075920105,-0.02160745859146118,-0.02389952540397644,0.004833489656448364,-0.040374159812927246,0.05985410511493683,0.4934404492378235,0.6583765745162964,-0.330269455909729,0.023098468780517578,-0.02970874309539795,-0.8692293763160706,-0.04035365581512451,-0.28840845823287964,-0.24187794923782346,-0.18893213007185194,-0.2817216992378235,-0.5736543522940741,-0.24187794923782346,0.1604329850938585,0.0,0.0,0.0,0.0,0.386779927976708,0.21646668858972454,0.0,0.0,0.0,0.0,0.0,0.0,0.0,0.0,0.0,0.0
2,0.6647058823529411,0.696078431372549,0.5862745098039216,0.4588235294117647,0.6392156862745098,0.2607843137254902,0.692156862745098,0.12156862745098039,0.7137254901960784,-0.027450980392156862,0.9705882352941176,0.28431372549019607,0.7980392156862746,0.09607843137254903,0.6215686274509804,0.09215686274509804,0.5137254901960784,0.10980392156862745,1.0,0.3843137254901961,0.7764705882352941,0.1803921568627451,0.6627450980392157,0.2803921568627451,0.6647058823529411,0.36470588235294116,0.9607843137254902,0.48627450980392156,0.6823529411764706,0.3156862745098039,0.6039215686274509,0.4117647058823529,0.6450980392156863,0.4725490196078431,0.884313725490196,0.5803921568627451,0.6549019607843137,0.4411764705882353,0.6019607843137255,0.4980392156862745,0.6392156862745098,0.5450980392156862,0.20525676012039185,0.10495002567768097,0.00481906533241272,-0.021796584129333496,-0.023800373077392578,0.004879772663116455,-0.040669143199920654,0.05958998203277588,0.49356091022491455,0.6560280621051788,-0.329256534576416,0.02696889638900757,-0.03156059980392456,-0.8634402453899384,-0.0404701828956604,-0.2854694426059723,-0.22871716022491456,-0.16297250654962325,-0.28887341022491453,-0.5782502843274011,-0.22871716022491456,0.18527661595079636,0.0,0.0,0.0,0.0,0.4196122104158933,0.23472222222222222,0.0,0.0,0.0,0.0,0.0,0.0,0.0,0.0,0.0,0.0
2,0.6732283464566929,0.6968503937007874,0.6161417322834646,0.4566929133858268,0.6633858267716536,0.2559055118110236,0.7066929133858267,0.11220472440944881,0.7263779527559056,-0.03543307086614173,0.984251968503937,0.2854330708661417,0.797244094488189,0.09645669291338582,0.6181102362204725,0.09055118110236221,0.5039370078740157,0.1062992125984252,1.0,0.38779527559055116,0.7618110236220472,0.19094488188976377,0.6673228346456693,0.29133858267716534,0.6791338582677166,0.36811023622047245,0.952755905511811,0.49015748031496065,0.6712598425196851,0.32086614173228345,0.6122047244094488,0.41338582677165353,0.6633858267716536,0.468503937007874,0.8661417322834646,0.5826771653543307,0.6279527559055118,0.4409448818897638,0.5905511811023622,0.4940944881889764,0.6437007874015748,0.5374015748031497,0.20531246066093445,0.1058729887008667,0.004257917404174805,-0.022605597972869873,-0.02471652626991272,0.004934877157211304,-0.040105029940605164,0.06018206477165222,0.49369773268699646,0.6545545756816864,-0.3289416432380676,0.026132285594940186,-0.031425878405570984,-0.8623228371143341,-0.040735095739364624,-0.28378570079803467,-0.22651023268699644,-0.16288790901501976,-0.29369773268699645,-0.5795545756816864,-0.22651023268699644,0.18475692669550575,0.0,0.0,0.0,0.0,0.4220488967730648,0.23195628569345658,0.0,0.0,0.0,0.0,0.0,0.0,0.0,0.0,0.0,0.0
2,0.6992031872509961,0.7071713147410359,0.6613545816733067,0.46613545816733065,0.6972111553784861,0.26095617529880477,0.7231075697211156,0.10956175298804781,0.7410358565737052,-0.035856573705179286,1.0,0.30677290836653387,0.8087649402390438,0.10358565737051793,0.6294820717131474,0.09561752988047809,0.5099601593625498,0.10956175298804781,0.99800796812749,0.4123505976095618,0.7689243027888446,0.19322709163346613,0.6872509960159362,0.2908366533864542,0.7051792828685259,0.3665338645418327,0.9402390438247012,0.5119521912350598,0.6673306772908366,0.3286852589641434,0.6254980079681275,0.41832669322709165,0.6872509960159362,0.47410358565737054,0.8466135458167331,0.599601593625498,0.6215139442231076,0.44621513944223107,0.599601593625498,0.4940239043824701,0.6633466135458167,0.5358565737051793,0.20583152770996094,0.10681432485580444,0.0042473673820495605,-0.022538751363754272,-0.024686425924301147,0.004830121994018555,-0.03997249901294708,0.060830339789390564,0.4953576922416687,0.6539969742298126,-0.3304741382598877,0.02280646562576294,-0.030673131346702576,-0.8756299316883087,-0.04339039325714111,-0.2831619083881378,-0.2211389422416687,-0.16094141867425704,-0.2953576922416687,-0.5776080853409238,-0.2211389422416687,0.18775226506921983,0.0,0.0,0.0,0.0,0.4232251575257237,0.2375115642743791,0.0,0.0,0.0,0.0,0.0,0.0,0.0,0.0,0.0,0.0
2,0.695049504950495,0.700990099009901,0.6435643564356436,0.4633663366336634,0.6792079207920793,0.26732673267326734,0.7128712871287128,0.12079207920792079,0.7425742574257426,-0.023762376237623763,0.9900990099009901,0.3069306930693069,0.803960396039604,0.11089108910891089,0.6257425742574257,0.10297029702970296,0.504950495049505,0.11683168316831684,1.0,0.41386138613861384,0.7722772277227723,0.2,0.6871287128712872,0.29306930693069305,0.7029702970297029,0.3683168316831683,0.9465346534653465,0.5148514851485149,0.6712871287128713,0.3405940594059406,0.6257425742574257,0.42376237623762375,0.6851485148514852,0.4772277227722772,0.8554455445544554,0.601980198019802,0.6237623762376238,0.45742574257425744,0.598019801980198,0.504950495049505,0.6613861386138614,0.5425742574257426,0.20576953887939453,0.10773628950119019,0.0036591291427612305,-0.022654473781585693,-0.024856269359588623,0.005094856023788452,-0.04011449217796326,0.06063587963581085,0.495619535446167,0.6528656482696533,-0.3300532102584839,0.020369529724121094,-0.02929605543613434,-0.8766117691993713,-0.04407539963722229,-0.2820757031440735,-0.22140078544616698,-0.16119898160298668,-0.296400785446167,-0.5709212038252088,-0.22140078544616698,0.18727154235045113,0.0,0.0,0.0,0.0,0.41653007020227967,0.23335425873432097,0.0,0.0,0.0,0.0,0.0,0.0,0.0,0.0,0.0,0.0
2,0.6778656126482213,0.6798418972332015,0.6185770750988142,0.4505928853754941,0.6620553359683794,0.2628458498023715,0.7035573122529645,0.12648221343873517,0.733201581027668,-0.011857707509881422,0.9822134387351779,0.2984189723320158,0.8023715415019763,0.11462450592885376,0.6264822134387352,0.11067193675889328,0.5138339920948617,0.12648221343873517,1.0,0.4031620553359684,0.7727272727272727,0.2075098814229249,0.6857707509881423,0.30237154150197626,0.7094861660079052,0.37351778656126483,0.9545454545454546,0.5079051383399209,0.6837944664031621,0.3458498023715415,0.6264822134387352,0.4268774703557312,0.6798418972332015,0.4782608695652174,0.8675889328063241,0.5988142292490118,0.6403162055335968,0.466403162055336,0.6027667984189723,0.5098814229249012,0.658102766798419,0.549407114624506,0.20539188385009766,0.108625128865242,0.004035264253616333,-0.022851645946502686,-0.025040477514266968,0.005164235830307007,-0.040445148944854736,0.06017819046974182,0.4954832196235657,0.6524801850318909,-0.3297691345214844,0.019422531127929688,-0.029044508934020996,-0.8711986541748047,-0.04579249024391174,-0.2816697955131531,-0.2275144696235657,-0.17470240725411307,-0.2923582196235657,-0.563591296143002,-0.2275144696235657,0.17443393038378824,0.0,0.0,0.0,0.0,0.3942578849120168,0.21564037563716654,0.0,0.0,0.0,0.0,0.0,0.0,0.0,0.0,0.0,0.0
2,0.6640471512770137,0.6738703339882122,0.6011787819253438,0.4538310412573674,0.6483300589390962,0.27111984282907664,0.6895874263261297,0.13948919449901767,0.7131630648330058,0.007858546168958742,0.9646365422396856,0.29273084479371314,0.7996070726915521,0.12573673870333987,0.6404715127701375,0.12573673870333987,0.5363457760314342,0.14341846758349705,1.0,0.3929273084479371,0.787819253438114,0.2200392927308448,0.6994106090373281,0.31237721021611004,0.7111984282907662,0.38703339882121807,0.9666011787819253,0.4950884086444008,0.7013752455795678,0.35363457760314343,0.6385068762278978,0.43418467583497056,0.6856581532416502,0.48330058939096265,0.8939096267190569,0.5854616895874263,0.6620825147347741,0.47347740667976423,0.6168958742632613,0.518664047151277,0.6620825147347741,0.5520628683693517,0.20476365089416504,0.1080445945262909,0.004016697406768799,-0.022803425788879395,-0.024908334016799927,0.005020320415496826,-0.040861427783966064,0.05996926128864288,0.49561217427253723,0.65286785364151,-0.33217257261276245,0.02004373073577881,-0.02908828854560852,-0.8699660897254944,-0.04702436923980713,-0.2819662094116211,-0.23154967427253725,-0.17647896475262115,-0.28233092427253725,-0.5514789647526211,-0.23154967427253725,0.17346714668803742,0.0,0.0,0.0,0.0,0.37842269402291734,0.20364279918645245,0.0,0.0,0.0,0.0,0.0,0.0,0.0,0.0,0.0,0.0
2,0.6732283464566929,0.6791338582677166,0.6082677165354331,0.46653543307086615,0.6515748031496063,0.281496062992126,0.6929133858267716,0.1515748031496063,0.7125984251968503,0.01968503937007874,0.9606299212598425,0.2992125984251969,0.8090551181102362,0.14173228346456693,0.6515748031496063,0.13976377952755906,0.5393700787401575,0.15748031496062992,1.0,0.3956692913385827,0.8070866141732284,0.2283464566929134,0.7165354330708661,0.3169291338582677,0.7125984251968503,0.3937007874015748,0.9744094488188977,0.49803149606299213,0.7204724409448819,0.36023622047244097,0.65748031496063,0.4409448818897638,0.6988188976377953,0.4940944881889764,0.90748031496063,0.5905511811023622,0.6830708661417323,0.4822834645669291,0.6358267716535433,0.5295275590551181,0.6771653543307087,0.5649606299212598,0.20440757274627686,0.10828244686126709,0.003563106060028076,-0.022851526737213135,-0.024955421686172485,0.004559993743896484,-0.041180312633514404,0.05950029194355011,0.49417780339717865,0.6548470854759216,-0.3329983055591583,0.0216829776763916,-0.029410794377326965,-0.8629245162010193,-0.04562000930309296,-0.2843029499053955,-0.22699030339717863,-0.17568041880925495,-0.28011530339717866,-0.5437359743648105,-0.22699030339717863,0.17455312858025235,0.0,0.0,0.0,0.0,0.371869812703732,0.20199412167907568,0.0,0.0,0.0,0.0,0.0,0.0,0.0,0.0,0.0,0.0
2,0.6791338582677166,0.6889763779527559,0.6141732283464567,0.484251968503937,0.65748031496063,0.2992125984251969,0.6968503937007874,0.1673228346456693,0.718503937007874,0.03543307086614173,0.9566929133858267,0.3110236220472441,0.8169291338582677,0.15551181102362205,0.6633858267716536,0.15748031496062992,0.5551181102362205,0.17716535433070865,1.0,0.40551181102362205,0.8188976377952756,0.24015748031496062,0.7224409448818898,0.328740157480315,0.718503937007874,0.40551181102362205,0.9822834645669292,0.5078740157480315,0.734251968503937,0.37401574803149606,0.6653543307086615,0.4566929133858268,0.7007874015748031,0.5118110236220472,0.9232283464566929,0.6003937007874016,0.6988188976377953,0.49606299212598426,0.6456692913385826,0.5433070866141733,0.6830708661417323,0.5787401574803149,0.20291456580162048,0.10537993907928467,0.0018601417541503906,-0.018308937549591064,-0.020003855228424072,0.004485130310058594,-0.0416940301656723,0.05684716999530792,0.49241475760936737,0.656825989484787,-0.3338766396045685,0.023631513118743896,-0.03032320737838745,-0.8603569567203522,-0.04362864792346954,-0.28689393401145935,-0.22288350760936737,-0.17071487837367588,-0.27210225760936735,-0.531825989484787,-0.22288350760936737,0.17951244033045238,0.0,0.0,0.0,0.0,0.36444988670524203,0.20060942307130045,0.0,0.0,0.0,0.0,0.0,0.0,0.0,0.0,0.0,0.0
2,0.6712328767123288,0.700587084148728,0.6125244618395304,0.4931506849315068,0.6575342465753424,0.3111545988258317,0.6927592954990215,0.18003913894324852,0.7123287671232876,0.05283757338551859,0.9510763209393346,0.324853228962818,0.8082191780821918,0.17221135029354206,0.6634050880626223,0.17221135029354206,0.5577299412915852,0.18786692759295498,1.0,0.41487279843444225,0.8140900195694716,0.2583170254403131,0.7279843444227005,0.350293542074364,0.7299412915851272,0.4227005870841487,0.9863013698630136,0.5166340508806262,0.7436399217221135,0.38943248532289626,0.6810176125244618,0.46966731898238745,0.7201565557729941,0.5185909980430529,0.9295499021526419,0.6105675146771037,0.7181996086105675,0.5088062622309197,0.675146771037182,0.5557729941291585,0.7181996086105675,0.5909980430528375,0.19990956783294678,0.1030554473400116,0.0004900097846984863,-0.020486921072006226,-0.022449731826782227,0.0040808916091918945,-0.04226920008659363,0.05602869391441345,0.48660895228385925,0.6595480442047119,-0.3318689465522766,0.02900516986846924,-0.03209565579891205,-0.8524706959724426,-0.03592163324356079,-0.29037901759147644,-0.21864020228385928,-0.16232582198248968,-0.26395270228385925,-0.5262147108713786,-0.21864020228385928,0.18540901674164667,0.0,0.0,0.0,0.0,0.36669925840263184,0.19860997292311788,0.0,0.0,0.0,0.0,0.0,0.0,0.0,0.0,0.0,0.0
2,0.6627680311890838,0.7056530214424951,0.6159844054580896,0.49707602339181284,0.6647173489278753,0.31773879142300193,0.7037037037037037,0.1871345029239766,0.7212475633528265,0.06042884990253411,0.9415204678362573,0.3255360623781676,0.8070175438596491,0.1793372319688109,0.6627680311890838,0.18128654970760233,0.5594541910331384,0.20077972709551656,1.0,0.4152046783625731,0.8245614035087719,0.25925925925925924,0.7290448343079922,0.35477582846003897,0.7270955165692008,0.43079922027290446,0.9941520467836257,0.5146198830409356,0.7641325536062378,0.3898635477582846,0.6920077972709552,0.47368421052631576,0.7270955165692008,0.5243664717348928,0.9434697855750487,0.6042884990253411,0.732943469785575,0.5107212475633528,0.6861598440545809,0.5653021442495126,0.7270955165692008,0.6042884990253411,0.19864404201507568,0.10306176543235779,-0.00016641616821289062,-0.021936222910881042,-0.023656249046325684,0.004522204399108887,-0.043396592140197754,0.055472806096076965,0.47544094920158386,0.6623864769935608,-0.331063449382782,0.031827569007873535,-0.023424506187438965,-0.8414382338523865,-0.024757415056228638,-0.2932487726211548,-0.20981594920158386,-0.15960869921578302,-0.25122219920158384,-0.5193309214380053,-0.20981594920158386,0.1839632468091117,0.0,0.0,0.0,0.0,0.36209743812896045,0.19752308041342137,0.0,0.0,0.0,0.0,0.0,0.0,0.0,0.0,0.0,0.0
2,0.6569200779727096,0.695906432748538,0.6062378167641326,0.50682261208577,0.6608187134502924,0.32748538011695905,0.7056530214424951,0.20077972709551656,0.7251461988304093,0.07797270955165692,0.9395711500974658,0.3235867446393762,0.8070175438596491,0.18323586744639375,0.6627680311890838,0.1871345029239766,0.5614035087719298,0.21052631578947367,0.9980506822612085,0.4093567251461988,0.8304093567251462,0.2709551656920078,0.7309941520467836,0.3645224171539961,0.732943469785575,0.4346978557504873,1.0,0.50682261208577,0.7777777777777778,0.3996101364522417,0.7017543859649122,0.4853801169590643,0.7348927875243665,0.530214424951267,0.9610136452241715,0.6003898635477583,0.7563352826510721,0.5165692007797271,0.7056530214424951,0.5750487329434698,0.7446393762183235,0.6120857699805068,0.196702241897583,0.10200060904026031,0.0006660521030426025,-0.019890010356903076,-0.021598204970359802,0.0033787190914154053,-0.04397222399711609,0.05312472581863403,0.4678490161895752,0.6639159321784973,-0.32894742488861084,0.028551697731018066,-0.01431971788406372,-0.8417569994926453,-0.018005788326263428,-0.29640087485313416,-0.20456776618957517,-0.16808259884516397,-0.2428490161895752,-0.5139159321784973,-0.20456776618957517,0.1728782614072164,0.0,0.0,0.0,0.0,0.3479456114768613,0.18858868048102687,0.0,0.0,0.0,0.0,0.0,0.0,0.0,0.0,0.0,0.0
2,0.6486486486486487,0.6756756756756757,0.6061776061776062,0.4980694980694981,0.6544401544401545,0.3223938223938224,0.696911196911197,0.20270270270270271,0.722007722007722,0.08494208494208494,0.9362934362934363,0.3185328185328185,0.8108108108108109,0.18146718146718147,0.6698841698841699,0.1891891891891892,0.5675675675675675,0.21428571428571427,0.9942084942084942,0.4015444015444015,0.8378378378378378,0.2625482625482625,0.7413127413127413,0.35714285714285715,0.7335907335907336,0.4305019305019305,1.0,0.4942084942084942,0.7915057915057915,0.38223938223938225,0.7142857142857143,0.47104247104247104,0.7374517374517374,0.5193050193050193,0.9652509652509652,0.5868725868725869,0.7741312741312741,0.5,0.7181467181467182,0.555984555984556,0.7451737451737451,0.5945945945945946,0.1925574243068695,0.09967571496963501,0.0005359649658203125,-0.01832440495491028,-0.020025163888931274,0.0026563405990600586,-0.04123149812221527,0.05351504683494568,0.46851445734500885,0.664164811372757,-0.3272716701030731,0.027767837047576904,-0.015142947435379028,-0.843402236700058,-0.020005419850349426,-0.29778027534484863,-0.20601445734500884,-0.17805370026164585,-0.23882695734500886,-0.5099981447060903,-0.20601445734500884,0.16403141534990734,0.0,0.0,0.0,0.0,0.3335622495933568,0.17970720839314372,0.0,0.0,0.0,0.0,0.0,0.0,0.0,0.0,0.0,0.0
2,0.6568047337278107,0.7061143984220908,0.611439842209073,0.504930966469428,0.6627218934911243,0.33136094674556216,0.7001972386587771,0.20907297830374755,0.7218934911242604,0.08678500986193294,0.9447731755424064,0.3333333333333333,0.8106508875739645,0.1932938856015779,0.6666666666666666,0.1952662721893491,0.5641025641025641,0.21696252465483234,1.0,0.4181459566074951,0.8303747534516766,0.2702169625246548,0.7357001972386588,0.36489151873767256,0.7297830374753451,0.4378698224852071,0.9980276134122288,0.5128205128205128,0.7889546351084813,0.38461538461538464,0.7140039447731755,0.4714003944773176,0.7357001972386588,0.5207100591715976,0.9566074950690335,0.6015779092702169,0.7593688362919132,0.5069033530571992,0.7100591715976331,0.5601577909270217,0.7396449704142012,0.5996055226824457,0.18654987215995789,0.09474116563796997,-0.0023279786109924316,-0.017886728048324585,-0.019542694091796875,0.0028609633445739746,-0.0413404256105423,0.05035562813282013,0.4699806720018387,0.6629353165626526,-0.325004905462265,0.030022382736206055,-0.017933130264282227,-0.8447999358177185,-0.02120615541934967,-0.3004736304283142,-0.2098244220018387,-0.16571309434043036,-0.24654317200183867,-0.5101575387848748,-0.2098244220018387,0.17635764165057077,0.0,0.0,0.0,0.0,0.34639607663800764,0.1910878950502661,0.0,0.0,0.0,0.0,0.0,0.0,0.0,0.0,0.0,0.0
2,0.6558044806517311,0.7006109979633401,0.6069246435845214,0.49490835030549896,0.659877800407332,0.32179226069246436,0.6965376782077393,0.20162932790224034,0.7230142566191446,0.07739307535641547,0.9470468431771895,0.32382892057026474,0.8126272912423625,0.17922606924643583,0.6741344195519349,0.18533604887983707,0.5784114052953157,0.21384928716904278,1.0,0.41140529531568226,0.8207739307535642,0.26272912423625255,0.7230142566191446,0.35234215885947046,0.7209775967413442,0.42362525458248473,0.9959266802443992,0.505091649694501,0.7841140529531568,0.38085539714867617,0.7067209775967414,0.45824847250509165,0.7331975560081466,0.5071283095723014,0.9511201629327902,0.5926680244399185,0.7596741344195519,0.49490835030549896,0.7067209775967414,0.5437881873727087,0.7372708757637475,0.5824847250509165,0.18336117267608643,0.09050227701663971,-0.0005854666233062744,-0.017420321702957153,-0.01904451847076416,0.0029715895652770996,-0.0404171347618103,0.04927496612071991,0.4713917374610901,0.6635712683200836,-0.3178657293319702,0.028782546520233154,-0.018938422203063965,-0.8426733314990997,-0.021893471479415894,-0.3015809953212738,-0.21982923746109007,-0.18579349054230582,-0.2495167374610901,-0.5177379349867502,-0.21982923746109007,0.15693887935744394,0.0,0.0,0.0,0.0,0.3332693533071724,0.19053611821825023,0.0,0.0,0.0,0.0,0.0,0.0,0.0,0.0,0.0,0.0
2,0.6475583864118896,0.7006369426751592,0.5944798301486199,0.5010615711252654,0.6518046709129511,0.3227176220806794,0.6963906581740976,0.19957537154989385,0.7261146496815286,0.07430997876857749,0.9320594479830149,0.3099787685774947,0.8067940552016986,0.17197452229299362,0.6709129511677282,0.18046709129511676,0.5774946921443737,0.208067940552017,0.9936305732484076,0.39490445859872614,0.8259023354564756,0.2505307855626327,0.7197452229299363,0.34394904458598724,0.7091295116772823,0.416135881104034,1.0,0.49044585987261147,0.7940552016985138,0.36942675159235666,0.7133757961783439,0.4607218683651805,0.732484076433121,0.5116772823779193,0.9660297239915074,0.583864118895966,0.772823779193206,0.49044585987261147,0.7133757961783439,0.5520169851380042,0.7409766454352441,0.5902335456475584,0.17823976278305054,0.08336307108402252,-0.0005774796009063721,-0.01613941788673401,-0.017313092947006226,0.0032452940940856934,-0.039844319224357605,0.047036319971084595,0.4676753729581833,0.665251225233078,-0.304561048746109,0.025416076183319092,-0.02293914556503296,-0.8172254860401154,-0.01777563989162445,-0.30245497822761536,-0.2293941229581833,-0.2069178918997447,-0.25517537295818327,-0.5291401141219669,-0.2293941229581833,0.13459554066260654,0.0,0.0,0.0,0.0,0.32325196572548426,0.18748506965375894,0.0,0.0,0.0,0.0,0.0,0.0,0.0,0.0,0.0,0.0
2,0.6388888888888888,0.6752136752136753,0.6047008547008547,0.48717948717948717,0.6688034188034188,0.31196581196581197,0.7136752136752137,0.19017094017094016,0.7350427350427351,0.07051282051282051,0.9337606837606838,0.31196581196581197,0.811965811965812,0.17094017094017094,0.6773504273504274,0.1794871794871795,0.5790598290598291,0.20726495726495728,0.9914529914529915,0.3952991452991453,0.8269230769230769,0.2564102564102564,0.7307692307692307,0.3525641025641026,0.7286324786324786,0.4252136752136752,1.0,0.4893162393162393,0.8034188034188035,0.36538461538461536,0.7222222222222222,0.4551282051282051,0.7393162393162394,0.5085470085470085,0.9700854700854701,0.5854700854700855,0.7905982905982906,0.48504273504273504,0.7286324786324786,0.5363247863247863,0.7478632478632479,0.5769230769230769,0.17210501432418823,0.0786922425031662,-0.003848046064376831,-0.015006035566329956,-0.01634836196899414,0.004084765911102295,-0.03824275732040405,0.04420420527458191,0.4692305326461792,0.6717863082885742,-0.2962017059326172,0.018093109130859375,-0.019331440329551697,-0.8129271268844604,-0.01891234517097473,-0.30469420552253723,-0.2356367826461792,-0.23289741939968533,-0.2575117826461792,-0.537064086066352,-0.2356367826461792,0.11245190733008914,0.0,0.0,0.0,0.0,0.30495225320713915,0.16577970369212872,0.0,0.0,0.0,0.0,0.0,0.0,0.0,0.0,0.0,0.0
2,0.6403508771929824,0.6929824561403509,0.6096491228070176,0.506578947368421,0.6732456140350878,0.32456140350877194,0.7105263157894737,0.19298245614035087,0.7236842105263158,0.07236842105263158,0.9232456140350878,0.3157894736842105,0.8092105263157895,0.18421052631578946,0.6754385964912281,0.20833333333333334,0.5877192982456141,0.24342105263157895,0.9846491228070176,0.3969298245614035,0.8245614035087719,0.26973684210526316,0.7280701754385965,0.3706140350877193,0.7346491228070176,0.43859649122807015,1.0,0.49780701754385964,0.8245614035087719,0.38377192982456143,0.743421052631579,0.4692982456140351,0.7653508771929824,0.5197368421052632,0.9802631578947368,0.6008771929824561,0.8267543859649122,0.506578947368421,0.7609649122807017,0.5526315789473685,0.7785087719298246,0.5942982456140351,0.16792958974838257,0.07406269013881683,-0.004823058843612671,-0.015457719564437866,-0.016819775104522705,0.004350394010543823,-0.03904414176940918,0.041870325803756714,0.4699079096317291,0.6746423542499542,-0.28834718465805054,0.018863141536712646,-0.0185869038105011,-0.8115378320217133,-0.019595474004745483,-0.305804580450058,-0.24178290963172913,-0.23575346536106534,-0.26053290963172915,-0.5204756875832875,-0.24178290963172913,0.11136544876628451,0.0,0.0,0.0,0.0,0.2853389323719434,0.16457621384185286,0.0,0.0,0.0,0.0,0.0,0.0,0.0,0.0,0.0,0.0
2,0.6332622601279317,0.7036247334754797,0.6204690831556503,0.5181236673773987,0.6801705756929638,0.3411513859275053,0.7164179104477612,0.21108742004264391,0.7292110874200426,0.08955223880597014,0.9253731343283582,0.34541577825159914,0.8123667377398721,0.2068230277185501,0.6865671641791045,0.2260127931769723,0.603411513859275,0.2537313432835821,0.9829424307036247,0.42217484008528783,0.8336886993603412,0.2835820895522388,0.7313432835820896,0.3773987206823028,0.7356076759061834,0.44136460554371004,1.0,0.5159914712153518,0.8272921108742004,0.39872068230277186,0.7377398720682303,0.47974413646055436,0.7611940298507462,0.5309168443496801,0.9808102345415778,0.6140724946695096,0.8315565031982942,0.5159914712153518,0.7590618336886994,0.55863539445629,0.7761194029850746,0.5991471215351812,0.16529971361160278,0.06959830224514008,-0.008060187101364136,-0.016051262617111206,-0.01707756519317627,0.004521489143371582,-0.0403856486082077,0.039680302143096924,0.4687834531068802,0.6747898161411285,-0.284123033285141,0.01971334218978882,-0.01971372961997986,-0.8098534047603607,-0.018235191702842712,-0.3055516481399536,-0.2367522031068802,-0.21645648280779523,-0.24768970310688018,-0.5095120383633508,-0.2367522031068802,0.1300560211141904,0.0,0.0,0.0,0.0,0.2932595907182326,0.17490076551512798,0.0,0.0,0.0,0.0,0.0,0.0,0.0,0.0,0.0,0.0
2,0.638477801268499,0.7209302325581395,0.6215644820295984,0.5391120507399577,0.6807610993657506,0.36363636363636365,0.7124735729386892,0.23890063424947147,0.7272727272727273,0.1226215644820296,0.9302325581395349,0.3594080338266385,0.813953488372093,0.22832980972515857,0.6871035940803383,0.25158562367864695,0.6046511627906976,0.2854122621564482,0.9873150105708245,0.4397463002114165,0.8308668076109936,0.3086680761099366,0.7293868921775899,0.39957716701902746,0.7293868921775899,0.46511627906976744,1.0,0.5348837209302325,0.8245243128964059,0.4249471458773784,0.7378435517970402,0.5031712473572939,0.758985200845666,0.5517970401691332,0.9788583509513742,0.6321353065539113,0.8266384778012685,0.5412262156448203,0.7568710359408034,0.5813953488372093,0.7695560253699789,0.6194503171247357,0.16398969292640686,0.06651371717453003,-0.011092424392700195,-0.016186773777008057,-0.01718035340309143,0.003484100103378296,-0.03916424512863159,0.03987845778465271,0.46830856800079346,0.6764581501483917,-0.2832503318786621,0.026508033275604248,-0.022269636392593384,-0.8050510585308075,-0.01777389645576477,-0.3072209358215332,-0.23237106800079346,-0.20284703903728063,-0.24487106800079345,-0.4889581501483917,-0.23237106800079346,0.14426898426479762,0.0,0.0,0.0,0.0,0.28638403918730276,0.1713803074806114,0.0,0.0,0.0,0.0,0.0,0.0,0.0,0.0,0.0,0.0
2,0.6511627906976745,0.7463002114164905,0.6194503171247357,0.5581395348837209,0.6744186046511628,0.3784355179704017,0.7061310782241015,0.2558139534883721,0.7167019027484144,0.13742071881606766,0.9344608879492601,0.3784355179704017,0.8033826638477801,0.2452431289640592,0.6680761099365751,0.26004228329809725,0.5792811839323467,0.2854122621564482,0.9894291754756871,0.45454545454545453,0.8160676532769556,0.3298097251585624,0.7272727272727273,0.4249471458773784,0.733615221987315,0.4904862579281184,1.0,0.5496828752642706,0.8054968287526427,0.4397463002114165,0.733615221987315,0.5221987315010571,0.7610993657505285,0.5687103594080338,0.9746300211416491,0.6469344608879493,0.8076109936575053,0.5602536997885835,0.7526427061310782,0.6046511627906976,0.7780126849894292,0.6405919661733616,0.1635398268699646,0.06523795425891876,-0.013529986143112183,-0.015680015087127686,-0.016607075929641724,0.003917604684829712,-0.03965538740158081,0.038804858922958374,0.4679121971130371,0.6806837618350983,-0.28364109992980957,0.0287284255027771,-0.02304983139038086,-0.8015803396701813,-0.019778400659561157,-0.3114473521709442,-0.2272871971130371,-0.1904059840573205,-0.2538496971130371,-0.49318376183509827,-0.2272871971130371,0.1598250971900092,0.0,0.0,0.0,0.0,0.30394070000955675,0.17079524138467356,0.0,0.0,0.0,0.0,0.0,0.0,0.0,0.0,0.0,0.0
2,0.6497890295358649,0.7573839662447257,0.620253164556962,0.5717299578059072,0.679324894514768,0.39662447257383965,0.7130801687763713,0.2742616033755274,0.7236286919831224,0.15611814345991562,0.9409282700421941,0.3987341772151899,0.8122362869198312,0.2616033755274262,0.6772151898734177,0.2742616033755274,0.5843881856540084,0.2974683544303797,0.9936708860759493,0.47890295358649787,0.8185654008438819,0.3438818565400844,0.7278481012658228,0.4451476793248945,0.7341772151898734,0.5147679324894515,1.0,0.5717299578059072,0.8037974683544303,0.45569620253164556,0.7320675105485233,0.5464135021097046,0.7616033755274262,0.5949367088607594,0.9746835443037974,0.6666666666666666,0.8016877637130801,0.5780590717299579,0.7468354430379747,0.6286919831223629,0.7742616033755274,0.6687763713080169,0.16382065415382385,0.06615966558456421,-0.012894034385681152,-0.016437500715255737,-0.016972631216049194,0.0035871267318725586,-0.04019783437252045,0.038783296942710876,0.4655382037162781,0.6815259456634521,-0.2819709777832031,0.030768752098083496,-0.02382388710975647,-0.7968143224716187,-0.021622180938720703,-0.3118802011013031,-0.22491320371627807,-0.18291483455234103,-0.24913195371627808,-0.48569261233011884,-0.22491320371627807,0.1686592287487454,0.0,0.0,0.0,0.0,0.3037448445119882,0.1627505784063606,0.0,0.0,0.0,0.0,0.0,0.0,0.0,0.0,0.0,0.0
2,0.651356993736952,0.7494780793319415,0.6263048016701461,0.5636743215031316,0.6868475991649269,0.3966597077244259,0.7223382045929019,0.2776617954070981,0.7411273486430062,0.162839248434238,0.9436325678496869,0.40083507306889354,0.824634655532359,0.2651356993736952,0.6868475991649269,0.2755741127348643,0.592901878914405,0.2985386221294363,0.9958246346555324,0.4801670146137787,0.8308977035490606,0.348643006263048,0.7348643006263048,0.44258872651356995,0.7390396659707724,0.511482254697286,1.0,0.5741127348643006,0.8100208768267223,0.46555323590814196,0.7348643006263048,0.5469728601252609,0.7599164926931107,0.5908141962421712,0.9686847599164927,0.6701461377870563,0.7974947807933194,0.5866388308977035,0.7473903966597077,0.6325678496868476,0.7766179540709812,0.6701461377870563,0.16517165303230286,0.07136204838752747,-0.012596845626831055,-0.016774982213974,-0.017548352479934692,0.0043908655643463135,-0.03899411857128143,0.04009328782558441,0.4630259573459625,0.6865616142749786,-0.2861096262931824,0.04107159376144409,-0.026854857802391052,-0.8042063415050507,-0.025455325841903687,-0.31761956214904785,-0.21927595734596253,-0.18795050316386752,-0.24115095734596254,-0.48795050316386757,-0.21927595734596253,0.16805796689457364,0.0,0.0,0.0,0.0,0.30079646877082855,0.16169757141248114,0.0,0.0,0.0,0.0,0.0,0.0,0.0,0.0,0.0,0.0
2,0.6487603305785123,0.7231404958677686,0.6301652892561983,0.5454545454545454,0.6942148760330579,0.38636363636363635,0.7334710743801653,0.2727272727272727,0.756198347107438,0.16115702479338842,0.9524793388429752,0.3925619834710744,0.8347107438016529,0.2644628099173554,0.6942148760330579,0.27479338842975204,0.5991735537190083,0.2975206611570248,1.0,0.4772727272727273,0.8388429752066116,0.34710743801652894,0.737603305785124,0.4359504132231405,0.7355371900826446,0.5,0.9979338842975206,0.5764462809917356,0.8119834710743802,0.4669421487603306,0.731404958677686,0.5392561983471075,0.7520661157024794,0.5826446280991735,0.9628099173553719,0.6714876033057852,0.7954545454545454,0.5847107438016529,0.737603305785124,0.628099173553719,0.7603305785123967,0.6652892561983471,0.16580799221992493,0.07688191533088684,-0.01713728904724121,-0.01787269115447998,-0.01880618929862976,0.002578943967819214,-0.039940714836120605,0.04016296565532684,0.45962315797805786,0.6867359280586243,-0.2832026481628418,0.0406419038772583,-0.029672771692276,-0.8082602620124817,-0.030087441205978394,-0.31484273076057434,-0.21431065797805787,-0.20062481694751316,-0.23306065797805786,-0.48673592805862426,-0.21431065797805787,0.15778686768478817,0.0,0.0,0.0,0.0,0.286724833945779,0.15354693144524248,0.0,0.0,0.0,0.0,0.0,0.0,0.0,0.0,0.0,0.0
2,0.6494845360824743,0.7298969072164948,0.6309278350515464,0.5443298969072164,0.6948453608247422,0.38762886597938145,0.7360824742268042,0.27422680412371137,0.7587628865979381,0.16494845360824742,0.9567010309278351,0.4061855670103093,0.8309278350515464,0.2721649484536082,0.6927835051546392,0.2804123711340206,0.6,0.30721649484536084,1.0,0.4948453608247423,0.8371134020618557,0.36082474226804123,0.7381443298969073,0.43917525773195876,0.734020618556701,0.5030927835051546,0.9938144329896907,0.5917525773195876,0.8082474226804124,0.48041237113402063,0.7298969072164948,0.5463917525773195,0.7525773195876289,0.5876288659793815,0.9525773195876288,0.6845360824742268,0.7917525773195876,0.5979381443298969,0.734020618556701,0.6329896907216495,0.7546391752577319,0.668041237113402,0.16626101732254028,0.0789605975151062,-0.01944422721862793,-0.017461657524108887,-0.018514394760131836,0.002020895481109619,-0.03960776329040527,0.04130375385284424,0.45928873121738434,0.687569797039032,-0.28556200861930847,0.042070865631103516,-0.030353263020515442,-0.8133016228675842,-0.03918661177158356,-0.313982754945755,-0.21319498121738434,-0.19590313037236534,-0.23194498121738433,-0.48062535259458755,-0.21319498121738434,0.16747507403294243,0.0,0.0,0.0,0.0,0.2853389323719434,0.15609948865796625,0.0,0.0,0.0,0.0,0.0,0.0,0.0,0.0,0.0,0.0
2,0.6453608247422681,0.7319587628865979,0.6350515463917525,0.5505154639175258,0.6969072164948453,0.3958762886597938,0.7298969072164948,0.2845360824742268,0.756701030927835,0.17525773195876287,0.9567010309278351,0.41030927835051545,0.8350515463917526,0.2845360824742268,0.6927835051546392,0.2927835051546392,0.6,0.3154639175257732,1.0,0.5010309278350515,0.8371134020618557,0.3752577319587629,0.7360824742268042,0.44948453608247424,0.7298969072164948,0.511340206185567,0.9917525773195877,0.6,0.8082474226804124,0.4927835051546392,0.7257731958762886,0.554639175257732,0.7484536082474227,0.5958762886597938,0.9505154639175257,0.6948453608247422,0.7896907216494845,0.6061855670103092,0.7298969072164948,0.6412371134020619,0.7525773195876289,0.6742268041237114,0.16664358973503113,0.07870784401893616,-0.020365238189697266,-0.017664939165115356,-0.018833786249160767,0.002753019332885742,-0.03989258408546448,0.041067689657211304,0.4584207236766815,0.6899977922439575,-0.28861600160598755,0.043944597244262695,-0.03201045095920563,-0.8367724418640137,-0.03931358456611633,-0.31297266483306885,-0.2138894736766815,-0.19694223668840194,-0.2310769736766815,-0.4774977922439575,-0.2138894736766815,0.167713451716635,0.0,0.0,0.0,0.0,0.28108153605197267,0.1520238906298662,0.0,0.0,0.0,0.0,0.0,0.0,0.0,0.0,0.0,0.0
2,0.6434426229508197,0.7336065573770492,0.639344262295082,0.555327868852459,0.6987704918032787,0.4016393442622951,0.7315573770491803,0.29098360655737704,0.7561475409836066,0.18442622950819673,0.9590163934426229,0.4180327868852459,0.8381147540983607,0.2930327868852459,0.6967213114754098,0.29918032786885246,0.6045081967213115,0.32172131147540983,1.0,0.5081967213114754,0.8381147540983607,0.38114754098360654,0.735655737704918,0.45286885245901637,0.7295081967213115,0.5122950819672131,0.9918032786885246,0.6065573770491803,0.805327868852459,0.4979508196721312,0.7233606557377049,0.5573770491803278,0.7438524590163934,0.5963114754098361,0.9487704918032787,0.7008196721311475,0.7889344262295082,0.610655737704918,0.7274590163934426,0.639344262295082,0.7459016393442623,0.6700819672131147,0.16851791739463806,0.07922825217247009,-0.021751463413238525,-0.016961336135864258,-0.018210381269454956,0.0027351081371307373,-0.03965318202972412,0.0421040803194046,0.45752523839473724,0.6910020411014557,-0.2911699116230011,0.04614156484603882,-0.03389891982078552,-0.8420725762844086,-0.03970484435558319,-0.30825942754745483,-0.21221273839473725,-0.19377981887923346,-0.22705648839473724,-0.47294648554590013,-0.21221273839473725,0.17157362384928598,0.0,0.0,0.0,0.0,0.2795610214100676,0.15354693144524253,0.0,0.0,0.0,0.0,0.0,0.0,0.0,0.0,0.0,0.0
2,0.6421267893660532,0.7443762781186094,0.6380368098159509,0.5644171779141104,0.6993865030674846,0.4110429447852761,0.7321063394683026,0.3006134969325153,0.754601226993865,0.19631901840490798,0.9591002044989775,0.43149284253578735,0.8404907975460123,0.3047034764826176,0.6993865030674846,0.3128834355828221,0.6073619631901841,0.33537832310838445,1.0,0.5214723926380368,0.8404907975460123,0.39263803680981596,0.7382413087934561,0.4621676891615542,0.7341513292433538,0.5214723926380368,0.9918200408997955,0.6196319018404908,0.8077709611451943,0.50920245398773,0.7259713701431493,0.5685071574642127,0.7484662576687117,0.6053169734151329,0.9488752556237219,0.7116564417177914,0.7893660531697342,0.6196319018404908,0.7321063394683026,0.6503067484662577,0.754601226993865,0.6789366053169734,0.16821128129959106,0.07741214334964752,-0.02286788821220398,-0.014959543943405151,-0.016306638717651367,0.0029460489749908447,-0.0394291877746582,0.04146948456764221,0.4571848064661026,0.6910119354724884,-0.2921780049800873,0.04643219709396362,-0.032616689801216125,-0.8411908447742462,-0.04129602015018463,-0.30778947472572327,-0.2118723064661026,-0.18545637991693287,-0.2251535564661026,-0.46323415769471066,-0.2118723064661026,0.18069759789440365,0.0,0.0,0.0,0.0,0.2780951014108717,0.15541736580277904,0.0,0.0,0.0,0.0,0.0,0.0,0.0,0.0,0.0,0.0
2,0.6438631790744467,0.7283702213279678,0.6378269617706237,0.5513078470824949,0.7022132796780685,0.4024144869215292,0.7424547283702213,0.29979879275653926,0.7645875251509054,0.19517102615694165,0.9617706237424547,0.4245472837022133,0.8450704225352113,0.30181086519114686,0.7062374245472837,0.30985915492957744,0.6177062374245473,0.33601609657947684,1.0,0.5110663983903421,0.8430583501006036,0.38832997987927564,0.7404426559356136,0.45472837022132795,0.7364185110663984,0.5110663983903421,0.9879275653923542,0.607645875251509,0.8128772635814889,0.5010060362173038,0.7303822937625755,0.5553319919517102,0.7525150905432596,0.5935613682092555,0.9456740442655935,0.6981891348088531,0.7967806841046278,0.607645875251509,0.738430583501006,0.635814889336016,0.7585513078470825,0.6659959758551308,0.1688442826271057,0.07787773013114929,-0.024190127849578857,-0.015184342861175537,-0.016677170991897583,0.003452777862548828,-0.03944386541843414,0.04106815159320831,0.45582088828086853,0.6912757456302643,-0.29417091608047485,0.04716521501541138,-0.0395037978887558,-0.8422001898288727,-0.03890761733055115,-0.30811607837677,-0.20582088828086853,-0.18849796785248651,-0.21597713828086854,-0.45933130118581983,-0.20582088828086853,0.1765937136279212,0.0,0.0,0.0,0.0,0.27102369611992777,0.15424494774951297,0.0,0.0,0.0,0.0,0.0,0.0,0.0,0.0,0.0,0.0
2,0.6407185628742516,0.7265469061876247,0.6347305389221557,0.5528942115768463,0.7025948103792415,0.405189620758483,0.7425149700598802,0.3013972055888224,0.7684630738522954,0.19760479041916168,0.9600798403193613,0.42714570858283435,0.846307385229541,0.3033932135728543,0.7085828343313373,0.3093812375249501,0.6187624750499002,0.3273453093812375,1.0,0.5109780439121756,0.846307385229541,0.3872255489021956,0.7445109780439122,0.46107784431137727,0.7425149700598802,0.5209580838323353,0.9880239520958084,0.6067864271457086,0.812375249500998,0.500998003992016,0.7305389221556886,0.5608782435129741,0.7524950099800399,0.5988023952095808,0.9461077844311377,0.6966067864271457,0.7924151696606786,0.6087824351297405,0.7345309381237525,0.6407185628742516,0.7584830339321357,0.6706586826347305,0.16763129830360413,0.0763072520494461,-0.025988131761550903,-0.014874011278152466,-0.016179263591766357,0.003932148218154907,-0.039087921380996704,0.04143787920475006,0.45570889115333557,0.6915038824081421,-0.296082079410553,0.04754984378814697,-0.03858064115047455,-0.8406323790550232,-0.03923073410987854,-0.31088390946388245,-0.20492764115333556,-0.18594832685258655,-0.21352139115333557,-0.46372610463036434,-0.20492764115333556,0.17941898140642376,0.0,0.0,0.0,0.0,0.2779106805544238,0.1485005602325161,0.0,0.0,0.0,0.0,0.0,0.0,0.0,0.0,0.0,0.0
2,0.6454183266932271,0.7250996015936255,0.6434262948207171,0.549800796812749,0.7111553784860558,0.4043824701195219,0.749003984063745,0.300796812749004,0.7729083665338645,0.199203187250996,0.9601593625498008,0.4243027888446215,0.850597609561753,0.30278884462151395,0.7171314741035857,0.30876494023904383,0.6274900398406374,0.32669322709163345,1.0,0.5059760956175299,0.850597609561753,0.3844621513944223,0.7529880478087649,0.4581673306772908,0.750996015936255,0.5159362549800797,0.9920318725099602,0.599601593625498,0.8247011952191236,0.4940239043824701,0.7450199203187251,0.5517928286852589,0.7669322709163346,0.5936254980079682,0.952191235059761,0.6912350597609562,0.8087649402390438,0.603585657370518,0.750996015936255,0.6314741035856574,0.7689243027888446,0.6633466135458167,0.16734975576400757,0.07605233788490295,-0.02750331163406372,-0.015560537576675415,-0.016927659511566162,0.003947407007217407,-0.03958107531070709,0.040777772665023804,0.45730510354042053,0.691981315612793,-0.2997388243675232,0.046292781829833984,-0.03902697563171387,-0.839002251625061,-0.04418131709098816,-0.3114059567451477,-0.20418010354042054,-0.18642576005723743,-0.21121135354042053,-0.4642035378350152,-0.20418010354042054,0.18165555629465313,0.0,0.0,0.0,0.0,0.2778667527857966,0.15159762085921272,0.0,0.0,0.0,0.0,0.0,0.0,0.0,0.0,0.0,0.0
2,0.6536203522504892,0.7201565557729941,0.649706457925636,0.5518590998043053,0.7123287671232876,0.4050880626223092,0.7495107632093934,0.30332681017612523,0.7729941291585127,0.2035225048923679,0.958904109589041,0.4207436399217221,0.8493150684931506,0.30332681017612523,0.7201565557729941,0.30724070450097846,0.6340508806262231,0.324853228962818,1.0,0.5009784735812133,0.8532289628180039,0.3816046966731898,0.7553816046966731,0.4500978473581213,0.7534246575342466,0.5068493150684932,0.9941291585127201,0.5929549902152642,0.8238747553816047,0.4911937377690802,0.7455968688845401,0.5459882583170255,0.7671232876712328,0.5851272015655578,0.9569471624266145,0.6810176125244618,0.8101761252446184,0.598825831702544,0.7495107632093934,0.6262230919765166,0.7690802348336595,0.6555772994129159,0.1673118770122528,0.07536409795284271,-0.029448240995407104,-0.015919268131256104,-0.01724332571029663,0.0035188496112823486,-0.03934483230113983,0.041200190782547,0.45783522725105286,0.6917982697486877,-0.30139297246932983,0.04632461071014404,-0.037713080644607544,-0.8341468572616577,-0.045754045248031616,-0.31023839116096497,-0.19689772725105287,-0.18068715863757667,-0.20471022725105287,-0.4612427141931322,-0.19689772725105287,0.188088998860783,0.0,0.0,0.0,0.0,0.28066431000277964,0.15654430712445225,0.0,0.0,0.0,0.0,0.0,0.0,0.0,0.0,0.0,0.0
2,0.658252427184466,0.7126213592233009,0.654368932038835,0.545631067961165,0.7165048543689321,0.40194174757281553,0.7553398058252427,0.29902912621359223,0.7766990291262136,0.20194174757281552,0.9572815533980582,0.4174757281553398,0.858252427184466,0.3029126213592233,0.7359223300970874,0.29902912621359223,0.6504854368932039,0.3106796116504854,1.0,0.4970873786407767,0.8679611650485437,0.3766990291262136,0.7669902912621359,0.4446601941747573,0.7611650485436893,0.5029126213592233,0.9980582524271845,0.5864077669902913,0.8388349514563107,0.4854368932038835,0.7553398058252427,0.5398058252427185,0.7766990291262136,0.5825242718446602,0.9631067961165048,0.6757281553398058,0.8252427184466019,0.5941747572815534,0.7611650485436893,0.6194174757281553,0.7766990291262136,0.6524271844660194,0.16655078530311584,0.07516539096832275,-0.029217541217803955,-0.016253530979156494,-0.017665386199951172,0.003612726926803589,-0.03959012031555176,0.040861621499061584,0.457427054643631,0.6914556920528412,-0.3011825680732727,0.046858012676239014,-0.038720011711120605,-0.8315331637859344,-0.04582178592681885,-0.30982276797294617,-0.192583304643631,-0.181733469830619,-0.19570830464363098,-0.469233469830619,-0.192583304643631,0.18690526915921102,0.0,0.0,0.0,0.0,0.28751698319403673,0.15561001747658307,0.0,0.0,0.0,0.0,0.0,0.0,0.0,0.0,0.0,0.0
2,0.6525911708253359,0.7024952015355086,0.6506717850287908,0.5431861804222649,0.7140115163147792,0.39539347408829173,0.7543186180422264,0.29366602687140114,0.7754318618042226,0.19577735124760076,0.946257197696737,0.4088291746641075,0.8502879078694817,0.29366602687140114,0.7332053742802304,0.29174664107485604,0.6506717850287908,0.29942418426103645,0.9942418426103646,0.4836852207293666,0.8656429942418427,0.3666026871401152,0.7696737044145874,0.44145873320537427,0.7677543186180422,0.4971209213051823,1.0,0.5719769673704415,0.8426103646833013,0.4740882917466411,0.761996161228407,0.5335892514395394,0.781190019193858,0.5738963531669866,0.9731285988483686,0.6621880998080614,0.8349328214971209,0.581573896353167,0.7696737044145874,0.6084452975047985,0.7792706333973128,0.6410748560460653,0.16751128435134888,0.07436433434486389,-0.026552975177764893,-0.016329854726791382,-0.01744931936264038,0.0037900805473327637,-0.039216116070747375,0.04173967242240906,0.45726174116134644,0.6913979351520538,-0.30093538761138916,0.04681521654129028,-0.038449615240097046,-0.8293540179729462,-0.04733288288116455,-0.3098355829715729,-0.19163674116134644,-0.18306460181872053,-0.19241799116134645,-0.47473126848538716,-0.19163674116134644,0.18630080719788866,0.0,0.0,0.0,0.0,0.29166771298175415,0.15582852104373898,0.0,0.0,0.0,0.0,0.0,0.0,0.0,0.0,0.0,0.0
2,0.6578449905482041,0.6994328922495274,0.6427221172022685,0.5368620037807184,0.7051039697542533,0.3818525519848771,0.7429111531190926,0.2741020793950851,0.7674858223062382,0.17580340264650285,0.9338374291115312,0.3837429111531191,0.8431001890359168,0.2665406427221172,0.7296786389413988,0.2665406427221172,0.6446124763705104,0.2741020793950851,0.9867674858223062,0.45368620037807184,0.8544423440453687,0.3440453686200378,0.7693761814744802,0.42911153119092627,0.775047258979206,0.4896030245746692,1.0,0.5406427221172023,0.8412098298676749,0.44612476370510395,0.7618147448015122,0.5160680529300568,0.7844990548204159,0.555765595463138,0.9829867674858223,0.6294896030245747,0.8393194706994329,0.5500945179584121,0.776937618147448,0.5879017013232514,0.7939508506616257,0.6200378071833649,0.16746750473976135,0.07546749711036682,-0.027882695198059082,-0.015882104635238647,-0.017135202884674072,0.003615736961364746,-0.03870539367198944,0.04218629002571106,0.4563310295343399,0.6908012330532074,-0.2991306483745575,0.04584604501724243,-0.037446215748786926,-0.829811304807663,-0.04814054071903229,-0.3094291687011719,-0.18445602953433993,-0.17691234416431856,-0.1899247795343399,-0.4894123441643185,-0.18445602953433993,0.19255854272180128,0.0,0.0,0.0,0.0,0.3125478478994256,0.16159688275879922,0.0,0.0,0.0,0.0,0.0,0.0,0.0,0.0,0.0,0.0
2,0.664783427495292,0.6854990583804144,0.647834274952919,0.5178907721280602,0.7062146892655368,0.3634651600753296,0.7476459510357816,0.2523540489642185,0.768361581920904,0.15254237288135594,0.9303201506591338,0.3672316384180791,0.839924670433145,0.2523540489642185,0.7306967984934086,0.2523540489642185,0.6497175141242938,0.2655367231638418,0.9849340866290018,0.4387947269303202,0.8587570621468926,0.3295668549905838,0.7664783427495292,0.4105461393596987,0.7721280602636534,0.4670433145009416,1.0,0.527306967984934,0.8455743879472694,0.4350282485875706,0.7627118644067796,0.5028248587570622,0.7871939736346516,0.544256120527307,0.9849340866290018,0.6177024482109228,0.8455743879472694,0.5386064030131826,0.783427495291902,0.5743879472693032,0.8041431261770244,0.6064030131826742,0.16738060116767883,0.07546526193618774,-0.028434813022613525,-0.015705227851867676,-0.016979604959487915,0.0032934844493865967,-0.039036884903907776,0.04159362614154816,0.45515774190425873,0.6885232627391815,-0.29768887162208557,0.04549020528793335,-0.033455103635787964,-0.8202238380908966,-0.047547563910484314,-0.30717921257019043,-0.17937649190425875,-0.18296770718362598,-0.18562649190425873,-0.4926899294058482,-0.17937649190425875,0.18506770614120693,0.0,0.0,0.0,0.0,0.30978527634197145,0.16715209346585908,0.0,0.0,0.0,0.0,0.0,0.0,0.0,0.0,0.0,0.0
2,0.6711026615969582,0.6863117870722434,0.6463878326996197,0.5133079847908745,0.6977186311787072,0.3593155893536122,0.7376425855513308,0.25285171102661597,0.7699619771863118,0.15399239543726237,0.9239543726235742,0.35551330798479086,0.8269961977186312,0.24714828897338403,0.7186311787072244,0.24904942965779467,0.6406844106463878,0.26045627376425856,0.9828897338403042,0.42775665399239543,0.8479087452471483,0.3288973384030418,0.7623574144486692,0.4068441064638783,0.7680608365019012,0.46387832699619774,1.0,0.5171102661596958,0.844106463878327,0.435361216730038,0.7642585551330798,0.5019011406844106,0.785171102661597,0.5399239543726235,0.9847908745247148,0.6121673003802282,0.8479087452471483,0.5437262357414449,0.785171102661597,0.5779467680608364,0.8022813688212928,0.6102661596958175,0.16773414611816406,0.07497455179691315,-0.028879910707473755,-0.01564478874206543,-0.016823261976242065,0.0036024153232574463,-0.03877151012420654,0.04212449491024017,0.45468541979789734,0.6855221390724182,-0.2967151999473572,0.04653918743133545,-0.031862854957580566,-0.8096375465393066,-0.04733511805534363,-0.30419740080833435,-0.17890416979789736,-0.18413325018352933,-0.19140416979789732,-0.49524436129464044,-0.17890416979789736,0.1822953783803516,0.0,0.0,0.0,0.0,0.3113621259189854,0.1673134017766135,0.0,0.0,0.0,0.0,0.0,0.0,0.0,0.0,0.0,0.0
2,0.6756238003838771,0.6794625719769674,0.6468330134357005,0.508637236084453,0.6986564299424184,0.3474088291746641,0.7370441458733206,0.23416506717850288,0.761996161228407,0.12859884836852206,0.9174664107485605,0.33589251439539347,0.817658349328215,0.23224568138195778,0.7024952015355086,0.2399232245681382,0.6218809980806143,0.2514395393474088,0.980806142034549,0.4069097888675624,0.8426103646833013,0.31669865642994244,0.7562380038387716,0.39923224568138194,0.763915547024952,0.45489443378119004,1.0,0.4990403071017274,0.8464491362763915,0.42034548944337813,0.761996161228407,0.4875239923224568,0.783109404990403,0.5239923224568138,0.9923224568138196,0.5969289827255279,0.8522072936660269,0.5316698656429942,0.7850287907869482,0.5662188099808061,0.8023032629558541,0.5950095969289827,0.16651716828346252,0.07522140443325043,-0.028308600187301636,-0.01573851704597473,-0.016885876655578613,0.0032995641231536865,-0.03917625546455383,0.04133707284927368,0.4540106803178787,0.6814122498035431,-0.2953326404094696,0.04739290475845337,-0.02935616672039032,-0.7962441146373749,-0.04697500169277191,-0.2998894453048706,-0.1790106803178787,-0.18974558313687645,-0.20088568031787873,-0.4994678053590986,-0.1790106803178787,0.17444804261128105,0.0,0.0,0.0,0.0,0.310493752857077,0.16642642189943876,0.0,0.0,0.0,0.0,0.0,0.0,0.0,0.0,0.0,0.0
2,0.6833013435700576,0.6525911708253359,0.6410748560460653,0.4875239923224568,0.6948176583493282,0.31861804222648754,0.7293666026871402,0.20153550863723607,0.7408829174664108,0.09021113243761997,0.9193857965451055,0.32245681381957775,0.8310940499040307,0.2053742802303263,0.7063339731285988,0.22072936660268713,0.6295585412667947,0.2437619961612284,0.982725527831094,0.3915547024952015,0.8982725527831094,0.2514395393474088,0.7696737044145874,0.32053742802303264,0.7523992322456814,0.3838771593090211,1.0,0.4779270633397313,0.8905950095969289,0.35892514395393477,0.7735124760076776,0.42610364683301344,0.783109404990403,0.4740882917466411,0.9846449136276392,0.564299424184261,0.8598848368522073,0.491362763915547,0.783109404990403,0.5239923224568138,0.8080614203454894,0.5547024952015355,0.1670103669166565,0.0745437890291214,-0.028096884489059448,-0.01605820655822754,-0.01727566123008728,0.003900468349456787,-0.038411080837249756,0.04254499077796936,0.4550010561943054,0.6812559366226196,-0.29727983474731445,0.0477757453918457,-0.029646649956703186,-0.7975265383720398,-0.048951566219329834,-0.2990930676460266,-0.1768760561943054,-0.20903371440039742,-0.19875105619430544,-0.5048670477337307,-0.1768760561943054,0.1560700370205773,0.0,0.0,0.0,0.0,0.29664098964254937,0.19646795565768133,0.0,0.0,0.0,0.0,0.0,0.0,0.0,0.0,0.0,0.0
2,0.6827852998065764,0.6441005802707931,0.6479690522243714,0.4796905222437137,0.6963249516441006,0.3056092843326886,0.7176015473887815,0.18375241779497098,0.7272727272727273,0.07543520309477757,0.9110251450676983,0.31334622823984526,0.8278529980657641,0.18568665377176016,0.7001934235976789,0.2011605415860735,0.6189555125725339,0.22823984526112184,0.9787234042553191,0.38104448742746616,0.9148936170212766,0.22243713733075435,0.7891682785299806,0.2862669245647969,0.769825918762089,0.3520309477756286,1.0,0.46808510638297873,0.9032882011605415,0.3365570599613153,0.7852998065764023,0.40425531914893614,0.7969052224371374,0.4564796905222437,0.9864603481624759,0.5512572533849129,0.8646034816247582,0.4661508704061896,0.7891682785299806,0.4990328820116054,0.8143133462282398,0.5357833655705996,0.1665390133857727,0.07576489448547363,-0.02815622091293335,-0.015973031520843506,-0.017263710498809814,0.003355354070663452,-0.037786275148391724,0.04235406219959259,0.4553288072347641,0.6797981262207031,-0.29793646931648254,0.05042672157287598,-0.030689269304275513,-0.7964935302734375,-0.05036379396915436,-0.29758313298225403,-0.17954755723476412,-0.2172981262207031,-0.2053288072347641,-0.5159092373318143,-0.17954755723476412,0.14778283387422564,0.0,0.0,0.0,0.0,0.29972198539742606,0.21264847144498752,0.0,0.0,0.0,0.0,0.0,0.0,0.0,0.0,0.0,0.0
2,0.6810176125244618,0.649706457925636,0.6536203522504892,0.4794520547945205,0.6986301369863014,0.30528375733855184,0.7181996086105675,0.18590998043052837,0.7240704500978473,0.07827788649706457,0.9119373776908023,0.3150684931506849,0.8238747553816047,0.1917808219178082,0.6966731898238747,0.2035225048923679,0.6164383561643836,0.22896281800391388,0.9765166340508806,0.3796477495107632,0.9060665362035225,0.2309197651663405,0.786692759295499,0.299412915851272,0.7671232876712328,0.36203522504892366,1.0,0.4637964774951076,0.8904109589041096,0.34637964774951074,0.786692759295499,0.4187866927592955,0.8023483365949119,0.46966731898238745,0.9882583170254403,0.5499021526418787,0.8610567514677103,0.47162426614481406,0.7925636007827789,0.512720156555773,0.8180039138943248,0.5499021526418787,0.16654732823371887,0.07446214556694031,-0.02802807092666626,-0.01599442958831787,-0.01719251275062561,0.0035626590251922607,-0.037725597620010376,0.04235769808292389,0.4553145170211792,0.6796264350414276,-0.2979140281677246,0.04998809099197388,-0.030727088451385498,-0.7980686128139496,-0.05082628130912781,-0.29739707708358765,-0.18343951702117922,-0.21851532393031647,-0.2092207670211792,-0.5171264350414276,-0.18343951702117922,0.14671103424496124,0.0,0.0,0.0,0.0,0.29972198539742606,0.20704025792772235,0.0,0.0,0.0,0.0,0.0,0.0,0.0,0.0,0.0,0.0
2,0.6851485148514852,0.6653465346534654,0.6514851485148515,0.48514851485148514,0.697029702970297,0.31287128712871287,0.7188118811881188,0.19207920792079208,0.7267326732673267,0.08316831683168317,0.9247524752475248,0.31287128712871287,0.8217821782178217,0.19207920792079208,0.697029702970297,0.2,0.6079207920792079,0.22178217821782178,0.9821782178217822,0.3821782178217822,0.8673267326732673,0.2495049504950495,0.7603960396039604,0.3287128712871287,0.7564356435643564,0.3920792079207921,1.0,0.4693069306930693,0.8574257425742574,0.36435643564356435,0.7663366336633664,0.4376237623762376,0.7861386138613862,0.48514851485148514,0.9841584158415841,0.5603960396039604,0.8475247524752475,0.48316831683168315,0.7861386138613862,0.5207920792079208,0.8118811881188119,0.5584158415841585,0.1659778654575348,0.074675053358078,-0.027656078338623047,-0.015774250030517578,-0.017018646001815796,0.0033921003341674805,-0.03707094490528107,0.042582958936691284,0.4551336318254471,0.6795753240585327,-0.29829439520835876,0.049805641174316406,-0.031107500195503235,-0.798629105091095,-0.05113644897937775,-0.2973499894142151,-0.18482113182544707,-0.21290865739186604,-0.2152898818254471,-0.5240197685029772,-0.18482113182544707,0.1524472291270892,0.0,0.0,0.0,0.0,0.31259953324237805,0.1937191955798679,0.0,0.0,0.0,0.0,0.0,0.0,0.0,0.0,0.0,0.0
2,0.6921529175050302,0.682092555331992,0.641851106639839,0.4949698189134809,0.6901408450704225,0.32193158953722334,0.7243460764587525,0.2012072434607646,0.7303822937625755,0.08450704225352113,0.9275653923541247,0.30784708249496984,0.8028169014084507,0.19919517102615694,0.6780684104627767,0.21327967806841047,0.5915492957746479,0.23742454728370221,0.9859154929577465,0.3822937625754527,0.8169014084507042,0.2796780684104628,0.7303822937625755,0.3722334004024145,0.7424547283702213,0.43661971830985913,1.0,0.48088531187122735,0.8209255533199196,0.39436619718309857,0.744466800804829,0.4688128772635815,0.7686116700201208,0.5130784708249497,0.9778672032193159,0.579476861167002,0.8269617706237424,0.5130784708249497,0.772635814889336,0.5513078470824949,0.8008048289738431,0.5835010060362174,0.16553279757499695,0.07450120151042938,-0.02773532271385193,-0.015912562608718872,-0.01722872257232666,0.003262162208557129,-0.036722660064697266,0.04274158179759979,0.4570622593164444,0.6782375872135162,-0.3021385371685028,0.051774799823760986,-0.03169509768486023,-0.8004551231861115,-0.054418519139289856,-0.29601553082466125,-0.1883122593164444,-0.2074042538801829,-0.2273747593164444,-0.5143486983246274,-0.1883122593164444,0.15892379929622014,0.0,0.0,0.0,0.0,0.30942005571966186,0.17056637851478504,0.0,0.0,0.0,0.0,0.0,0.0,0.0,0.0,0.0,0.0
2,0.6807228915662651,0.6646586345381527,0.6405622489959839,0.4939759036144578,0.6927710843373494,0.3293172690763052,0.7248995983935743,0.21084337349397592,0.7389558232931727,0.0963855421686747,0.9397590361445783,0.3112449799196787,0.8072289156626506,0.20080321285140562,0.6726907630522089,0.21686746987951808,0.5803212851405622,0.24497991967871485,0.9919678714859438,0.39357429718875503,0.8112449799196787,0.2931726907630522,0.7269076305220884,0.38755020080321284,0.7389558232931727,0.4497991967871486,1.0,0.4959839357429719,0.8072289156626506,0.40763052208835343,0.7329317269076305,0.4839357429718876,0.7610441767068273,0.5240963855421686,0.9738955823293173,0.6004016064257028,0.8172690763052208,0.5200803212851406,0.7630522088353414,0.5602409638554217,0.7911646586345381,0.5943775100401606,0.16568171977996826,0.07356716692447662,-0.02724120020866394,-0.015897899866104126,-0.017203181982040405,0.003555864095687866,-0.03651583194732666,0.04292987287044525,0.4588874876499176,0.678161084651947,-0.30511003732681274,0.05161011219024658,-0.03270789980888367,-0.8034108281135559,-0.05741530656814575,-0.2966296374797821,-0.1940437376499176,-0.21843886242972482,-0.2331062376499176,-0.5087166402075025,-0.1940437376499176,0.14934933318032156,0.0,0.0,0.0,0.0,0.29289429352217655,0.15032820097952845,0.0,0.0,0.0,0.0,0.0,0.0,0.0,0.0,0.0,0.0
2,0.678714859437751,0.678714859437751,0.6445783132530121,0.4939759036144578,0.6987951807228916,0.3313253012048193,0.7329317269076305,0.21686746987951808,0.751004016064257,0.10040160642570281,0.9497991967871486,0.3393574297188755,0.8192771084337349,0.21485943775100402,0.678714859437751,0.2289156626506024,0.5863453815261044,0.25502008032128515,1.0,0.42570281124497994,0.8192771084337349,0.30522088353413657,0.7269076305220884,0.39156626506024095,0.7329317269076305,0.45582329317269077,1.0,0.5261044176706827,0.8032128514056225,0.42771084337349397,0.7289156626506024,0.4939759036144578,0.7570281124497992,0.5321285140562249,0.9678714859437751,0.6224899598393574,0.8012048192771084,0.5401606425702812,0.748995983935743,0.5763052208835341,0.7791164658634538,0.6104417670682731,0.1663733720779419,0.07361185550689697,-0.026973426342010498,-0.016013741493225098,-0.0173606276512146,0.003506094217300415,-0.03652867674827576,0.04320758581161499,0.45904120802879333,0.6777779161930084,-0.30532127618789673,0.05179089307785034,-0.03263753652572632,-0.8028930127620697,-0.0580136775970459,-0.2965759336948395,-0.19497870802879336,-0.20833347174856398,-0.23091620802879334,-0.5013890273041195,-0.19497870802879336,0.15956232514646318,0.0,0.0,0.0,0.0,0.29525084682050495,0.15560304431524988,0.0,0.0,0.0,0.0,0.0,0.0,0.0,0.0,0.0,0.0
2,0.68,0.684,0.644,0.492,0.694,0.334,0.73,0.218,0.752,0.104,0.956,0.346,0.818,0.222,0.674,0.228,0.58,0.248,1.0,0.434,0.814,0.314,0.73,0.394,0.736,0.462,0.992,0.532,0.782,0.434,0.718,0.494,0.746,0.534,0.948,0.622,0.762,0.544,0.718,0.58,0.752,0.612,0.16620370745658875,0.07351601123809814,-0.026790738105773926,-0.015862196683883667,-0.017196089029312134,0.0033949315547943115,-0.03651386499404907,0.04307442903518677,0.4591933339834213,0.6773744523525238,-0.30546310544013977,0.05095797777175903,-0.032622501254081726,-0.8005767166614532,-0.05816273391246796,-0.29652655124664307,-0.19356833398342133,-0.20237445235252383,-0.23263083398342133,-0.5051522301303015,-0.19356833398342133,0.16539414077997205,0.0,0.0,0.0,0.0,0.30528717893534174,0.15571087545868817,0.0,0.0,0.0,0.0,0.0,0.0,0.0,0.0,0.0,0.0
2,0.6953907815631263,0.7054108216432866,0.6472945891783567,0.5050100200400801,0.6973947895791583,0.3406813627254509,0.7334669338677354,0.22444889779559118,0.7555110220440882,0.10821643286573146,0.9599198396793587,0.3527054108216433,0.8216432865731463,0.22845691382765532,0.6753507014028056,0.23046092184368738,0.5791583166332666,0.24649298597194388,1.0,0.4408817635270541,0.8136272545090181,0.3186372745490982,0.7374749498997996,0.40080160320641284,0.7454909819639278,0.46893787575150303,0.9839679358717435,0.5370741482965932,0.7675350701402806,0.43687374749499,0.7134268537074149,0.501002004008016,0.749498997995992,0.5390781563126252,0.9338677354709419,0.6232464929859719,0.7454909819639278,0.5430861723446894,0.7134268537074149,0.5811623246492986,0.7575150300601202,0.6132264529058116,0.1659567952156067,0.07353369891643524,-0.02671155333518982,-0.01603028178215027,-0.017374128103256226,0.0032786130905151367,-0.03658472001552582,0.04309621453285217,0.459977850317955,0.6792336106300354,-0.3078911602497101,0.0496675968170166,-0.03265009820461273,-0.8018055558204651,-0.05885894596576691,-0.2988821864128113,-0.188884100317955,-0.19034472174114653,-0.23419660031795503,-0.508400277296702,-0.188884100317955,0.17870155655675463,0.0,0.0,0.0,0.0,0.32126711483748704,0.16504859171709724,0.0,0.0,0.0,0.0,0.0,0.0,0.0,0.0,0.0,0.0
2,0.7028112449799196,0.6967871485943775,0.6566265060240963,0.5080321285140562,0.7008032128514057,0.3453815261044177,0.7349397590361446,0.2248995983935743,0.7550200803212851,0.10843373493975904,0.9598393574297188,0.3493975903614458,0.8253012048192772,0.22690763052208834,0.6887550200803213,0.23293172690763053,0.5903614457831325,0.25100401606425704,1.0,0.43775100401606426,0.8152610441767069,0.3232931726907631,0.7449799196787149,0.40562248995983935,0.7590361445783133,0.46987951807228917,0.9819277108433735,0.536144578313253,0.7630522088353414,0.44176706827309237,0.7128514056224899,0.5080321285140562,0.7550200803212851,0.5461847389558233,0.927710843373494,0.6224899598393574,0.7389558232931727,0.5461847389558233,0.7068273092369478,0.5823293172690763,0.748995983935743,0.6124497991967871,0.16558387875556946,0.07351763546466827,-0.026444464921951294,-0.015935659408569336,-0.01724734902381897,0.003503948450088501,-0.03630967438220978,0.04313035309314728,0.4600057899951935,0.6812433302402496,-0.30908268690109253,0.04687780141830444,-0.032818764448165894,-0.8003369271755219,-0.05884188413619995,-0.30171701312065125,-0.18656828999519348,-0.19929888579580518,-0.2303182899951935,-0.5076322191291385,-0.18656828999519348,0.1707437213924196,0.0,0.0,0.0,0.0,0.31142175091737645,0.15846158609257735,0.0,0.0,0.0,0.0,0.0,0.0,0.0,0.0,0.0,0.0
2,0.6993987975951904,0.6893787575150301,0.6513026052104208,0.5050100200400801,0.6993987975951904,0.342685370741483,0.7354709418837675,0.22845691382765532,0.7575150300601202,0.11022044088176353,0.9599198396793587,0.35070140280561124,0.8276553106212425,0.22845691382765532,0.6893787575150301,0.23446893787575152,0.591182364729459,0.24849699398797595,1.0,0.43687374749499,0.811623246492986,0.3226452905811623,0.7394789579158316,0.40681362725450904,0.7535070140280561,0.46693386773547096,0.9819639278557114,0.531062124248497,0.7595190380761523,0.4408817635270541,0.7094188376753507,0.5050100200400801,0.751503006012024,0.5430861723446894,0.9258517034068137,0.6152304609218436,0.7354709418837675,0.5430861723446894,0.7014028056112225,0.5811623246492986,0.7434869739478958,0.6072144288577155,0.16559961438179016,0.0733543187379837,-0.026730448007583618,-0.016104966402053833,-0.01744481921195984,0.0035055577754974365,-0.03658585250377655,0.04279163479804993,0.4601161479949951,0.6838766634464264,-0.3105785846710205,0.04324716329574585,-0.032621026039123535,-0.8000047504901886,-0.05895113945007324,-0.30499428510665894,-0.18745989799499513,-0.2060988856686486,-0.22964739799499512,-0.5116544412242041,-0.18745989799499513,0.16531501577960123,0.0,0.0,0.0,0.0,0.3084541824762864,0.15560304431524988,0.0,0.0,0.0,0.0,0.0,0.0,0.0,0.0,0.0,0.0
2,0.6986027944111777,0.6766467065868264,0.6487025948103793,0.499001996007984,0.6986027944111777,0.3373253493013972,0.7385229540918163,0.2215568862275449,0.7624750499001997,0.10379241516966067,0.9620758483033932,0.34331337325349304,0.8263473053892215,0.22554890219560877,0.6866267465069861,0.23353293413173654,0.5888223552894212,0.249500998003992,1.0,0.4311377245508982,0.812375249500998,0.3193612774451098,0.7425149700598802,0.40119760479041916,0.7584830339321357,0.46107784431137727,0.9800399201596807,0.5249500998003992,0.7584830339321357,0.437125748502994,0.7105788423153693,0.499001996007984,0.7544910179640718,0.530938123752495,0.9241516966067864,0.6107784431137725,0.7305389221556886,0.5369261477045908,0.7025948103792415,0.5728542914171657,0.7465069860279441,0.5988023952095808,0.16549214720726013,0.07335518300533295,-0.026850789785385132,-0.015904158353805542,-0.017317891120910645,0.0035427212715148926,-0.03641830384731293,0.04285144805908203,0.46025076508522034,0.6858271062374115,-0.31094616651535034,0.04009169340133667,-0.03250136971473694,-0.8057992160320282,-0.05909499526023865,-0.30727308988571167,-0.18681326508522034,-0.21499377290407817,-0.22978201508522034,-0.5122159951263003,-0.18681326508522034,0.1574672778447469,0.0,0.0,0.0,0.0,0.3003121090786693,0.1518200131940779,0.0,0.0,0.0,0.0,0.0,0.0,0.0,0.0,0.0,0.0
2,0.7,0.672,0.652,0.488,0.704,0.326,0.746,0.212,0.77,0.092,0.966,0.342,0.832,0.222,0.692,0.228,0.594,0.24,1.0,0.43,0.822,0.316,0.754,0.39,0.764,0.448,0.976,0.522,0.762,0.428,0.716,0.486,0.758,0.52,0.918,0.604,0.728,0.528,0.702,0.564,0.746,0.588,0.16547223925590515,0.07323090732097626,-0.026613742113113403,-0.0158635675907135,-0.017223119735717773,0.003510892391204834,-0.03644455969333649,0.04283300042152405,0.46301646530628204,0.6860969662666321,-0.315253347158432,0.040827035903930664,-0.03234581649303436,-0.8070936799049377,-0.06173242628574371,-0.3079848885536194,-0.18957896530628204,-0.2194302995999654,-0.23098521530628205,-0.5194302995999655,-0.18957896530628204,0.1544843966762225,0.0,0.0,0.0,0.0,0.30284398217409325,0.15755167680541368,0.0,0.0,0.0,0.0,0.0,0.0,0.0,0.0,0.0,0.0
2,0.7005988023952096,0.6506986027944112,0.656686626746507,0.47305389221556887,0.7045908183632734,0.3153692614770459,0.7445109780439122,0.20359281437125748,0.7684630738522954,0.08582834331337326,0.9700598802395209,0.32934131736526945,0.8323353293413174,0.21357285429141717,0.6966067864271457,0.21756487025948104,0.6007984031936128,0.22954091816367264,1.0,0.41916167664670656,0.8183632734530938,0.3093812375249501,0.7544910179640718,0.37924151696606784,0.7644710578842315,0.4351297405189621,0.9740518962075848,0.5129740518962076,0.7544910179640718,0.41916167664670656,0.7145708582834331,0.4750499001996008,0.7544910179640718,0.5069860279441117,0.9121756487025948,0.5948103792415169,0.718562874251497,0.5189620758483033,0.6906187624750499,0.5489021956087824,0.7325349301397206,0.5728542914171657,0.16529008746147156,0.07322393357753754,-0.026519805192947388,-0.015729904174804688,-0.01710471510887146,0.0033338069915771484,-0.0359407514333725,0.043152034282684326,0.4638136625289917,0.6864925920963287,-0.31552064418792725,0.041136205196380615,-0.032884493470191956,-0.8078395426273346,-0.0625438392162323,-0.30876943469047546,-0.1895949125289917,-0.23371481431855096,-0.2286574125289917,-0.5267703698741065,-0.1895949125289917,0.14080340133772956,0.0,0.0,0.0,0.0,0.29564748865536694,0.1520690632574555,0.0,0.0,0.0,0.0,0.0,0.0,0.0,0.0,0.0,0.0
2,0.7051792828685259,0.6454183266932271,0.6613545816733067,0.4681274900398406,0.7071713147410359,0.31274900398406374,0.7470119521912351,0.20318725099601595,0.7729083665338645,0.08764940239043825,0.9701195219123506,0.3346613545816733,0.8286852589641435,0.21912350597609562,0.6852589641434262,0.22111553784860558,0.5916334661354582,0.22709163346613545,1.0,0.42231075697211157,0.8087649402390438,0.3047808764940239,0.749003984063745,0.3784860557768924,0.7689243027888446,0.43227091633466136,0.9721115537848606,0.5139442231075697,0.7450199203187251,0.4203187250996016,0.7071713147410359,0.4760956175298805,0.7549800796812749,0.5099601593625498,0.9103585657370518,0.5936254980079682,0.7131474103585658,0.5159362549800797,0.6892430278884463,0.545816733067729,0.7370517928286853,0.5657370517928287,0.16537272930145264,0.07410970330238342,-0.026384711265563965,-0.015415996313095093,-0.01672065258026123,0.0034252405166625977,-0.0355096310377121,0.04337538778781891,0.4640074074268341,0.6867097020149231,-0.31474632024765015,0.04083812236785889,-0.033077046275138855,-0.8073289394378662,-0.06298774480819702,-0.3094039261341095,-0.18744490742683412,-0.23670970201492308,-0.2319761574268341,-0.5283763686815898,-0.18744490742683412,0.13813902139663697,0.0,0.0,0.0,0.0,0.29504656695343356,0.1506992446752107,0.0,0.0,0.0,0.0,0.0,0.0,0.0,0.0,0.0,0.0
2,0.7037773359840954,0.6381709741550696,0.6640159045725647,0.46322067594433397,0.709741550695825,0.3101391650099404,0.7495029821073559,0.20079522862823063,0.7753479125248509,0.08548707753479125,0.974155069582505,0.33399602385685884,0.827037773359841,0.22266401590457258,0.68389662027833,0.22266401590457258,0.588469184890656,0.22465208747514911,1.0,0.4234592445328032,0.8091451292246521,0.3081510934393638,0.7495029821073559,0.37773359840954274,0.7673956262425448,0.43141153081510936,0.9701789264413518,0.5168986083499006,0.7415506958250497,0.42147117296222664,0.705765407554672,0.47713717693836977,0.7534791252485089,0.5089463220675944,0.9085487077534792,0.5944333996023857,0.7137176938369781,0.5149105367793241,0.6898608349900597,0.5427435387673957,0.7375745526838966,0.562624254473161,0.16531407833099365,0.07450701296329498,-0.02697405219078064,-0.015493690967559814,-0.01662498712539673,0.00321352481842041,-0.03560878336429596,0.043375641107559204,0.46400605142116547,0.6869590282440186,-0.31430497765541077,0.040250182151794434,-0.03309829533100128,-0.8068419694900513,-0.06372828781604767,-0.3108983635902405,-0.18744355142116548,-0.2411256949106852,-0.23275605142116546,-0.5300145837995741,-0.18744355142116548,0.13421796311934792,0.0,0.0,0.0,0.0,0.292420951335069,0.14659194224398628,0.0,0.0,0.0,0.0,0.0,0.0,0.0,0.0,0.0,0.0
2,0.7094861660079052,0.6482213438735178,0.6640316205533597,0.47035573122529645,0.7075098814229249,0.3142292490118577,0.7450592885375494,0.2075098814229249,0.7687747035573123,0.09486166007905138,0.974308300395257,0.3339920948616601,0.8300395256916996,0.22332015810276679,0.6837944664031621,0.22529644268774704,0.5849802371541502,0.23122529644268774,1.0,0.42292490118577075,0.808300395256917,0.308300395256917,0.7450592885375494,0.3814229249011858,0.7608695652173914,0.43873517786561267,0.9723320158102767,0.5158102766798419,0.7430830039525692,0.42292490118577075,0.7055335968379447,0.4782608695652174,0.7490118577075099,0.5098814229249012,0.9110671936758893,0.5968379446640316,0.7193675889328063,0.5158102766798419,0.6936758893280632,0.5454545454545454,0.7371541501976284,0.5652173913043478,0.16534942388534546,0.07561574876308441,-0.027113884687423706,-0.015355288982391357,-0.01646500825881958,0.0031773746013641357,-0.03555138409137726,0.04336918890476227,0.46335482597351074,0.6868951618671417,-0.3127110004425049,0.040019094944000244,-0.03385116159915924,-0.8059042394161224,-0.06344929337501526,-0.3114146292209625,-0.18288607597351075,-0.23133960631158618,-0.23210482597351073,-0.5243951618671417,-0.18288607597351075,0.14383262130949231,0.0,0.0,0.0,0.0,0.2971599636450674,0.14861689127518235,0.0,0.0,0.0,0.0,0.0,0.0,0.0,0.0,0.0,0.0
2,0.6994106090373281,0.6444007858546169,0.656188605108055,0.46954813359528486,0.7033398821218074,0.3182711198428291,0.7426326129666012,0.21021611001964635,0.768172888015717,0.0962671905697446,0.9705304518664047,0.33398821218074654,0.825147347740668,0.22396856581532418,0.6817288801571709,0.22593320235756384,0.587426326129666,0.2337917485265226,1.0,0.4223968565815324,0.8055009823182712,0.30648330058939094,0.7406679764243614,0.381139489194499,0.7583497053045186,0.4381139489194499,0.9724950884086444,0.5147347740667977,0.7465618860510805,0.4223968565815324,0.7053045186640472,0.481335952848723,0.7465618860510805,0.5166994106090373,0.9115913555992141,0.593320235756385,0.7210216110019646,0.5166994106090373,0.6895874263261297,0.5481335952848723,0.730844793713163,0.5697445972495089,0.1652957797050476,0.07567332684993744,-0.027183741331100464,-0.015317797660827637,-0.016525059938430786,0.0031639933586120605,-0.03562980890274048,0.04341992735862732,0.4626617133617401,0.6872667670249939,-0.31129878759384155,0.03924262523651123,-0.03459203243255615,-0.8063315153121948,-0.06288266181945801,-0.3120402991771698,-0.1845367133617401,-0.23171121146943835,-0.22906796336174012,-0.5219889892472162,-0.1845367133617401,0.1433635029527876,0.0,0.0,0.0,0.0,0.2936736632695677,0.14770469700507532,0.0,0.0,0.0,0.0,0.0,0.0,0.0,0.0,0.0,0.0
2,0.7045009784735812,0.6594911937377691,0.6555772994129159,0.48140900195694714,0.700587084148728,0.3268101761252446,0.7397260273972602,0.21526418786692758,0.7632093933463796,0.10176125244618395,0.9647749510763209,0.3385518590998043,0.8277886497064579,0.22309197651663404,0.684931506849315,0.22896281800391388,0.5909980430528375,0.23483365949119372,1.0,0.4227005870841487,0.8180039138943248,0.30724070450097846,0.7475538160469667,0.38747553816046965,0.7632093933463796,0.44422700587084146,0.9784735812133072,0.512720156555773,0.7592954990215264,0.42661448140900193,0.7123287671232876,0.4892367906066536,0.7553816046966731,0.5225048923679061,0.923679060665362,0.5909980430528375,0.7318982387475538,0.5225048923679061,0.6986301369863014,0.5596868884540117,0.7397260273972602,0.5831702544031311,0.1650906801223755,0.07554081082344055,-0.027620255947113037,-0.01544073224067688,-0.016608864068984985,0.0035162270069122314,-0.03546471893787384,0.0434286892414093,0.46213051676750183,0.6871959567070007,-0.3103368878364563,0.03939926624298096,-0.035316064953804016,-0.8085729479789734,-0.06250020861625671,-0.3120536208152771,-0.18088051676750183,-0.21914040115144517,-0.22619301676750184,-0.5205292900403341,-0.18088051676750183,0.15570768151018355,0.0,0.0,0.0,0.0,0.3047761227555877,0.15456508593135143,0.0,0.0,0.0,0.0,0.0,0.0,0.0,0.0,0.0,0.0
2,0.6990291262135923,0.6563106796116505,0.6504854368932039,0.48349514563106794,0.6990291262135923,0.32815533980582523,0.7378640776699029,0.21941747572815534,0.7611650485436893,0.10485436893203884,0.9631067961165048,0.3359223300970874,0.8330097087378641,0.21941747572815534,0.6912621359223301,0.22524271844660193,0.596116504854369,0.23883495145631067,1.0,0.42135922330097086,0.8194174757281554,0.3087378640776699,0.7456310679611651,0.3825242718446602,0.7572815533980582,0.4368932038834951,0.9786407766990292,0.512621359223301,0.7611650485436893,0.42330097087378643,0.7106796116504854,0.4815533980582524,0.7533980582524272,0.5145631067961165,0.920388349514563,0.5902912621359223,0.7320388349514563,0.5184466019417475,0.6990291262135923,0.5514563106796116,0.7417475728155339,0.574757281553398,0.16568702459335327,0.0755176991224289,-0.028679758310317993,-0.015519529581069946,-0.016820430755615234,0.003254115581512451,-0.03604157269001007,0.043074920773506165,0.461477667093277,0.6872036457061768,-0.3090750575065613,0.03929293155670166,-0.03594326972961426,-0.8125078082084656,-0.06234005093574524,-0.3120899796485901,-0.18022766709327698,-0.21775920126173232,-0.22163391709327698,-0.5163703123728434,-0.18022766709327698,0.15701264705922868,0.0,0.0,0.0,0.0,0.30146819603081654,0.1586848292945022,0.0,0.0,0.0,0.0,0.0,0.0,0.0,0.0,0.0,0.0
2,0.6996124031007752,0.6589147286821705,0.6531007751937985,0.4844961240310077,0.7015503875968992,0.32945736434108525,0.7403100775193798,0.2189922480620155,0.7596899224806202,0.1065891472868217,0.9612403100775194,0.3333333333333333,0.8294573643410853,0.2189922480620155,0.6918604651162791,0.22286821705426357,0.5988372093023255,0.23062015503875968,1.0,0.4186046511627907,0.8197674418604651,0.31007751937984496,0.75,0.38372093023255816,0.7655038759689923,0.437984496124031,0.9786821705426356,0.5096899224806202,0.7616279069767442,0.42441860465116277,0.7151162790697675,0.48255813953488375,0.7577519379844961,0.5155038759689923,0.9224806201550387,0.5891472868217055,0.7344961240310077,0.5193798449612403,0.6996124031007752,0.5523255813953488,0.7422480620155039,0.5736434108527132,0.16630637645721436,0.0757918655872345,-0.02913445234298706,-0.015676409006118774,-0.017091870307922363,0.003476947546005249,-0.03606560826301575,0.04343198239803314,0.46092259883880615,0.6871379017829895,-0.3084636926651001,0.03762686252593994,-0.03593599796295166,-0.8148754239082336,-0.06250020861625671,-0.3120206594467163,-0.17889134883880614,-0.2149156795607673,-0.21951634883880616,-0.5218601240052118,-0.17889134883880614,0.15990337563885582,0.0,0.0,0.0,0.0,0.30962119210465655,0.16054597737313273,0.0,0.0,0.0,0.0,0.0,0.0,0.0,0.0,0.0,0.0
2,0.6990291262135923,0.6621359223300971,0.6524271844660194,0.48349514563106794,0.7009708737864078,0.32815533980582523,0.7378640776699029,0.2174757281553398,0.7572815533980582,0.10097087378640776,0.9631067961165048,0.3320388349514563,0.8349514563106796,0.2174757281553398,0.6951456310679611,0.22330097087378642,0.6019417475728155,0.23300970873786409,1.0,0.41941747572815535,0.8233009708737864,0.3087378640776699,0.7456310679611651,0.3844660194174757,0.7592233009708738,0.4407766990291262,0.9805825242718447,0.5106796116504855,0.7708737864077669,0.42135922330097086,0.7145631067961165,0.4815533980582524,0.7553398058252427,0.516504854368932,0.9262135922330097,0.5922330097087378,0.7378640776699029,0.5223300970873787,0.7009708737864078,0.5553398058252427,0.7398058252427184,0.5805825242718446,0.16639521718025208,0.07579116523265839,-0.02911195158958435,-0.01553240418434143,-0.01697409152984619,0.0034529566764831543,-0.03597933053970337,0.04348397254943848,0.45952464640140533,0.6879844963550568,-0.30657121539115906,0.035505473613739014,-0.035406067967414856,-0.8123180568218231,-0.062138333916664124,-0.3127971589565277,-0.17827464640140533,-0.21437338524394567,-0.21733714640140533,-0.5213178296883901,-0.17827464640140533,0.16068802989191477,0.0,0.0,0.0,0.0,0.30942005571966186,0.16017488035271618,0.0,0.0,0.0,0.0,0.0,0.0,0.0,0.0,0.0,0.0
2,0.6976744186046512,0.6608527131782945,0.6511627906976745,0.48255813953488375,0.6996124031007752,0.32751937984496127,0.7325581395348837,0.2131782945736434,0.748062015503876,0.09883720930232558,0.9612403100775194,0.32945736434108525,0.8294573643410853,0.2131782945736434,0.6937984496124031,0.22093023255813954,0.6007751937984496,0.23449612403100775,1.0,0.41472868217054265,0.8236434108527132,0.3023255813953488,0.7461240310077519,0.3798449612403101,0.7558139534883721,0.436046511627907,0.9825581395348837,0.5096899224806202,0.7732558139534884,0.4186046511627907,0.7189922480620154,0.4786821705426357,0.7558139534883721,0.5135658914728682,0.9282945736434108,0.5949612403100775,0.748062015503876,0.5193798449612403,0.7093023255813954,0.5523255813953488,0.7461240310077519,0.5775193798449613,0.16629377007484436,0.07575152814388275,-0.02908763289451599,-0.01556485891342163,-0.017002075910568237,0.003478318452835083,-0.03598633408546448,0.043408557772636414,0.4594598859548569,0.6878275871276855,-0.30671098828315735,0.03521597385406494,-0.03412611782550812,-0.8122634887695312,-0.06213395297527313,-0.3126181960105896,-0.17820988595485687,-0.21421647601657445,-0.21727238595485687,-0.5197720315721299,-0.17820988595485687,0.1607642940349049,0.0,0.0,0.0,0.0,0.3080423289697605,0.16280696093750655,0.0,0.0,0.0,0.0,0.0,0.0,0.0,0.0,0.0,0.0
2,0.6976744186046512,0.6666666666666666,0.6492248062015504,0.48255813953488375,0.6957364341085271,0.3236434108527132,0.7228682170542635,0.21124031007751937,0.7364341085271318,0.09689922480620156,0.9612403100775194,0.3372093023255814,0.8275193798449613,0.2131782945736434,0.687984496124031,0.22093023255813954,0.5949612403100775,0.2364341085271318,1.0,0.42248062015503873,0.8197674418604651,0.29844961240310075,0.7461240310077519,0.3798449612403101,0.7577519379844961,0.4418604651162791,0.9806201550387597,0.5155038759689923,0.7732558139534884,0.41472868217054265,0.7189922480620154,0.47674418604651164,0.7577519379844961,0.5116279069767442,0.9282945736434108,0.5988372093023255,0.751937984496124,0.5155038759689923,0.7151162790697675,0.5484496124031008,0.7538759689922481,0.5775193798449613,0.1663857400417328,0.07610750198364258,-0.028783798217773438,-0.015389174222946167,-0.016832351684570312,0.003492385149002075,-0.03575518727302551,0.04376429319381714,0.4594406187534332,0.6878344714641571,-0.3067319989204407,0.034495770931243896,-0.032593607902526855,-0.8080699741840363,-0.0622229278087616,-0.31247028708457947,-0.17819061875343323,-0.2100566936863793,-0.21959686875343323,-0.5183900270197126,-0.17819061875343323,0.16497200595008005,0.0,0.0,0.0,0.0,0.311101144297971,0.16292126311509894,0.0,0.0,0.0,0.0,0.0,0.0,0.0,0.0,0.0,0.0
2,0.693516699410609,0.6777996070726916,0.650294695481336,0.48919449901768175,0.6915520628683693,0.3280943025540275,0.7151277013752456,0.21021611001964635,0.7229862475442044,0.09430255402750491,0.962671905697446,0.33988212180746563,0.825147347740668,0.2180746561886051,0.6856581532416502,0.22593320235756384,0.5893909626719057,0.24361493123772102,1.0,0.4263261296660118,0.8172888015717092,0.3025540275049116,0.7406679764243614,0.3850687622789784,0.7465618860510805,0.449901768172888,0.9842829076620825,0.5206286836935167,0.7740667976424361,0.4204322200392927,0.7170923379174853,0.48330058939096265,0.75049115913556,0.5206286836935167,0.931237721021611,0.6090373280943026,0.7524557956777996,0.5245579567779961,0.7170923379174853,0.5599214145383105,0.756385068762279,0.5913555992141454,0.16570228338241577,0.07413952052593231,-0.026423007249832153,-0.016143113374710083,-0.01772230863571167,0.0031302273273468018,-0.036441877484321594,0.04291209578514099,0.45923493802547455,0.6876953542232513,-0.3067052662372589,0.03405731916427612,-0.030363276600837708,-0.8053027093410492,-0.061479732394218445,-0.31224724650382996,-0.18345368802547457,-0.20852868755658466,-0.22485993802547455,-0.5154731320010291,-0.18345368802547457,0.16605885575215024,0.0,0.0,0.0,0.0,0.30972466726815795,0.16248611144500721,0.0,0.0,0.0,0.0,0.0,0.0,0.0,0.0,0.0,0.0
2,0.6883629191321499,0.6883629191321499,0.6449704142011834,0.4930966469428008,0.6824457593688363,0.32938856015779094,0.7041420118343196,0.20907297830374755,0.7120315581854043,0.09072978303747535,0.9625246548323472,0.34516765285996054,0.8224852071005917,0.22090729783037474,0.6804733727810651,0.22879684418145957,0.5857988165680473,0.2465483234714004,1.0,0.4339250493096647,0.8165680473372781,0.3037475345167653,0.73767258382643,0.3865877712031558,0.747534516765286,0.4516765285996055,0.9842209072978304,0.5285996055226825,0.7751479289940828,0.4240631163708087,0.7159763313609467,0.48520710059171596,0.7495069033530573,0.5226824457593688,0.9329388560157791,0.6134122287968442,0.7514792899408284,0.5285996055226825,0.7140039447731755,0.5641025641025641,0.7514792899408284,0.5956607495069034,0.16677790880203247,0.0746411681175232,-0.02440321445465088,-0.01630041003227234,-0.017809808254241943,0.003514409065246582,-0.037488535046577454,0.042455390095710754,0.4592828154563904,0.6870834529399872,-0.30691540241241455,0.03530699014663696,-0.030277788639068604,-0.80463507771492,-0.05953076481819153,-0.3113798499107361,-0.1866265654563904,-0.20236123071776496,-0.2272515654563904,-0.513472341828876,-0.1866265654563904,0.1709458781613244,0.0,0.0,0.0,0.0,0.31375231326922537,0.16830654825058883,0.0,0.0,0.0,0.0,0.0,0.0,0.0,0.0,0.0,0.0
2,0.6746031746031746,0.6785714285714286,0.6408730158730159,0.4880952380952381,0.6825396825396826,0.3273809523809524,0.7023809523809523,0.2123015873015873,0.7142857142857143,0.09722222222222222,0.9523809523809523,0.3392857142857143,0.8154761904761905,0.21825396825396826,0.6765873015873016,0.23015873015873015,0.5873015873015873,0.25793650793650796,1.0,0.42658730158730157,0.8194444444444444,0.30357142857142855,0.7321428571428571,0.38095238095238093,0.7380952380952381,0.44642857142857145,0.9940476190476191,0.5257936507936508,0.7896825396825397,0.42658730158730157,0.7202380952380952,0.4861111111111111,0.748015873015873,0.5218253968253969,0.9543650793650794,0.6170634920634921,0.7738095238095238,0.5337301587301587,0.7281746031746031,0.5694444444444444,0.7638888888888888,0.5992063492063492,0.16703829169273376,0.07492025196552277,-0.026198476552963257,-0.015842676162719727,-0.01741805672645569,0.0034701526165008545,-0.03874708712100983,0.04157286882400513,0.4592817425727844,0.686557412147522,-0.3069239854812622,0.037238478660583496,-0.03015822172164917,-0.804592490196228,-0.05738368630409241,-0.3107788860797882,-0.19365674257278442,-0.211557412147522,-0.2280317425727844,-0.5060018565919664,-0.19365674257278442,0.1604131370782852,0.0,0.0,0.0,0.0,0.2964442131147064,0.1644118304745738,0.0,0.0,0.0,0.0,0.0,0.0,0.0,0.0,0.0,0.0
2,0.6679841897233202,0.6739130434782609,0.6403162055335968,0.4881422924901186,0.6798418972332015,0.32806324110671936,0.6976284584980237,0.2134387351778656,0.7114624505928854,0.09881422924901186,0.9525691699604744,0.33794466403162055,0.8142292490118577,0.21541501976284586,0.6739130434782609,0.22924901185770752,0.5830039525691699,0.25889328063241107,1.0,0.4268774703557312,0.8181818181818182,0.30039525691699603,0.7272727272727273,0.3814229249011858,0.7292490118577075,0.44466403162055335,0.9960474308300395,0.525691699604743,0.7924901185770751,0.4209486166007905,0.7213438735177866,0.4881422924901186,0.7470355731225297,0.525691699604743,0.9624505928853755,0.6205533596837944,0.7924901185770751,0.5316205533596838,0.741106719367589,0.5691699604743083,0.7687747035573123,0.5988142292490118,0.1672053039073944,0.07487556338310242,-0.02623271942138672,-0.01531258225440979,-0.016746938228607178,0.003480970859527588,-0.038781821727752686,0.04149262607097626,0.4594438970088959,0.6859042644500732,-0.30714935064315796,0.039288997650146484,-0.030544206500053406,-0.8060861825942993,-0.05632871389389038,-0.31011369824409485,-0.1953813970088959,-0.21229315333896215,-0.22897514700889587,-0.5039598200056288,-0.1953813970088959,0.15882333583301966,0.0,0.0,0.0,0.0,0.29359493265979053,0.16292126311509889,0.0,0.0,0.0,0.0,0.0,0.0,0.0,0.0,0.0,0.0
2,0.6666666666666666,0.6764705882352942,0.6392156862745098,0.48627450980392156,0.6803921568627451,0.3235294117647059,0.6980392156862745,0.20588235294117646,0.7058823529411765,0.08823529411764706,0.9568627450980393,0.33725490196078434,0.8176470588235294,0.21372549019607842,0.6784313725490196,0.2235294117647059,0.5882352941176471,0.25098039215686274,1.0,0.4235294117647059,0.8176470588235294,0.2980392156862745,0.7274509803921568,0.3764705882352941,0.7333333333333333,0.4411764705882353,0.996078431372549,0.5196078431372549,0.7941176470588235,0.41568627450980394,0.7215686274509804,0.4803921568627451,0.7470588235294118,0.5196078431372549,0.9607843137254902,0.611764705882353,0.796078431372549,0.5235294117647059,0.7450980392156863,0.5588235294117647,0.7705882352941177,0.5901960784313726,0.16783317923545837,0.07603716850280762,-0.027839243412017822,-0.015695810317993164,-0.017123699188232422,0.00338137149810791,-0.038812339305877686,0.0418313592672348,0.4598638117313385,0.6859443485736847,-0.30738013982772827,0.04010874032974243,-0.02966393530368805,-0.8060431778430939,-0.05594918131828308,-0.3104366064071655,-0.1942388117313385,-0.206777681907018,-0.2254888117313385,-0.5081665707959069,-0.1942388117313385,0.16416908303896588,0.0,0.0,0.0,0.0,0.3030046614256603,0.16877009268240561,0.0,0.0,0.0,0.0,0.0,0.0,0.0,0.0,0.0,0.0
2,0.6569200779727096,0.6686159844054581,0.6374269005847953,0.48148148148148145,0.682261208576998,0.3216374269005848,0.7037037037037037,0.2046783625730994,0.7153996101364523,0.08966861598440545,0.9571150097465887,0.33528265107212474,0.8206627680311891,0.20857699805068225,0.6842105263157895,0.2202729044834308,0.5925925925925926,0.24951267056530213,1.0,0.42105263157894735,0.8187134502923976,0.2962962962962963,0.7309941520467836,0.3762183235867446,0.7348927875243665,0.442495126705653,0.9961013645224172,0.5146198830409356,0.7992202729044834,0.4074074074074074,0.7270955165692008,0.47368421052631576,0.7504873294346979,0.5165692007797271,0.9610136452241715,0.6081871345029239,0.7992202729044834,0.5165692007797271,0.7446393762183235,0.5516569200779727,0.7680311890838206,0.5847953216374269,0.16797390580177307,0.07612140476703644,-0.027880817651748657,-0.01600894331932068,-0.017455995082855225,0.0033945441246032715,-0.03869481384754181,0.04218792915344238,0.45995667576789856,0.6864733397960663,-0.3074151873588562,0.040019452571868896,-0.029362022876739502,-0.8055641949176788,-0.05570533871650696,-0.3111802041530609,-0.19667542576789854,-0.21008445090717742,-0.22245667576789857,-0.5086955620182885,-0.19667542576789854,0.1610048883491092,0.0,0.0,0.0,0.0,0.29972198539742595,0.16411384043844926,0.0,0.0,0.0,0.0,0.0,0.0,0.0,0.0,0.0,0.0
2,0.6575875486381323,0.669260700389105,0.6381322957198443,0.4805447470817121,0.688715953307393,0.31906614785992216,0.7101167315175098,0.20233463035019456,0.72568093385214,0.08754863813229571,0.9571984435797666,0.33657587548638135,0.8249027237354085,0.20817120622568094,0.6867704280155642,0.22178988326848248,0.5972762645914397,0.2529182879377432,1.0,0.42217898832684825,0.8210116731517509,0.29571984435797666,0.7334630350194552,0.3735408560311284,0.7354085603112841,0.4396887159533074,0.9941634241245136,0.5175097276264592,0.8035019455252919,0.4066147859922179,0.7295719844357976,0.4708171206225681,0.7529182879377432,0.5155642023346303,0.9571984435797666,0.6108949416342413,0.8035019455252919,0.5136186770428015,0.7509727626459144,0.5447470817120622,0.7723735408560312,0.5778210116731517,0.16777735948562622,0.07580378651618958,-0.026761949062347412,-0.01616227626800537,-0.01746538281440735,0.003736644983291626,-0.038889601826667786,0.04223111271858215,0.46033215522766113,0.6866528689861298,-0.3075634241104126,0.04132658243179321,-0.029632195830345154,-0.8065674006938934,-0.0552462637424469,-0.3115720748901367,-0.19626965522766116,-0.20887509120835196,-0.22048840522766114,-0.5060973134305742,-0.19626965522766116,0.16207447515593637,0.0,0.0,0.0,0.0,0.298207305802991,0.16684163269770103,0.0,0.0,0.0,0.0,0.0,0.0,0.0,0.0,0.0,0.0
2,0.6588693957115009,0.6686159844054581,0.6413255360623782,0.48148148148148145,0.6900584795321637,0.31773879142300193,0.7134502923976608,0.20077972709551656,0.7251461988304093,0.08576998050682261,0.9590643274853801,0.33723196881091616,0.8226120857699805,0.21052631578947367,0.6881091617933723,0.22417153996101363,0.5984405458089669,0.253411306042885,1.0,0.4249512670565302,0.8187134502923976,0.2962962962962963,0.7348927875243665,0.3762183235867446,0.7368421052631579,0.442495126705653,0.9941520467836257,0.52046783625731,0.8011695906432749,0.4074074074074074,0.732943469785575,0.47173489278752434,0.7582846003898636,0.5165692007797271,0.9571150097465887,0.6120857699805068,0.8050682261208577,0.5146198830409356,0.7524366471734892,0.5458089668615984,0.7777777777777778,0.580896686159844,0.16782864928245544,0.0756804496049881,-0.0267924964427948,-0.016243666410446167,-0.017535507678985596,0.003827512264251709,-0.039313867688179016,0.04188352823257446,0.46091794967651367,0.6876063346862793,-0.30843520164489746,0.04352521896362305,-0.029230132699012756,-0.8096581697463989,-0.054455697536468506,-0.3125307261943817,-0.1968554496765137,-0.21121744579739044,-0.22107419967651368,-0.5070507791307237,-0.1968554496765137,0.15981357031398347,0.0,0.0,0.0,0.0,0.29682302633500923,0.16411384043844926,0.0,0.0,0.0,0.0,0.0,0.0,0.0,0.0,0.0,0.0
2,0.6588693957115009,0.6705653021442495,0.6393762183235867,0.4834307992202729,0.6881091617933723,0.31773879142300193,0.7115009746588694,0.20077972709551656,0.723196881091618,0.08576998050682261,0.9571150097465887,0.3391812865497076,0.8206627680311891,0.21052631578947367,0.6861598440545809,0.2222222222222222,0.5964912280701754,0.25146198830409355,1.0,0.4249512670565302,0.8187134502923976,0.2962962962962963,0.7348927875243665,0.3762183235867446,0.7368421052631579,0.442495126705653,0.9941520467836257,0.5185185185185185,0.7992202729044834,0.40545808966861596,0.7309941520467836,0.47368421052631576,0.7582846003898636,0.5165692007797271,0.9571150097465887,0.6101364522417154,0.8011695906432749,0.5146198830409356,0.7504873294346979,0.5477582846003899,0.7758284600389863,0.580896686159844,0.16749727725982666,0.07553720474243164,-0.026654839515686035,-0.01614794135093689,-0.017431139945983887,0.003930211067199707,-0.03931185603141785,0.04157280921936035,0.46120142936706543,0.6890209019184113,-0.30903780460357666,0.04716593027114868,-0.029272183775901794,-0.8099863827228546,-0.052906572818756104,-0.31394752860069275,-0.19713892936706545,-0.21124312414063345,-0.22213892936706542,-0.5098542352517446,-0.19713892936706545,0.15972061322795023,0.0,0.0,0.0,0.0,0.29965579533693715,0.1654775286859216,0.0,0.0,0.0,0.0,0.0,0.0,0.0,0.0,0.0,0.0
2,0.66015625,0.677734375,0.638671875,0.486328125,0.6875,0.3203125,0.7109375,0.203125,0.724609375,0.087890625,0.958984375,0.341796875,0.822265625,0.212890625,0.685546875,0.224609375,0.595703125,0.25390625,1.0,0.42578125,0.818359375,0.296875,0.734375,0.37890625,0.740234375,0.447265625,0.994140625,0.521484375,0.798828125,0.41015625,0.732421875,0.4765625,0.759765625,0.51953125,0.95703125,0.611328125,0.798828125,0.517578125,0.751953125,0.55078125,0.779296875,0.583984375,0.166942298412323,0.07517072558403015,-0.026941895484924316,-0.016033977270126343,-0.017275482416152954,0.003872007131576538,-0.039147838950157166,0.04158291220664978,0.4614114314317703,0.6897672414779663,-0.3095479905605316,0.05218172073364258,-0.030146315693855286,-0.8109098672866821,-0.05156312882900238,-0.31519368290901184,-0.19734893143177035,-0.20782279703352186,-0.22313018143177032,-0.5092116859224107,-0.19734893143177035,0.1628423881199625,0.0,0.0,0.0,0.0,0.3024895621294089,0.1669897268630531,0.0,0.0,0.0,0.0,0.0,0.0,0.0,0.0,0.0,0.0
2,0.662109375,0.673828125,0.642578125,0.484375,0.689453125,0.3203125,0.7109375,0.203125,0.724609375,0.08984375,0.95703125,0.33984375,0.822265625,0.2109375,0.6875,0.224609375,0.599609375,0.255859375,1.0,0.423828125,0.818359375,0.296875,0.734375,0.37890625,0.740234375,0.4453125,0.994140625,0.51953125,0.798828125,0.41015625,0.732421875,0.4765625,0.759765625,0.51953125,0.95703125,0.611328125,0.802734375,0.517578125,0.75390625,0.55078125,0.78125,0.583984375,0.16682201623916626,0.07543429732322693,-0.02754390239715576,-0.01574474573135376,-0.017047017812728882,0.004007130861282349,-0.03910239040851593,0.04150038957595825,0.4613639712333679,0.6899784207344055,-0.30952441692352295,0.05437493324279785,-0.030349403619766235,-0.8106499910354614,-0.05006316304206848,-0.31572848558425903,-0.19652022123336793,-0.21081175406773883,-0.22152022123336793,-0.508033976289961,-0.19652022123336793,0.15920903782049817,0.0,0.0,0.0,0.0,0.298271771012136,0.1654775286859216,0.0,0.0,0.0,0.0,0.0,0.0,0.0,0.0,0.0,0.0
2,0.6666666666666666,0.6764132553606238,0.6432748538011696,0.4873294346978557,0.6881091617933723,0.3235867446393762,0.7115009746588694,0.2046783625730994,0.7251461988304093,0.09161793372319688,0.9571150097465887,0.341130604288499,0.8226120857699805,0.21052631578947367,0.6861598440545809,0.22417153996101363,0.5984405458089669,0.2553606237816764,1.0,0.42300194931773877,0.8167641325536062,0.2962962962962963,0.732943469785575,0.37816764132553604,0.7368421052631579,0.4444444444444444,0.9941520467836257,0.5165692007797271,0.797270955165692,0.4074074074074074,0.7309941520467836,0.4756335282651072,0.7582846003898636,0.5185185185185185,0.9590643274853801,0.6081871345029239,0.7992202729044834,0.5165692007797271,0.7524366471734892,0.5516569200779727,0.7777777777777778,0.5847953216374269,0.16677138209342957,0.07518094778060913,-0.027977049350738525,-0.01570826768875122,-0.017040789127349854,0.0039026737213134766,-0.03875561058521271,0.04168672859668732,0.4611891955137253,0.6905107498168945,-0.3098823130130768,0.05590105056762695,-0.03029385209083557,-0.81025230884552,-0.04940997064113617,-0.317186176776886,-0.19400169551372526,-0.20856630537245008,-0.2213454455137253,-0.5085663053724501,-0.19400169551372526,0.16139405485656527,0.0,0.0,0.0,0.0,0.30124355704987704,0.1676536890502577,0.0,0.0,0.0,0.0,0.0,0.0,0.0,0.0,0.0,0.0
2,0.666015625,0.671875,0.64453125,0.486328125,0.69140625,0.322265625,0.71484375,0.205078125,0.7265625,0.091796875,0.95703125,0.33984375,0.822265625,0.2109375,0.6875,0.2265625,0.599609375,0.2578125,1.0,0.423828125,0.8203125,0.296875,0.732421875,0.37890625,0.736328125,0.4453125,0.99609375,0.517578125,0.802734375,0.41015625,0.732421875,0.4765625,0.7578125,0.521484375,0.958984375,0.609375,0.8046875,0.51953125,0.755859375,0.552734375,0.78125,0.5859375,0.16667646169662476,0.07516279816627502,-0.028288602828979492,-0.015852391719818115,-0.01717248558998108,0.003859400749206543,-0.038945138454437256,0.04147423803806305,0.4610799103975296,0.6911641955375671,-0.3102746903896332,0.05700230598449707,-0.030131831765174866,-0.810327410697937,-0.04916335642337799,-0.3181782364845276,-0.1946736603975296,-0.21338641775978934,-0.2212361603975296,-0.5078308622042338,-0.1946736603975296,0.15677735822068323,0.0,0.0,0.0,0.0,0.29564014827226626,0.1635475641776936,0.0,0.0,0.0,0.0,0.0,0.0,0.0,0.0,0.0,0.0
2,0.666015625,0.671875,0.642578125,0.48828125,0.69140625,0.32421875,0.71484375,0.208984375,0.73046875,0.095703125,0.955078125,0.33984375,0.82421875,0.2109375,0.6875,0.2265625,0.599609375,0.2578125,1.0,0.423828125,0.8203125,0.296875,0.734375,0.380859375,0.736328125,0.4453125,0.994140625,0.517578125,0.802734375,0.41015625,0.732421875,0.478515625,0.7578125,0.521484375,0.958984375,0.609375,0.8046875,0.51953125,0.755859375,0.5546875,0.78125,0.5859375,0.16738343238830566,0.07528622448444366,-0.02813437581062317,-0.016015708446502686,-0.01732727885246277,0.0037966370582580566,-0.03875936567783356,0.04226085543632507,0.4609204828739166,0.6917500495910645,-0.3108362555503845,0.05792355537414551,-0.02976033091545105,-0.809734046459198,-0.048954010009765625,-0.3190292418003082,-0.19451423287391661,-0.21397227181328665,-0.22107673287391663,-0.5084167162577311,-0.19451423287391661,0.1563797579871284,0.0,0.0,0.0,0.0,0.29564014827226626,0.1635475641776936,0.0,0.0,0.0,0.0,0.0,0.0,0.0,0.0,0.0,0.0
2,0.6634050880626223,0.6712328767123288,0.6438356164383562,0.487279843444227,0.6927592954990215,0.324853228962818,0.7162426614481409,0.20743639921722112,0.7318982387475538,0.0958904109589041,0.9569471624266145,0.3405088062622309,0.8238747553816047,0.21135029354207435,0.6888454011741683,0.22504892367906065,0.6007827788649707,0.2563600782778865,1.0,0.4227005870841487,0.821917808219178,0.2974559686888454,0.735812133072407,0.3816046966731898,0.7397260273972602,0.4461839530332681,0.9960861056751468,0.5166340508806262,0.8023483365949119,0.410958904109589,0.7338551859099804,0.4794520547945205,0.761252446183953,0.5225048923679061,0.9608610567514677,0.6105675146771037,0.8062622309197651,0.5225048923679061,0.7573385518590998,0.5557729941291585,0.7827788649706457,0.5870841487279843,0.16641578078269958,0.0734456330537796,-0.02671954035758972,-0.01390114426612854,-0.014945000410079956,0.0037469863891601562,-0.03848716616630554,0.041213974356651306,0.4608132392168045,0.6920571029186249,-0.3110235631465912,0.058491408824920654,-0.029551923274993896,-0.8090840280056,-0.048823967576026917,-0.32047396898269653,-0.19596948921680452,-0.21566821402973602,-0.2209694892168045,-0.5101126584741804,-0.19596948921680452,0.15477232121758988,0.0,0.0,0.0,0.0,0.29550385930508166,0.16260237697576083,0.0,0.0,0.0,0.0,0.0,0.0,0.0,0.0,0.0,0.0
2,0.6673189823874756,0.6771037181996086,0.6438356164383562,0.4931506849315068,0.6908023483365949,0.3287671232876712,0.7142857142857143,0.21135029354207435,0.7318982387475538,0.09784735812133072,0.9569471624266145,0.3424657534246575,0.8238747553816047,0.21135029354207435,0.6868884540117417,0.22504892367906065,0.598825831702544,0.2563600782778865,1.0,0.4246575342465753,0.821917808219178,0.2974559686888454,0.735812133072407,0.3835616438356164,0.7397260273972602,0.4481409001956947,0.9960861056751468,0.5185909980430529,0.8023483365949119,0.41291585127201563,0.7338551859099804,0.48140900195694714,0.7592954990215264,0.5244618395303327,0.9628180039138943,0.6105675146771037,0.8043052837573386,0.5225048923679061,0.7534246575342466,0.5577299412915852,0.7808219178082192,0.589041095890411,0.16701668500900269,0.07319168746471405,-0.02740803360939026,-0.014213085174560547,-0.015450537204742432,0.0037406980991363525,-0.03873841464519501,0.04190170764923096,0.46066048741340637,0.6926078200340271,-0.3110937476158142,0.05944061279296875,-0.029613196849822998,-0.808551013469696,-0.04862889647483826,-0.32159268856048584,-0.19425423741340636,-0.21205226447847153,-0.22159798741340636,-0.5106633755895826,-0.19425423741340636,0.15856609377596115,0.0,0.0,0.0,0.0,0.2998604281046015,0.1650509657319899,0.0,0.0,0.0,0.0,0.0,0.0,0.0,0.0,0.0,0.0
2,0.6640471512770137,0.6719056974459725,0.6444007858546169,0.48919449901768175,0.6915520628683693,0.32612966601178783,0.7151277013752456,0.2082514734774067,0.730844793713163,0.0962671905697446,0.9548133595284872,0.3379174852652259,0.8271119842829077,0.21218074656188604,0.6915520628683693,0.22593320235756384,0.6011787819253438,0.2554027504911591,1.0,0.4223968565815324,0.825147347740668,0.29862475442043224,0.7367387033398821,0.3831041257367387,0.7426326129666012,0.449901768172888,0.9960707269155207,0.518664047151277,0.8055009823182712,0.41453831041257366,0.7347740667976425,0.48330058939096265,0.762278978388998,0.5245579567779961,0.962671905697446,0.6129666011787819,0.8055009823182712,0.5245579567779961,0.756385068762279,0.5579567779960707,0.7838899803536346,0.5913555992141454,0.16677746176719666,0.07325604557991028,-0.02812272310256958,-0.01470571756362915,-0.01595824956893921,0.0035797953605651855,-0.038983508944511414,0.041602522134780884,0.46056631207466125,0.6931842267513275,-0.31125372648239136,0.059666335582733154,-0.02901822328567505,-0.8082037270069122,-0.048382312059402466,-0.32252392172813416,-0.19650381207466128,-0.21818422675132754,-0.22150381207466124,-0.5126286711957719,-0.19650381207466128,0.15259904265403745,0.0,0.0,0.0,0.0,0.29550385930508166,0.1600253765562678,0.0,0.0,0.0,0.0,0.0,0.0,0.0,0.0,0.0,0.0
2,0.6634050880626223,0.6771037181996086,0.6418786692759295,0.4911937377690802,0.6888454011741683,0.3268101761252446,0.7123287671232876,0.20939334637964774,0.7299412915851272,0.0958904109589041,0.9569471624266145,0.3424657534246575,0.821917808219178,0.21330724070450097,0.6868884540117417,0.22504892367906065,0.598825831702544,0.2563600782778865,1.0,0.42661448140900193,0.8199608610567515,0.2974559686888454,0.735812133072407,0.3816046966731898,0.7397260273972602,0.4481409001956947,0.9941291585127201,0.5205479452054794,0.8003913894324853,0.41291585127201563,0.7299412915851272,0.48140900195694714,0.7573385518590998,0.5244618395303327,0.958904109589041,0.6125244618395304,0.8003913894324853,0.5205479452054794,0.7514677103718199,0.5577299412915852,0.7788649706457925,0.589041095890411,0.1663699746131897,0.07379931211471558,-0.028058528900146484,-0.015198320150375366,-0.016510963439941406,0.003407984972000122,-0.03920133411884308,0.04098707437515259,0.4604533314704895,0.6938289403915405,-0.3113696575164795,0.06027078628540039,-0.02872827649116516,-0.8084039688110352,-0.048050880432128906,-0.3234195411205292,-0.1956095814704895,-0.21327338483598496,-0.2213908314704895,-0.5118844959470961,-0.1956095814704895,0.15766652557584976,0.0,0.0,0.0,0.0,0.29972198539742606,0.16533177167913768,0.0,0.0,0.0,0.0,0.0,0.0,0.0,0.0,0.0,0.0
2,0.6634050880626223,0.6731898238747553,0.6438356164383562,0.4892367906066536,0.6908023483365949,0.3268101761252446,0.7142857142857143,0.20939334637964774,0.7299412915851272,0.0958904109589041,0.9569471624266145,0.3405088062622309,0.8238747553816047,0.21330724070450097,0.6888454011741683,0.22700587084148727,0.6007827788649707,0.2563600782778865,1.0,0.4246575342465753,0.821917808219178,0.299412915851272,0.7377690802348337,0.3816046966731898,0.7416829745596869,0.4461839530332681,0.9960861056751468,0.5185909980430529,0.8003913894324853,0.41291585127201563,0.7338551859099804,0.48140900195694714,0.7592954990215264,0.5225048923679061,0.958904109589041,0.6105675146771037,0.8023483365949119,0.5225048923679061,0.7534246575342466,0.5577299412915852,0.7808219178082192,0.589041095890411,0.16641297936439514,0.07422831654548645,-0.027125000953674316,-0.015305489301681519,-0.016549259424209595,0.003523588180541992,-0.03871297836303711,0.04139284789562225,0.46024127304553986,0.6945047080516815,-0.31179079413414,0.06093376874923706,-0.02893131971359253,-0.8095807135105133,-0.04764895141124725,-0.3242863416671753,-0.19539752304553987,-0.21672693027390372,-0.22039752304553986,-0.512560263607237,-0.19539752304553987,0.15434989945756067,0.0,0.0,0.0,0.0,0.2968877921220594,0.16411384043844932,0.0,0.0,0.0,0.0,0.0,0.0,0.0,0.0,0.0,0.0
2,0.6673189823874756,0.6771037181996086,0.6457925636007827,0.4931506849315068,0.6908023483365949,0.3287671232876712,0.7142857142857143,0.21135029354207435,0.7318982387475538,0.09980430528375733,0.9549902152641878,0.3405088062622309,0.8238747553816047,0.21330724070450097,0.6908023483365949,0.22700587084148727,0.6027397260273972,0.2563600782778865,1.0,0.4246575342465753,0.8238747553816047,0.299412915851272,0.7377690802348337,0.3816046966731898,0.7416829745596869,0.4461839530332681,0.9960861056751468,0.5185909980430529,0.8023483365949119,0.41487279843444225,0.7318982387475538,0.48140900195694714,0.7592954990215264,0.5225048923679061,0.9608610567514677,0.6105675146771037,0.8043052837573386,0.5225048923679061,0.7534246575342466,0.5557729941291585,0.7788649706457925,0.5870841487279843,0.1666300892829895,0.07448700070381165,-0.028279781341552734,-0.015181422233581543,-0.01646202802658081,0.003423154354095459,-0.03894658386707306,0.04136629402637482,0.46002770960330963,0.6945842206478119,-0.3118912875652313,0.060847342014312744,-0.02905614674091339,-0.8112832009792328,-0.04737003147602081,-0.3244111239910126,-0.19362145960330962,-0.21402866509225632,-0.21940270960330963,-0.5126397762033674,-0.19362145960330962,0.15694846096966003,0.0,0.0,0.0,0.0,0.29972198539742606,0.1665560432931948,0.0,0.0,0.0,0.0,0.0,0.0,0.0,0.0,0.0,0.0
2,0.6640625,0.671875,0.646484375,0.4921875,0.69140625,0.328125,0.712890625,0.2109375,0.73046875,0.099609375,0.953125,0.337890625,0.826171875,0.212890625,0.693359375,0.2265625,0.603515625,0.255859375,1.0,0.421875,0.826171875,0.298828125,0.73828125,0.3828125,0.740234375,0.44921875,0.998046875,0.515625,0.80859375,0.4140625,0.734375,0.482421875,0.759765625,0.525390625,0.96484375,0.611328125,0.810546875,0.521484375,0.75390625,0.5546875,0.77734375,0.5859375,0.1668526828289032,0.07451239228248596,-0.029076814651489258,-0.015469759702682495,-0.01676708459854126,0.003648906946182251,-0.038994595408439636,0.041541457176208496,0.4599975347518921,0.6955083012580872,-0.311944842338562,0.05914127826690674,-0.029008015990257263,-0.8146045207977295,-0.04732581973075867,-0.32536181807518005,-0.1943725347518921,-0.21773052348030936,-0.2185912847518921,-0.5135638568136427,-0.1943725347518921,0.15368653701411356,0.0,0.0,0.0,0.0,0.29682302633500934,0.16123829933054665,0.0,0.0,0.0,0.0,0.0,0.0,0.0,0.0,0.0,0.0
2,0.6594911937377691,0.675146771037182,0.639921722113503,0.487279843444227,0.6908023483365949,0.33072407045009783,0.7181996086105675,0.21526418786692758,0.735812133072407,0.09980430528375733,0.9608610567514677,0.350293542074364,0.8258317025440313,0.22113502935420742,0.6908023483365949,0.22700587084148727,0.598825831702544,0.25244618395303325,1.0,0.436399217221135,0.821917808219178,0.30332681017612523,0.7377690802348337,0.3816046966731898,0.7416829745596869,0.4481409001956947,0.9902152641878669,0.5303326810176126,0.7906066536203522,0.41682974559686886,0.726027397260274,0.48140900195694714,0.7514677103718199,0.5225048923679061,0.9471624266144814,0.6164383561643836,0.7808219178082192,0.5225048923679061,0.735812133072407,0.5577299412915852,0.761252446183953,0.5909980430528375,0.16706058382987976,0.07457517087459564,-0.028882235288619995,-0.01580488681793213,-0.0171239972114563,0.003777623176574707,-0.038871780037879944,0.04196783900260925,0.45982570946216583,0.6958742737770081,-0.3129180371761322,0.05922126770019531,-0.02923525869846344,-0.8228033781051636,-0.04715479910373688,-0.32575273513793945,-0.1965444594621658,-0.21670760711034137,-0.22076320946216582,-0.5167076071103414,-0.1965444594621658,0.1548069293300311,0.0,0.0,0.0,0.0,0.3009759921514713,0.16441852170514976,0.0,0.0,0.0,0.0,0.0,0.0,0.0,0.0,0.0,0.0
2,0.6871287128712872,0.7287128712871287,0.6514851485148515,0.5089108910891089,0.699009900990099,0.3405940594059406,0.7287128712871287,0.21584158415841584,0.7405940594059406,0.09108910891089109,0.9801980198019802,0.37425742574257426,0.8158415841584158,0.2376237623762376,0.6712871287128713,0.2316831683168317,0.5762376237623762,0.24554455445544554,1.0,0.4633663366336634,0.7940594059405941,0.3227722772277228,0.7306930693069307,0.4,0.7485148514851485,0.46732673267326735,0.9702970297029703,0.5564356435643565,0.7465346534653465,0.4277227722772277,0.700990099009901,0.4910891089108911,0.7445544554455445,0.5346534653465347,0.904950495049505,0.6376237623762376,0.7188118811881188,0.5326732673267327,0.6831683168316832,0.5683168316831683,0.7188118811881188,0.601980198019802,0.16704997420310974,0.07489651441574097,-0.028626084327697754,-0.015772312879562378,-0.017123878002166748,0.003778785467147827,-0.03861764073371887,0.042035460472106934,0.4591013938188553,0.6964834928512573,-0.31474801898002625,0.058005690574645996,-0.030148178339004517,-0.8277713656425476,-0.04636983573436737,-0.326073557138443,-0.18800764381885526,-0.18537238174014625,-0.23175764381885527,-0.524261270629035,-0.18800764381885526,0.1860542825526661,0.0,0.0,0.0,0.0,0.3417012459917957,0.18492609054071737,0.0,0.0,0.0,0.0,0.0,0.0,0.0,0.0,0.0,0.0
2,0.7045908183632734,0.7265469061876247,0.6966067864271457,0.5189620758483033,0.7345309381237525,0.35728542914171657,0.7485029940119761,0.2375249500998004,0.7624750499001997,0.1157684630738523,1.0,0.4031936127744511,0.8303393213572854,0.2554890219560878,0.6806387225548902,0.24550898203592814,0.5808383233532934,0.2554890219560878,0.998003992015968,0.499001996007984,0.7844311377245509,0.34331337325349304,0.7225548902195609,0.40119760479041916,0.7385229540918163,0.4550898203592814,0.9461077844311377,0.592814371257485,0.7225548902195609,0.4491017964071856,0.6866267465069861,0.49700598802395207,0.7305389221556886,0.5329341317365269,0.8682634730538922,0.6726546906187625,0.6926147704590818,0.5508982035928144,0.6746506986027944,0.5668662674650699,0.718562874251497,0.592814371257485,0.16661155223846436,0.07457950711250305,-0.02851235866546631,-0.015573650598526001,-0.01688733696937561,0.0036700069904327393,-0.03849595785140991,0.04165370762348175,0.4589349329471588,0.6967394948005676,-0.31546586751937866,0.0563960075378418,-0.029647603631019592,-0.8270366787910461,-0.0462622344493866,-0.3256775736808777,-0.18315368294715884,-0.1911839392450121,-0.2315911829471588,-0.5189617170227898,-0.18315368294715884,0.18031692537996502,0.0,0.0,0.0,0.0,0.3313373854716492,0.18935523216230785,0.0,0.0,0.0,0.0,0.0,0.0,0.0,0.0,0.0,0.0
2,0.7227722772277227,0.7227722772277227,0.7366336633663366,0.5306930693069307,0.7663366336633664,0.3722772277227723,0.7524752475247525,0.2495049504950495,0.7504950495049505,0.1306930693069307,1.0,0.4277227722772277,0.8118811881188119,0.2811881188118812,0.6653465346534654,0.25544554455445545,0.5683168316831683,0.2514851485148515,0.9702970297029703,0.5267326732673268,0.7544554455445545,0.3722772277227723,0.7188118811881188,0.4277227722772277,0.7485148514851485,0.47326732673267324,0.902970297029703,0.6198019801980198,0.6871287128712872,0.46534653465346537,0.6792079207920793,0.5089108910891089,0.7306930693069307,0.5405940594059406,0.8198019801980198,0.699009900990099,0.6534653465346535,0.5643564356435643,0.6613861386138614,0.5841584158415841,0.7188118811881188,0.6118811881188119,0.16690987348556519,0.07553750276565552,-0.028594255447387695,-0.015668541193008423,-0.016977012157440186,0.0035603344440460205,-0.03813755512237549,0.042108431458473206,0.4585653245449066,0.6971403062343597,-0.316356360912323,0.05553048849105835,-0.029693812131881714,-0.8261372148990631,-0.04592251777648926,-0.3261127769947052,-0.17340907454490662,-0.19019586178991532,-0.23434657454490662,-0.5207514173454708,-0.17340907454490662,0.18133555021550918,0.0,0.0,0.0,0.0,0.3361255036662525,0.17529446487000808,0.0,0.0,0.0,0.0,0.0,0.0,0.0,0.0,0.0,0.0
2,0.7514910536779325,0.7157057654075547,0.7614314115308151,0.5248508946322068,0.7793240556660039,0.37375745526838966,0.7594433399602386,0.2544731610337972,0.7514910536779325,0.12922465208747516,1.0,0.4393638170974155,0.7992047713717694,0.29025844930417494,0.658051689860835,0.268389662027833,0.5725646123260437,0.2644135188866799,0.9622266401590457,0.5427435387673957,0.731610337972167,0.3836978131212724,0.709741550695825,0.43538767395626243,0.7435387673956262,0.4831013916500994,0.8906560636182903,0.6381709741550696,0.6600397614314115,0.47912524850894633,0.6660039761431411,0.5188866799204771,0.7256461232604374,0.5487077534791253,0.8071570576540755,0.7176938369781312,0.6282306163021869,0.5745526838966203,0.6421471172962226,0.588469184890656,0.7077534791252486,0.614314115308151,0.16666463017463684,0.0767468810081482,-0.02799856662750244,-0.015873253345489502,-0.017179816961288452,0.003367483615875244,-0.03796340525150299,0.04202920198440552,0.4588232636451721,0.6976172029972076,-0.317010760307312,0.05455905199050903,-0.026523560285568237,-0.8254641592502594,-0.04649034142494202,-0.3265784978866577,-0.16351076364517214,-0.19761720299720764,-0.2338232636451721,-0.5128949807749854,-0.16351076364517214,0.1744365692138672,0.0,0.0,0.0,0.0,0.323023102605284,0.16253004529932302,0.0,0.0,0.0,0.0,0.0,0.0,0.0,0.0,0.0,0.0
2,0.7804878048780488,0.709349593495935,0.7886178861788617,0.5203252032520326,0.790650406504065,0.3800813008130081,0.7560975609756098,0.266260162601626,0.7520325203252033,0.13211382113821138,1.0,0.4573170731707317,0.8028455284552846,0.3130081300813008,0.6626016260162602,0.2845528455284553,0.5711382113821138,0.27235772357723576,0.959349593495935,0.5650406504065041,0.7317073170731707,0.4065040650406504,0.7113821138211383,0.45528455284552843,0.7439024390243902,0.5020325203252033,0.8861788617886179,0.6646341463414634,0.6605691056910569,0.49796747967479676,0.6686991869918699,0.532520325203252,0.7276422764227642,0.5650406504065041,0.806910569105691,0.7439024390243902,0.6321138211382114,0.5975609756097561,0.6524390243902439,0.6036585365853658,0.717479674796748,0.6300813008130082,0.16703802347183228,0.07663998007774353,-0.028004944324493408,-0.015922755002975464,-0.017216145992279053,0.0033228397369384766,-0.03796027600765228,0.042608559131622314,0.4594660699367523,0.6978508830070496,-0.3186545968055725,0.054308533668518066,-0.03257787227630615,-0.8233598470687866,-0.0478227436542511,-0.32694607973098755,-0.15946606993675233,-0.21312866078482734,-0.2399348199367523,-0.5117397718959384,-0.15946606993675233,0.159708152545823,0.0,0.0,0.0,0.0,0.3092633431326364,0.14236291072710772,0.0,0.0,0.0,0.0,0.0,0.0,0.0,0.0,0.0,0.0
2,0.7775510204081633,0.7489795918367347,0.7795918367346939,0.5591836734693878,0.7795918367346939,0.4020408163265306,0.7408163265306122,0.27346938775510204,0.7346938775510204,0.13877551020408163,1.0,0.46122448979591835,0.7877551020408163,0.3163265306122449,0.6469387755102041,0.29591836734693877,0.5653061224489796,0.2897959183673469,0.963265306122449,0.5693877551020409,0.7183673469387755,0.4142857142857143,0.7040816326530612,0.46938775510204084,0.746938775510204,0.5163265306122449,0.889795918367347,0.673469387755102,0.6469387755102041,0.5081632653061224,0.6591836734693878,0.5510204081632653,0.7244897959183674,0.5816326530612245,0.8061224489795918,0.7591836734693878,0.6204081632653061,0.6122448979591837,0.6387755102040816,0.6265306122448979,0.7040816326530612,0.6530612244897959,0.1671297550201416,0.07692515850067139,-0.028013110160827637,-0.01584640145301819,-0.017149686813354492,0.003263503313064575,-0.038182735443115234,0.04223647713661194,0.46025438606739044,0.6981938183307648,-0.3218611180782318,0.05419391393661499,-0.028824716806411743,-0.821980744600296,-0.05071021616458893,-0.3272973299026489,-0.16259813606739043,-0.18847159610854258,-0.24384813606739045,-0.5009715961085426,-0.16259813606739043,0.18598042113913427,0.0,0.0,0.0,0.0,0.32288978382723726,0.15876641189498156,0.0,0.0,0.0,0.0,0.0,0.0,0.0,0.0,0.0,0.0
2,0.8041666666666667,0.7375,0.8,0.5458333333333333,0.7916666666666666,0.4,0.7458333333333333,0.2875,0.7354166666666667,0.14375,1.0,0.47708333333333336,0.7791666666666667,0.33541666666666664,0.6479166666666667,0.30625,0.5708333333333333,0.29791666666666666,0.9541666666666667,0.59375,0.7125,0.4395833333333333,0.7104166666666667,0.4895833333333333,0.7583333333333333,0.5416666666666666,0.8833333333333333,0.7,0.6458333333333334,0.5333333333333333,0.6645833333333333,0.575,0.73125,0.6125,0.8083333333333333,0.7833333333333333,0.6208333333333333,0.6354166666666666,0.6458333333333334,0.6458333333333334,0.7145833333333333,0.68125,0.16735029220581055,0.07682646811008453,-0.027926534414291382,-0.0157659649848938,-0.01706254482269287,0.0035957396030426025,-0.03794454038143158,0.04279276728630066,0.4602936953306198,0.6990430057048798,-0.32377710938453674,0.052522361278533936,-0.03371219336986542,-0.8183023035526276,-0.052094921469688416,-0.328158974647522,-0.1587311953306198,-0.20737633903821312,-0.24623119533061982,-0.5004318945937687,-0.1587311953306198,0.16819262454907097,0.0,0.0,0.0,0.0,0.30583951452023866,0.1316820536089476,0.0,0.0,0.0,0.0,0.0,0.0,0.0,0.0,0.0,0.0
2,0.8347639484978541,0.7381974248927039,0.8197424892703863,0.5364806866952789,0.8004291845493562,0.4012875536480687,0.7510729613733905,0.30257510729613735,0.7317596566523605,0.15450643776824036,1.0,0.48497854077253216,0.7832618025751072,0.34549356223175964,0.6502145922746781,0.31759656652360513,0.572961373390558,0.3090128755364807,0.9570815450643777,0.6008583690987125,0.7253218884120172,0.45493562231759654,0.7253218884120172,0.5107296137339056,0.7725321888412017,0.5643776824034334,0.8884120171673819,0.7081545064377682,0.6545064377682404,0.555793991416309,0.6716738197424893,0.5987124463519313,0.740343347639485,0.6330472103004292,0.8240343347639485,0.7918454935622318,0.6351931330472103,0.6566523605150214,0.6545064377682404,0.6695278969957081,0.721030042918455,0.7081545064377682,0.1672765016555786,0.07759340107440948,-0.028221935033798218,-0.01587003469467163,-0.017186760902404785,0.0036909282207489014,-0.03784500062465668,0.04256410896778107,0.45995138585567474,0.6991626918315887,-0.3251798450946808,0.052276432514190674,-0.03520697355270386,-0.8177026212215424,-0.05238927900791168,-0.32828715443611145,-0.15604513585567475,-0.22138491405381094,-0.2513576358556747,-0.49916269183158873,-0.15604513585567475,0.15439107136593927,0.0,0.0,0.0,0.0,0.2936749333589956,0.11475868448210144,0.0,0.0,0.0,0.0,0.0,0.0,0.0,0.0,0.0,0.0
2,0.8272138228941684,0.755939524838013,0.8012958963282938,0.5529157667386609,0.7883369330453563,0.4060475161987041,0.7451403887688985,0.3045356371490281,0.7235421166306696,0.15766738660907129,1.0,0.4838012958963283,0.7904967602591793,0.34989200863930886,0.6479481641468683,0.326133909287257,0.5615550755939525,0.32181425485961124,0.9568034557235421,0.6047516198704104,0.7278617710583153,0.4557235421166307,0.7170626349892009,0.5075593952483801,0.7602591792656588,0.5615550755939525,0.8833693304535637,0.7105831533477321,0.6501079913606912,0.5637149028077754,0.6652267818574514,0.6025917926565875,0.7365010799136069,0.6436285097192225,0.8120950323974082,0.7883369330453563,0.6306695464362851,0.6565874730021598,0.6479481641468683,0.6652267818574514,0.712742980561555,0.7062634989200864,0.16685163974761963,0.07743039727210999,-0.028130710124969482,-0.01569315791130066,-0.016953498125076294,0.003575921058654785,-0.037578076124191284,0.04285101592540741,0.4595317244529724,0.6994792222976685,-0.3254249095916748,0.05177164077758789,-0.02949202060699463,-0.8165856003761292,-0.0529504120349884,-0.3286113142967224,-0.16031297445297243,-0.21336811118655735,-0.2564067244529724,-0.492534777853224,-0.16031297445297243,0.16284670597977108,0.0,0.0,0.0,0.0,0.29524233532276545,0.12732457677747253,0.0,0.0,0.0,0.0,0.0,0.0,0.0,0.0,0.0,0.0
2,0.832967032967033,0.778021978021978,0.8065934065934066,0.5648351648351648,0.7956043956043956,0.4153846153846154,0.7494505494505495,0.31648351648351647,0.7230769230769231,0.17362637362637362,1.0,0.4879120879120879,0.7868131868131868,0.35384615384615387,0.6461538461538462,0.32967032967032966,0.5626373626373626,0.3252747252747253,0.9582417582417583,0.610989010989011,0.7252747252747253,0.4593406593406593,0.7054945054945055,0.512087912087912,0.7428571428571429,0.5714285714285714,0.8835164835164835,0.7230769230769231,0.6527472527472528,0.567032967032967,0.6593406593406593,0.6131868131868132,0.7274725274725274,0.6615384615384615,0.8131868131868132,0.8065934065934066,0.6307692307692307,0.6747252747252748,0.6395604395604395,0.6813186813186813,0.6989010989010989,0.7252747252747253,0.16664865612983704,0.07754620909690857,-0.028329849243164062,-0.015729397535324097,-0.01705455780029297,0.003528505563735962,-0.03756438195705414,0.04277607798576355,0.45928870141506195,0.7011954188346863,-0.3261015713214874,0.04847073554992676,-0.026480793952941895,-0.8154140114784241,-0.05315117537975311,-0.3303358554840088,-0.16319495141506196,-0.20952875216801964,-0.25928870141506194,-0.49563986327913073,-0.16319495141506196,0.16764454493920006,0.0,0.0,0.0,0.0,0.3018171245809241,0.1344275048603605,0.0,0.0,0.0,0.0,0.0,0.0,0.0,0.0,0.0,0.0
2,0.8408071748878924,0.7869955156950673,0.8139013452914798,0.5672645739910314,0.7959641255605381,0.4192825112107623,0.7443946188340808,0.3251121076233184,0.7152466367713004,0.17713004484304934,1.0,0.5022421524663677,0.7937219730941704,0.3654708520179372,0.6502242152466368,0.34080717488789236,0.5627802690582959,0.33856502242152464,0.952914798206278,0.625560538116592,0.7286995515695067,0.46860986547085204,0.7085201793721974,0.5201793721973094,0.7511210762331838,0.5807174887892377,0.874439461883408,0.7331838565022422,0.6457399103139013,0.57847533632287,0.6457399103139013,0.6188340807174888,0.7174887892376681,0.6659192825112108,0.8004484304932735,0.8071748878923767,0.625560538116592,0.6771300448430493,0.6367713004484304,0.6816143497757847,0.6995515695067265,0.7309417040358744,0.16678160429000854,0.0775301605463028,-0.02860674262046814,-0.015505105257034302,-0.01686692237854004,0.0035404562950134277,-0.037519827485084534,0.042967185378074646,0.45901045203208923,0.701675146818161,-0.3266344666481018,0.04754537343978882,-0.025270283222198486,-0.8149702250957489,-0.053169041872024536,-0.33098727464675903,-0.16604170203208923,-0.21417514681816102,-0.2629167020320892,-0.49195292459593876,-0.16604170203208923,0.16324694752693175,0.0,0.0,0.0,0.0,0.2941857567119124,0.13154361631727765,0.0,0.0,0.0,0.0,0.0,0.0,0.0,0.0,0.0,0.0
2,0.8552036199095022,0.753393665158371,0.8416289592760181,0.5520361990950227,0.8167420814479638,0.4072398190045249,0.748868778280543,0.3190045248868778,0.7081447963800905,0.17873303167420815,1.0,0.5180995475113123,0.7963800904977375,0.3755656108597285,0.667420814479638,0.34615384615384615,0.5904977375565611,0.34615384615384615,0.9502262443438914,0.6425339366515838,0.7217194570135747,0.4819004524886878,0.7058823529411765,0.5203619909502263,0.746606334841629,0.5746606334841629,0.8687782805429864,0.7398190045248869,0.6380090497737556,0.5859728506787331,0.6493212669683258,0.6199095022624435,0.7217194570135747,0.667420814479638,0.7895927601809954,0.8076923076923077,0.6176470588235294,0.6787330316742082,0.6380090497737556,0.6832579185520362,0.7058823529411765,0.7330316742081447,0.16666948795318604,0.07749421894550323,-0.02858826518058777,-0.01550343632698059,-0.01688322424888611,0.003495723009109497,-0.0375940203666687,0.04273667931556702,0.4591424763202667,0.7015703618526459,-0.32692021131515503,0.04780226945877075,-0.025695055723190308,-0.8149162232875824,-0.053452134132385254,-0.33140698075294495,-0.16382997632026675,-0.23907036185264585,-0.2552362263202667,-0.48907036185264585,-0.16382997632026675,0.1384408861398697,0.0,0.0,0.0,0.0,0.266186217785712,0.11595350813745445,0.0,0.0,0.0,0.0,0.0,0.0,0.0,0.0,0.0,0.0
2,0.8337078651685393,0.7617977528089888,0.8134831460674158,0.5573033707865168,0.8,0.4157303370786517,0.7460674157303371,0.3235955056179775,0.7235955056179775,0.18202247191011237,1.0,0.5146067415730337,0.7887640449438202,0.3797752808988764,0.651685393258427,0.3550561797752809,0.5730337078651685,0.350561797752809,0.9483146067415731,0.6382022471910113,0.7146067415730337,0.48089887640449436,0.698876404494382,0.5258426966292135,0.7460674157303371,0.5797752808988764,0.8696629213483146,0.7415730337078652,0.6404494382022472,0.5887640449438202,0.6449438202247191,0.6157303370786517,0.7146067415730337,0.651685393258427,0.7932584269662921,0.8112359550561797,0.6224719101123596,0.6831460674157304,0.6269662921348315,0.6741573033707865,0.6831460674157304,0.7101123595505618,0.16665810346603394,0.07574689388275146,-0.02887064218521118,-0.01559862494468689,-0.016957789659500122,0.003584563732147217,-0.03787188231945038,0.042470648884773254,0.45913776755332947,0.7010434865951538,-0.32719260454177856,0.048870086669921875,-0.026507258415222168,-0.8151151537895203,-0.05350854992866516,-0.3310850262641907,-0.16929401755332946,-0.23021015326182048,-0.25991901755332947,-0.48437681992848713,-0.16929401755332946,0.147065865000089,0.0,0.0,0.0,0.0,0.2698399248989008,0.11655296961709082,0.0,0.0,0.0,0.0,0.0,0.0,0.0,0.0,0.0,0.0
2,0.8416289592760181,0.7647058823529411,0.8190045248868778,0.5633484162895928,0.8031674208144797,0.42081447963800905,0.751131221719457,0.3257918552036199,0.7262443438914027,0.1832579185520362,1.0,0.5316742081447964,0.7850678733031674,0.38235294117647056,0.6447963800904978,0.34841628959276016,0.5610859728506787,0.3416289592760181,0.9502262443438914,0.6515837104072398,0.7104072398190046,0.48868778280542985,0.7013574660633484,0.5226244343891403,0.751131221719457,0.5723981900452488,0.8710407239819005,0.753393665158371,0.6380090497737556,0.5972850678733032,0.6447963800904978,0.6108597285067874,0.7149321266968326,0.6402714932126696,0.7941176470588235,0.8235294117647058,0.6176470588235294,0.6877828054298643,0.6244343891402715,0.669683257918552,0.6832579185520362,0.6990950226244343,0.1661149263381958,0.07502788305282593,-0.029595255851745605,-0.015480190515518188,-0.016824454069137573,0.0035897493362426758,-0.03879883885383606,0.04130856692790985,0.45911210775375366,0.7000389695167542,-0.32714271545410156,0.05096030235290527,-0.027752354741096497,-0.8144500851631165,-0.05354771018028259,-0.330923855304718,-0.16848710775375364,-0.2305945250723097,-0.2653621077537537,-0.4903167472945319,-0.16848710775375364,0.14619881477620866,0.0,0.0,0.0,0.0,0.2772010071068454,0.12212156524353457,0.0,0.0,0.0,0.0,0.0,0.0,0.0,0.0,0.0,0.0
2,0.8288288288288288,0.7635135135135135,0.8108108108108109,0.5653153153153153,0.7995495495495496,0.42342342342342343,0.75,0.32882882882882886,0.7319819819819819,0.1891891891891892,1.0,0.536036036036036,0.7815315315315315,0.38738738738738737,0.6441441441441441,0.3536036036036036,0.5675675675675675,0.34459459459459457,0.9459459459459459,0.6531531531531531,0.7072072072072072,0.49099099099099097,0.7004504504504504,0.5292792792792793,0.7522522522522522,0.581081081081081,0.8671171171171171,0.75,0.6396396396396397,0.5945945945945946,0.6486486486486487,0.6126126126126126,0.722972972972973,0.6418918918918919,0.7905405405405406,0.8153153153153153,0.6216216216216216,0.6824324324324325,0.6306306306306306,0.6711711711711712,0.6914414414414415,0.7072072072072072,0.1672343611717224,0.0737009048461914,-0.029450058937072754,-0.015372425317764282,-0.01671043038368225,0.0035583078861236572,-0.03903493285179138,0.0416252464056015,0.45881277322769165,0.6988719701766968,-0.32636797428131104,0.05326688289642334,-0.028625667095184326,-0.8132027983665466,-0.05342221260070801,-0.33090856671333313,-0.17131277322769167,-0.22803863684336345,-0.26193777322769163,-0.48637197017669676,-0.17131277322769167,0.14810845454533894,0.0,0.0,0.0,0.0,0.27376815325401,0.11559332336363548,0.0,0.0,0.0,0.0,0.0,0.0,0.0,0.0,0.0,0.0
2,0.8094218415417559,0.7473233404710921,0.8029978586723768,0.556745182012848,0.7944325481798715,0.4089935760171306,0.7537473233404711,0.3019271948608137,0.7387580299785867,0.1670235546038544,1.0,0.4796573875802998,0.7965738758029979,0.3468950749464668,0.6552462526766595,0.32548179871520344,0.5653104925053534,0.32119914346895073,0.9550321199143469,0.5974304068522484,0.721627408993576,0.44539614561027835,0.7109207708779444,0.5010706638115632,0.7558886509635975,0.5588865096359743,0.8779443254817987,0.7066381156316917,0.6445396145610278,0.5481798715203426,0.6573875802997858,0.5974304068522484,0.7323340471092077,0.6423982869379015,0.8008565310492506,0.7901498929336188,0.6188436830835118,0.6488222698072805,0.6402569593147751,0.6680942184154176,0.708779443254818,0.715203426124197,0.16723418235778809,0.07404044270515442,-0.03024446964263916,-0.015370488166809082,-0.01665237545967102,0.002983659505844116,-0.03847716748714447,0.0416715145111084,0.4587455093860626,0.6989431381225586,-0.3262106776237488,0.05346059799194336,-0.030664995312690735,-0.8133165240287781,-0.05381554365158081,-0.3315095007419586,-0.16343300938606264,-0.21422091590033637,-0.25249550938606263,-0.4906098047892252,-0.16343300938606264,0.16215842498673333,0.0,0.0,0.0,0.0,0.2903841366319527,0.12377294264701302,0.0,0.0,0.0,0.0,0.0,0.0,0.0,0.0,0.0,0.0
2,0.751004016064257,0.6847389558232931,0.7409638554216867,0.5240963855421686,0.7570281124497992,0.3815261044176707,0.7469879518072289,0.2751004016064257,0.7429718875502008,0.1566265060240964,1.0,0.41164658634538154,0.8112449799196787,0.30120481927710846,0.6646586345381527,0.30120481927710846,0.5642570281124498,0.3072289156626506,0.9899598393574297,0.5180722891566265,0.7630522088353414,0.39357429718875503,0.7329317269076305,0.4578313253012048,0.7690763052208835,0.5020080321285141,0.9377510040160643,0.6265060240963856,0.6967871485943775,0.5040160642570282,0.6987951807228916,0.5522088353413654,0.7590361445783133,0.5803212851405622,0.8654618473895582,0.7228915662650602,0.6847389558232931,0.6044176706827309,0.6887550200803213,0.6224899598393574,0.7469879518072289,0.6506024096385542,0.16627034544944763,0.07412281632423401,-0.030200839042663574,-0.015379935503005981,-0.01667177677154541,0.0025994479656219482,-0.038352832198143005,0.04150885343551636,0.4584716558456421,0.6985688507556915,-0.3243985176086426,0.05280715227127075,-0.030869469046592712,-0.8127209842205048,-0.05426052212715149,-0.3312816619873047,-0.1662841558456421,-0.22495773964458043,-0.23894040584564208,-0.4860688507556915,-0.1662841558456421,0.15145694679684107,0.0,0.0,0.0,0.0,0.2710312583628344,0.12658431858303143,0.0,0.0,0.0,0.0,0.0,0.0,0.0,0.0,0.0,0.0
2,0.7019607843137254,0.7058823529411765,0.6490196078431373,0.5274509803921569,0.6882352941176471,0.36666666666666664,0.707843137254902,0.25098039215686274,0.7176470588235294,0.1392156862745098,0.9607843137254902,0.3607843137254902,0.8176470588235294,0.24705882352941178,0.6764705882352942,0.2627450980392157,0.5882352941176471,0.28431372549019607,1.0,0.4392156862745098,0.8215686274509804,0.32941176470588235,0.7470588235294118,0.4117647058823529,0.7568627450980392,0.46862745098039216,0.9901960784313726,0.5313725490196078,0.7862745098039216,0.44313725490196076,0.7313725490196078,0.5137254901960784,0.7647058823529411,0.5470588235294118,0.9450980392156862,0.6196078431372549,0.7686274509803922,0.5509803921568628,0.7392156862745098,0.596078431372549,0.7784313725490196,0.6254901960784314,0.1668165922164917,0.07381422817707062,-0.029225260019302368,-0.015403598546981812,-0.016710489988327026,0.002828925848007202,-0.03854043781757355,0.041692137718200684,0.45776572823524475,0.6979085505008698,-0.3206114172935486,0.05141085386276245,-0.031400129199028015,-0.8127814829349518,-0.054139941930770874,-0.3306381106376648,-0.17807822823524477,-0.19790855050086975,-0.22339072823524475,-0.49651966161198086,-0.17807822823524477,0.17811569571495056,0.0,0.0,0.0,0.0,0.30202949911434535,0.16947325859287188,0.0,0.0,0.0,0.0,0.0,0.0,0.0,0.0,0.0,0.0
2,0.7064579256360078,0.6888454011741683,0.6516634050880626,0.5225048923679061,0.6829745596868885,0.3561643835616438,0.6966731898238747,0.23679060665362034,0.6986301369863014,0.13111545988258316,0.9080234833659491,0.30919765166340507,0.8003913894324853,0.20743639921722112,0.6908023483365949,0.23874755381604695,0.6164383561643836,0.2700587084148728,0.974559686888454,0.3679060665362035,0.8258317025440313,0.2896281800391389,0.7495107632093934,0.38747553816046965,0.7573385518590998,0.44422700587084146,1.0,0.4500978473581213,0.8277886497064579,0.38943248532289626,0.7592954990215264,0.47162426614481406,0.7847358121330724,0.5088062622309197,0.9941291585127201,0.5362035225048923,0.8317025440313112,0.49902152641878667,0.7808219178082192,0.547945205479452,0.8062622309197651,0.5753424657534246,0.1668558418750763,0.07371385395526886,-0.029239684343338013,-0.015638113021850586,-0.01693946123123169,0.0037694573402404785,-0.037924885749816895,0.042355701327323914,0.4565719962120056,0.6947945058345795,-0.315301775932312,0.048436105251312256,-0.029833495616912842,-0.810292512178421,-0.05322074890136719,-0.32753631472587585,-0.1745407462120056,-0.2059056169456906,-0.21047824621200562,-0.5031278391679128,-0.1745407462120056,0.16810201042228273,0.0,0.0,0.0,0.0,0.2993869624565606,0.1747953533635393,0.0,0.0,0.0,0.0,0.0,0.0,0.0,0.0,0.0,0.0
2,0.7023346303501945,0.6595330739299611,0.6498054474708171,0.5155642023346303,0.6770428015564203,0.35019455252918286,0.688715953307393,0.23151750972762647,0.6750972762645915,0.1264591439688716,0.8715953307392996,0.29571984435797666,0.7996108949416343,0.20038910505836577,0.708171206225681,0.2237354085603113,0.642023346303502,0.2587548638132296,0.9416342412451362,0.3463035019455253,0.8287937743190662,0.26848249027237353,0.745136186770428,0.3638132295719844,0.7568093385214008,0.41245136186770426,0.9844357976653697,0.42217898832684825,0.8463035019455253,0.35992217898832685,0.77431906614786,0.4474708171206226,0.8035019455252919,0.48249027237354086,1.0,0.5058365758754864,0.8715953307392996,0.4591439688715953,0.8132295719844358,0.5116731517509727,0.8385214007782101,0.5389105058365758,0.16736721992492676,0.07449285686016083,-0.02846464514732361,-0.01612529158592224,-0.01746341586112976,0.0037769675254821777,-0.037991732358932495,0.042642056941986084,0.4559256136417389,0.6921299695968628,-0.3133329749107361,0.049515724182128906,-0.02811048924922943,-0.8088077902793884,-0.0525701642036438,-0.3250007629394531,-0.17389436364173888,-0.22129663626352947,-0.1981131136417389,-0.5074077473746406,-0.17389436364173888,0.15105343063672383,0.0,0.0,0.0,0.0,0.2871343165711773,0.17774013544626543,0.0,0.0,0.0,0.0,0.0,0.0,0.0,0.0,0.0,0.0
2,0.7120622568093385,0.6614785992217899,0.6536964980544747,0.5291828793774319,0.669260700389105,0.3521400778210117,0.6770428015564203,0.22762645914396887,0.6595330739299611,0.12062256809338522,0.8385214007782101,0.2840466926070039,0.791828793774319,0.19066147859922178,0.7159533073929961,0.2178988326848249,0.6575875486381323,0.2529182879377432,0.9124513618677043,0.32879377431906615,0.830739299610895,0.2490272373540856,0.7490272373540856,0.3521400778210117,0.7645914396887159,0.40077821011673154,0.9669260700389105,0.39883268482490275,0.8657587548638133,0.33657587548638135,0.7879377431906615,0.42996108949416345,0.8132295719844358,0.4688715953307393,1.0,0.4766536964980545,0.9007782101167315,0.433852140077821,0.8365758754863813,0.48638132295719844,0.857976653696498,0.5116731517509727,0.1674489676952362,0.07353462278842926,-0.02861425280570984,-0.01591852307319641,-0.017166972160339355,0.003926634788513184,-0.038129761815071106,0.04288668930530548,0.45574751496315,0.6920504868030548,-0.3129177689552307,0.049804866313934326,-0.02740435302257538,-0.8103828728199005,-0.052429765462875366,-0.3251456022262573,-0.16981001496315,-0.2198282645808326,-0.19168501496315005,-0.5114949312474992,-0.16981001496315,0.1524118615521325,0.0,0.0,0.0,0.0,0.29248582883525215,0.18730267474885362,0.0,0.0,0.0,0.0,0.0,0.0,0.0,0.0,0.0,0.0
2,0.7245508982035929,0.6846307385229541,0.6586826347305389,0.5528942115768463,0.6646706586826348,0.3652694610778443,0.6686626746506986,0.2315369261477046,0.6506986027944112,0.1277445109780439,0.812375249500998,0.29141716566866266,0.7904191616766467,0.1936127744510978,0.720558882235529,0.21956087824351297,0.6646706586826348,0.25948103792415167,0.8882235528942116,0.3313373253493014,0.8323353293413174,0.2435129740518962,0.7524950099800399,0.3592814371257485,0.7704590818363274,0.405189620758483,0.9520958083832335,0.39520958083832336,0.8702594810379242,0.3373253493013972,0.7984031936127745,0.4431137724550898,0.8283433133732535,0.47904191616766467,1.0,0.469061876247505,0.9181636726546906,0.4251497005988024,0.8562874251497006,0.48902195608782434,0.8802395209580839,0.5149700598802395,0.16750597953796387,0.07306875288486481,-0.028768569231033325,-0.01568782329559326,-0.01691824197769165,0.0036379098892211914,-0.038384273648262024,0.04224593937397003,0.4557732045650482,0.6917603313922882,-0.3129344582557678,0.05085724592208862,-0.027484387159347534,-0.81234410405159,-0.05245742201805115,-0.32491084933280945,-0.17217945456504824,-0.21537144250339935,-0.19561695456504824,-0.5112047758367326,-0.17217945456504824,0.15673743420177033,0.0,0.0,0.0,0.0,0.29676030313598395,0.19527293194877554,0.0,0.0,0.0,0.0,0.0,0.0,0.0,0.0,0.0,0.0
2,0.7194388777555111,0.687374749498998,0.655310621242485,0.5551102204408818,0.6633266533066132,0.36472945891783565,0.6633266533066132,0.23446893787575152,0.6352705410821643,0.1282565130260521,0.8276553106212425,0.2925851703406814,0.7855711422845691,0.19238476953907815,0.7094188376753507,0.21442885771543085,0.655310621242485,0.2565130260521042,0.8997995991983968,0.3306613226452906,0.8196392785571143,0.24448897795591182,0.7414829659318637,0.37074148296593185,0.7715430861723447,0.4148296593186373,0.9579158316633266,0.39478957915831664,0.8577154308617234,0.33867735470941884,0.7895791583166333,0.4529058116232465,0.8276553106212425,0.48697394789579157,1.0,0.46893787575150303,0.9118236472945892,0.4228456913827655,0.845691382765531,0.4909819639278557,0.8697394789579158,0.5190380761523046,0.16755345463752747,0.0730501115322113,-0.028699636459350586,-0.015648573637008667,-0.01687544584274292,0.0035625100135803223,-0.0382494181394577,0.04232645034790039,0.4558185487985611,0.6920579373836517,-0.31302592158317566,0.05143982172012329,-0.027491524815559387,-0.814613550901413,-0.05246900022029877,-0.3251832127571106,-0.1753497987985611,-0.21566904849476287,-0.20034979879856107,-0.5142801596058739,-0.1753497987985611,0.15659442030721238,0.0,0.0,0.0,0.0,0.29965579533693704,0.18997791977471754,0.0,0.0,0.0,0.0,0.0,0.0,0.0,0.0,0.0,0.0
2,0.7208835341365462,0.6907630522088354,0.6586345381526104,0.5562248995983936,0.6606425702811245,0.36947791164658633,0.6606425702811245,0.23493975903614459,0.6325301204819277,0.1285140562248996,0.8192771084337349,0.2931726907630522,0.7811244979919679,0.19477911646586346,0.7088353413654619,0.22289156626506024,0.6586345381526104,0.26506024096385544,0.893574297188755,0.3313253012048193,0.821285140562249,0.24899598393574296,0.7429718875502008,0.37349397590361444,0.7710843373493976,0.41767068273092367,0.9558232931726908,0.39558232931726905,0.8634538152610441,0.3413654618473896,0.7931726907630522,0.45582329317269077,0.8313253012048193,0.4899598393574297,1.0,0.46987951807228917,0.9176706827309237,0.42771084337349397,0.8534136546184738,0.4959839357429719,0.8795180722891566,0.5220883534136547,0.1668679118156433,0.07308684289455414,-0.028795629739761353,-0.01564311981201172,-0.016813546419143677,0.0033705830574035645,-0.038087397813797,0.04207199811935425,0.45573073625564575,0.6924304366111755,-0.31290721893310547,0.052335262298583984,-0.02748708426952362,-0.815202534198761,-0.05224290490150452,-0.3255698084831238,-0.17526198625564576,-0.21465265883339774,-0.19948073625564577,-0.5090971032778422,-0.17526198625564576,0.1576840119229423,0.0,0.0,0.0,0.0,0.2954387901338619,0.1898959769775061,0.0,0.0,0.0,0.0,0.0,0.0,0.0,0.0,0.0,0.0
2,0.7281947261663286,0.7038539553752535,0.6592292089249493,0.5699797160243407,0.6572008113590264,0.3772819472616633,0.6551724137931034,0.23935091277890466,0.6247464503042597,0.13184584178498987,0.8154158215010142,0.3022312373225152,0.7789046653144016,0.19878296146044624,0.7058823529411765,0.22920892494929007,0.6572008113590264,0.2718052738336714,0.8904665314401623,0.33874239350912777,0.821501014198783,0.2535496957403651,0.742393509127789,0.3813387423935091,0.77079107505071,0.42190669371196754,0.9533468559837728,0.3995943204868154,0.8661257606490872,0.34685598377281945,0.7971602434077079,0.46247464503042596,0.8336713995943205,0.4969574036511156,1.0,0.47058823529411764,0.9188640973630832,0.43204868154158216,0.8580121703853956,0.5010141987829615,0.8843813387423936,0.5273833671399595,0.16715428233146667,0.07357360422611237,-0.02867242693901062,-0.015494614839553833,-0.016718178987503052,0.0035515129566192627,-0.0382826030254364,0.041950762271881104,0.4553519934415817,0.6910670697689056,-0.31215038895606995,0.05448049306869507,-0.02690887451171875,-0.8138029277324677,-0.051846906542778015,-0.3241782486438751,-0.17488324344158174,-0.2091226253244612,-0.20222699344158174,-0.5049559586577945,-0.17488324344158174,0.16233436283138064,0.0,0.0,0.0,0.0,0.29709433144234443,0.19375141953009456,0.0,0.0,0.0,0.0,0.0,0.0,0.0,0.0,0.0,0.0
2,0.7281947261663286,0.7099391480730223,0.6572008113590264,0.5720081135902637,0.6572008113590264,0.3793103448275862,0.6592292089249493,0.2434077079107505,0.6267748478701826,0.13995943204868155,0.8093306288032455,0.3022312373225152,0.7768762677484787,0.2028397565922921,0.7058823529411765,0.24949290060851928,0.6693711967545639,0.29411764705882354,0.8864097363083164,0.34279918864097364,0.821501014198783,0.26369168356997974,0.742393509127789,0.3935091277890467,0.7789046653144016,0.4259634888438134,0.9513184584178499,0.4056795131845842,0.8661257606490872,0.3509127789046653,0.795131845841785,0.47058823529411764,0.8356997971602435,0.49898580121703856,1.0,0.4766734279918864,0.9249492900608519,0.43610547667342797,0.8620689655172413,0.5070993914807302,0.8884381338742393,0.5294117647058824,0.16763389110565186,0.07434338331222534,-0.028738737106323242,-0.015703916549682617,-0.01702249050140381,0.0038326680660247803,-0.038145944476127625,0.04224100708961487,0.4553929269313812,0.6911206245422363,-0.3126752972602844,0.054521799087524414,-0.027034088969230652,-0.8157184720039368,-0.05188789963722229,-0.3242412805557251,-0.17492417693138124,-0.20500951343112522,-0.19758042693138123,-0.48973173565334743,-0.17492417693138124,0.16649474865860409,0.0,0.0,0.0,0.0,0.2856222146318857,0.19542290475241414,0.0,0.0,0.0,0.0,0.0,0.0,0.0,0.0,0.0,0.0
2,0.7267206477732794,0.7125506072874493,0.6578947368421053,0.5769230769230769,0.659919028340081,0.38461538461538464,0.6619433198380567,0.24898785425101214,0.6336032388663968,0.1437246963562753,0.8117408906882592,0.305668016194332,0.7813765182186235,0.20850202429149797,0.7105263157894737,0.25303643724696356,0.6720647773279352,0.2975708502024291,0.8866396761133604,0.34615384615384615,0.8238866396761133,0.26720647773279355,0.7449392712550608,0.39473684210526316,0.7793522267206477,0.4271255060728745,0.951417004048583,0.4109311740890688,0.8663967611336032,0.3582995951417004,0.7935222672064778,0.4757085020242915,0.8340080971659919,0.5040485829959515,1.0,0.4817813765182186,0.9230769230769231,0.4392712550607287,0.8582995951417004,0.5101214574898786,0.8866396761133604,0.5344129554655871,0.16693291068077087,0.0740680992603302,-0.028312981128692627,-0.015550464391708374,-0.016786634922027588,0.0038390755653381348,-0.03817388415336609,0.041973426938056946,0.45521025359630585,0.6911515891551971,-0.31313398480415344,0.05453306436538696,-0.026806026697158813,-0.8166265785694122,-0.05172441899776459,-0.3241839110851288,-0.17474150359630586,-0.20226270026630827,-0.19583525359630582,-0.4869849224885305,-0.17474150359630586,0.1691753038101726,0.0,0.0,0.0,0.0,0.2855025220838215,0.1968839559250434,0.0,0.0,0.0,0.0,0.0,0.0,0.0,0.0,0.0,0.0
2,0.7272727272727273,0.7171717171717171,0.6565656565656566,0.5797979797979798,0.6606060606060606,0.38585858585858585,0.6626262626262627,0.25252525252525254,0.6363636363636364,0.1494949494949495,0.8101010101010101,0.30707070707070705,0.7777777777777778,0.2101010101010101,0.7070707070707071,0.26262626262626265,0.6707070707070707,0.30707070707070705,0.8868686868686869,0.34949494949494947,0.8242424242424242,0.27070707070707073,0.7434343434343434,0.39595959595959596,0.7777777777777778,0.42828282828282827,0.9515151515151515,0.4161616161616162,0.8646464646464647,0.36767676767676766,0.7919191919191919,0.48282828282828283,0.8323232323232324,0.509090909090909,1.0,0.4868686868686869,0.9232323232323232,0.44646464646464645,0.8565656565656565,0.5171717171717172,0.8828282828282829,0.5414141414141415,0.16770043969154358,0.07389745116233826,-0.0284002423286438,-0.01548612117767334,-0.01673176884651184,0.0039896368980407715,-0.038439080119132996,0.04222699999809265,0.455359548330307,0.6911318600177765,-0.3135080933570862,0.05464369058609009,-0.02673444151878357,-0.817320317029953,-0.05199187994003296,-0.32411009073257446,-0.174109548330307,-0.1980763044622209,-0.19598454833030698,-0.48002074890666535,-0.174109548330307,0.17348556551668382,0.0,0.0,0.0,0.0,0.28279177035070596,0.19956914386586075,0.0,0.0,0.0,0.0,0.0,0.0,0.0,0.0,0.0,0.0
2,0.7137176938369781,0.7196819085487077,0.6540755467196819,0.584493041749503,0.6640159045725647,0.3996023856858847,0.6719681908548708,0.27037773359840955,0.6500994035785288,0.16699801192842942,0.8290258449304175,0.3240556660039761,0.7872763419483101,0.2345924453280318,0.709741550695825,0.27037773359840955,0.6640159045725647,0.31411530815109345,0.9025844930417495,0.36779324055666,0.831013916500994,0.2882703777335984,0.7455268389662028,0.3996023856858847,0.7713717693836978,0.43737574552683894,0.9602385685884692,0.43538767395626243,0.8648111332007953,0.39165009940357853,0.7872763419483101,0.4970178926441352,0.8190854870775348,0.5248508946322068,1.0,0.5149105367793241,0.9105367793240556,0.47912524850894633,0.8429423459244533,0.5407554671968191,0.8687872763419483,0.5646123260437376,0.16744720935821533,0.07373212277889252,-0.028656810522079468,-0.015466541051864624,-0.01667693257331848,0.0038427114486694336,-0.03854173421859741,0.041990071535110474,0.4555594325065613,0.6927514374256134,-0.3140500783920288,0.052360475063323975,-0.025501996278762817,-0.8268724977970123,-0.05225104093551636,-0.3257351815700531,-0.1750906825065613,-0.18997365964783564,-0.1946219325065613,-0.47330699298116896,-0.1750906825065613,0.18252757953272924,0.0,0.0,0.0,0.0,0.28400571737966873,0.19851929528973775,0.0,0.0,0.0,0.0,0.0,0.0,0.0,0.0,0.0,0.0
2,0.7001934235976789,0.7098646034816247,0.6537717601547389,0.562862669245648,0.6963249516441006,0.3984526112185687,0.7195357833655706,0.28239845261121854,0.7040618955512572,0.17794970986460348,0.8858800773694391,0.35009671179883944,0.816247582205029,0.26692456479690524,0.7272727272727273,0.29980657640232106,0.6711798839458414,0.33849129593810445,0.9516441005802708,0.4081237911025145,0.8491295938104448,0.34622823984526113,0.7659574468085106,0.43520309477756286,0.7891682785299806,0.47195357833655704,0.9864603481624759,0.4912959381044487,0.8684719535783365,0.4448742746615087,0.7852998065764023,0.5241779497098646,0.816247582205029,0.5493230174081238,1.0,0.5802707930367504,0.8994197292069632,0.539651837524178,0.8278529980657641,0.5822050290135397,0.8491295938104448,0.6034816247582205,0.16768759489059448,0.07407376170158386,-0.028689205646514893,-0.015609025955200195,-0.016877293586730957,0.00391581654548645,-0.038217365741729736,0.042498037219047546,0.4555511176586151,0.6928369104862213,-0.3140183091163635,0.0522577166557312,-0.025491997599601746,-0.8272500336170197,-0.05236002802848816,-0.3258271813392639,-0.1727386176586151,-0.18311468826399913,-0.1844573676586151,-0.44978135493066573,-0.1727386176586151,0.1894837809933556,0.0,0.0,0.0,0.0,0.26692403453543406,0.17457242532550138,0.0,0.0,0.0,0.0,0.0,0.0,0.0,0.0,0.0,0.0
2,0.6811320754716981,0.6830188679245283,0.6547169811320754,0.5471698113207547,0.7094339622641509,0.4075471698113208,0.7471698113207547,0.30566037735849055,0.7547169811320755,0.20566037735849058,0.9207547169811321,0.3754716981132076,0.8452830188679246,0.2962264150943396,0.7452830188679245,0.32264150943396225,0.6773584905660377,0.3584905660377358,0.9811320754716981,0.44528301886792454,0.8716981132075472,0.38113207547169814,0.7773584905660378,0.4490566037735849,0.779245283018868,0.48867924528301887,1.0,0.5377358490566038,0.869811320754717,0.49433962264150944,0.7830188679245284,0.5433962264150943,0.8,0.5679245283018868,0.9924528301886792,0.6339622641509434,0.8773584905660378,0.6,0.8075471698113208,0.620754716981132,0.8188679245283019,0.6358490566037736,0.16741585731506348,0.07352223992347717,-0.028629958629608154,-0.01562771201133728,-0.01684516668319702,0.0038885176181793213,-0.038261353969573975,0.042202845215797424,0.4546544700860977,0.6940493285655975,-0.31221315264701843,0.04917377233505249,-0.025975152850151062,-0.8276754915714264,-0.05173809826374054,-0.32703903317451477,-0.1726232200860977,-0.19127155078781977,-0.17418572008609773,-0.43016043967670864,-0.1726232200860977,0.18162216262684927,0.0,0.0,0.0,0.0,0.23889399875429665,0.14871207953730134,0.0,0.0,0.0,0.0,0.0,0.0,0.0,0.0,0.0,0.0
2,0.6636197440585009,0.6654478976234004,0.6636197440585009,0.5374771480804388,0.7184643510054844,0.4186471663619744,0.7550274223034735,0.3327239488117002,0.7824497257769653,0.2413162705667276,0.9597806215722121,0.40950639853747717,0.8391224862888482,0.3436928702010969,0.720292504570384,0.3619744058500914,0.6471663619744058,0.38391224862888484,1.0,0.4990859232175503,0.850091407678245,0.43144424131627057,0.7605118829981719,0.4753199268738574,0.7513711151736746,0.5045703839122486,0.9890310786106032,0.5978062157221207,0.8263254113345521,0.5521023765996343,0.7568555758683729,0.5758683729433273,0.7751371115173674,0.583180987202925,0.9488117001828154,0.6910420475319927,0.8153564899451554,0.6563071297989032,0.7623400365630713,0.6563071297989032,0.7806215722120659,0.6581352833638026,0.1675928235054016,0.07354554533958435,-0.028407394886016846,-0.015544146299362183,-0.016768813133239746,0.0038215219974517822,-0.0379653126001358,0.04251237213611603,0.45489224791526794,0.6936641335487366,-0.3106920123100281,0.04865920543670654,-0.026303663849830627,-0.8262348175048828,-0.05238714814186096,-0.3266773223876953,-0.17129849791526797,-0.18810857799318104,-0.17832974791526796,-0.4019974668820699,-0.17129849791526797,0.18491706285211773,0.0,0.0,0.0,0.0,0.21400442814737722,0.1278456945107588,0.0,0.0,0.0,0.0,0.0,0.0,0.0,0.0,0.0,0.0
2,0.6719298245614035,0.643859649122807,0.6771929824561403,0.5368421052631579,0.7263157894736842,0.43333333333333335,0.756140350877193,0.35964912280701755,0.787719298245614,0.28771929824561404,0.9789473684210527,0.443859649122807,0.8421052631578947,0.39824561403508774,0.7070175438596491,0.4017543859649123,0.6333333333333333,0.4070175438596491,1.0,0.5456140350877193,0.8368421052631579,0.4964912280701754,0.7473684210526316,0.5070175438596491,0.7421052631578947,0.5105263157894737,0.9754385964912281,0.643859649122807,0.8,0.5982456140350877,0.7315789473684211,0.5964912280701754,0.7526315789473684,0.5859649122807018,0.9245614035087719,0.7263157894736842,0.7789473684210526,0.6859649122807018,0.7368421052631579,0.6789473684210526,0.7684210526315789,0.6736842105263158,0.16686728596687317,0.07386098802089691,-0.02834060788154602,-0.015487074851989746,-0.016686350107192993,0.003704935312271118,-0.03800347447395325,0.04211704432964325,0.4549800753593445,0.6962509155273438,-0.3095865249633789,0.0411376953125,-0.02528493106365204,-0.8223370909690857,-0.05310282111167908,-0.32923075556755066,-0.1557613253593445,-0.18652869330512156,-0.17294882535934447,-0.3740286933051215,-0.1557613253593445,0.18814817501438985,0.0,0.0,0.0,0.0,0.18828611248907864,0.11008423051755399,0.0,0.0,0.0,0.0,0.0,0.0,0.0,0.0,0.0,0.0
2,0.6920473773265652,0.6311336717428088,0.6937394247038917,0.5329949238578681,0.7343485617597293,0.43993231810490696,0.7563451776649747,0.36717428087986465,0.7749576988155669,0.29949238578680204,0.9847715736040609,0.45516074450084604,0.8375634517766497,0.41455160744500846,0.7038917089678511,0.40609137055837563,0.6277495769881557,0.40439932318104904,1.0,0.5583756345177665,0.8223350253807107,0.5143824027072758,0.7208121827411168,0.5093062605752962,0.7140439932318104,0.5109983079526227,0.9644670050761421,0.6548223350253807,0.7851099830795262,0.6142131979695431,0.7140439932318104,0.5939086294416244,0.7377326565143824,0.5786802030456852,0.9069373942470389,0.727580372250423,0.7563451776649747,0.688663282571912,0.7089678510998308,0.6700507614213198,0.7411167512690355,0.6615905245346869,0.16725674271583557,0.07457263767719269,-0.027905553579330444,-0.015517175197601318,-0.01677575707435608,0.0038925111293792725,-0.03775012493133545,0.042594119906425476,0.455242782831192,0.6976816356182098,-0.3091079592704773,0.0382731556892395,-0.0381610244512558,-0.8194092214107513,-0.05379825830459595,-0.33066701889038086,-0.13571153283119203,-0.17962608006265424,-0.165399032831192,-0.3657371911737654,-0.13571153283119203,0.19611386689874866,0.0,0.0,0.0,0.0,0.18846403724653243,0.09913274256586675,0.0,0.0,0.0,0.0,0.0,0.0,0.0,0.0,0.0,0.0
2,0.6998313659359191,0.6256323777403036,0.7015177065767285,0.5396290050590219,0.7352445193929174,0.4468802698145025,0.7504215851602024,0.3777403035413153,0.7757166947723441,0.3136593591905565,0.9865092748735245,0.45531197301854975,0.8313659359190556,0.42158516020236086,0.6913996627318718,0.418212478920742,0.6172006745362564,0.418212478920742,1.0,0.5615514333895447,0.8128161888701517,0.524451939291737,0.7065767284991569,0.5109612141652614,0.6964586846543002,0.5008431703204047,0.9645868465430016,0.657672849915683,0.7824620573355818,0.6222596964586846,0.7082630691399663,0.5902192242833052,0.7318718381112985,0.5682967959527825,0.9055649241146712,0.7318718381112985,0.7521079258010118,0.6981450252951096,0.6981450252951096,0.6677908937605397,0.7217537942664418,0.6475548060708263,0.16671711206436157,0.07517661154270172,-0.027826577425003052,-0.015472739934921265,-0.016747713088989258,0.003745853900909424,-0.03770534694194794,0.04235649108886719,0.4555945247411728,0.6986559629440308,-0.30818620324134827,0.036312222480773926,-0.04221375286579132,-0.8169966340065002,-0.054573819041252136,-0.33173489570617676,-0.1313757747411728,-0.18337818516625304,-0.16965702474117278,-0.3542115184995863,-0.1313757747411728,0.1932367058263884,0.0,0.0,0.0,0.0,0.1750699342529729,0.10278965420307758,0.0,0.0,0.0,0.0,0.0,0.0,0.0,0.0,0.0,0.0
2,0.6954314720812182,0.6277495769881557,0.6971235194585449,0.5499153976311336,0.7292724196277496,0.4602368866328257,0.7428087986463621,0.39086294416243655,0.766497461928934,0.3299492385786802,0.988155668358714,0.4653130287648054,0.8274111675126904,0.4365482233502538,0.6835871404399323,0.43147208121827413,0.6074450084602369,0.43147208121827413,1.0,0.571912013536379,0.805414551607445,0.5431472081218274,0.7072758037225042,0.5228426395939086,0.7038917089678511,0.5093062605752962,0.9644670050761421,0.6683587140439933,0.7698815566835872,0.637901861252115,0.6971235194585449,0.5972927241962775,0.7208121827411168,0.5685279187817259,0.9052453468697124,0.7445008460236887,0.7428087986463621,0.7106598984771574,0.688663282571912,0.676818950930626,0.7157360406091371,0.6565143824027073,0.16722238063812256,0.07460857927799225,-0.02822229266166687,-0.015443682670593262,-0.016676872968673706,0.003704160451889038,-0.03817099332809448,0.04228924214839935,0.45580267906188965,0.6995273232460022,-0.30814623832702637,0.03444552421569824,-0.04300148785114288,-0.8154648542404175,-0.054959774017333984,-0.33302292227745056,-0.13470892906188964,-0.18424954546822447,-0.17533392906188966,-0.3453606565793355,-0.13470892906188964,0.19299400316344362,0.0,0.0,0.0,0.0,0.16615408736608547,0.09730066434968287,0.0,0.0,0.0,0.0,0.0,0.0,0.0,0.0,0.0,0.0
2,0.6885521885521886,0.6245791245791246,0.696969696969697,0.5454545454545454,0.7289562289562289,0.45791245791245794,0.7441077441077442,0.39057239057239057,0.7626262626262627,0.35353535353535354,0.9932659932659933,0.4730639730639731,0.8316498316498316,0.44276094276094274,0.6885521885521886,0.43434343434343436,0.6094276094276094,0.43434343434343436,1.0,0.5774410774410774,0.8063973063973064,0.5488215488215489,0.7104377104377104,0.5252525252525253,0.7121212121212122,0.5084175084175084,0.9595959595959596,0.6734006734006734,0.765993265993266,0.6397306397306397,0.6986531986531986,0.5959595959595959,0.7239057239057239,0.569023569023569,0.898989898989899,0.7474747474747475,0.7373737373737373,0.7121212121212122,0.6851851851851852,0.6734006734006734,0.7087542087542088,0.6515151515151515,0.1672009825706482,0.07409289479255676,-0.028402626514434814,-0.015361040830612183,-0.016567975282669067,0.0037256181240081787,-0.038025811314582825,0.04240238666534424,0.4560874104499817,0.7000578343868256,-0.3082704544067383,0.03335481882095337,-0.044278502464294434,-0.8148956000804901,-0.05525657534599304,-0.33421188592910767,-0.1365561604499817,-0.18478005660904784,-0.17327491044998167,-0.3417245010534922,-0.1365561604499817,0.19287714825736146,0.0,0.0,0.0,0.0,0.1611825835614313,0.09645546477016098,0.0,0.0,0.0,0.0,0.0,0.0,0.0,0.0,0.0,0.0
2,0.697986577181208,0.6291946308724832,0.7046979865771812,0.5503355704697986,0.7332214765100671,0.46476510067114096,0.7432885906040269,0.3976510067114094,0.7583892617449665,0.36073825503355705,0.9966442953020134,0.4848993288590604,0.8221476510067114,0.45302013422818793,0.6812080536912751,0.4429530201342282,0.6040268456375839,0.4395973154362416,1.0,0.5889261744966443,0.7919463087248322,0.5553691275167785,0.6828859060402684,0.5234899328859061,0.6711409395973155,0.5050335570469798,0.9563758389261745,0.6845637583892618,0.7533557046979866,0.6476510067114094,0.6761744966442953,0.5939597315436241,0.6946308724832215,0.5620805369127517,0.8909395973154363,0.7550335570469798,0.7231543624161074,0.7181208053691275,0.6661073825503355,0.6728187919463087,0.6879194630872483,0.6493288590604027,0.16695106029510498,0.07431797683238983,-0.02871575951576233,-0.015412330627441406,-0.01668316125869751,0.0035758912563323975,-0.03822070360183716,0.04206131398677826,0.4561843276023865,0.7007461786270142,-0.3084595203399658,0.03308427333831787,-0.04643748700618744,-0.8145551085472107,-0.055411577224731445,-0.3354952335357666,-0.13118432760238646,-0.1799128452936808,-0.17493432760238647,-0.3368572897381253,-0.13118432760238646,0.198166032632192,0.0,0.0,0.0,0.0,0.1629282699287491,0.10353512256687716,0.0,0.0,0.0,0.0,0.0,0.0,0.0,0.0,0.0,0.0
2,0.6845637583892618,0.62248322147651,0.6929530201342282,0.5503355704697986,0.7265100671140939,0.46476510067114096,0.7432885906040269,0.40268456375838924,0.7667785234899329,0.3724832214765101,0.9932885906040269,0.48322147651006714,0.8238255033557047,0.4513422818791946,0.6845637583892618,0.4446308724832215,0.610738255033557,0.44798657718120805,1.0,0.5889261744966443,0.7969798657718121,0.5553691275167785,0.6845637583892618,0.5251677852348994,0.6644295302013423,0.5050335570469798,0.959731543624161,0.6828859060402684,0.761744966442953,0.6510067114093959,0.6812080536912751,0.6006711409395973,0.6929530201342282,0.5687919463087249,0.8942953020134228,0.7550335570469798,0.7315436241610739,0.7231543624161074,0.6728187919463087,0.6795302013422819,0.6912751677852349,0.6543624161073825,0.16682037711143494,0.0746808648109436,-0.028694629669189453,-0.015519112348556519,-0.016725867986679077,0.0033298134803771973,-0.037881121039390564,0.04249724745750427,0.45619235932826996,0.7010800838470459,-0.30847254395484924,0.0333935022354126,-0.039597779512405396,-0.8137111663818359,-0.055617257952690125,-0.3359227180480957,-0.13744235932826998,-0.18580230606926817,-0.17181735932826997,-0.33024675051371255,-0.13744235932826998,0.19254636483059984,0.0,0.0,0.0,0.0,0.1484784097297118,0.09767318525996348,0.0,0.0,0.0,0.0,0.0,0.0,0.0,0.0,0.0,0.0
2,0.6779089376053963,0.6290050590219224,0.6863406408094435,0.5564924114671164,0.718381112984823,0.47554806070826305,0.7419898819561551,0.41652613827993257,0.7672849915682968,0.3676222596964587,0.9898819561551433,0.4806070826306914,0.821247892074199,0.45193929173693087,0.684654300168634,0.448566610455312,0.6138279932546374,0.4502529510961214,1.0,0.5851602023608768,0.7976391231028668,0.5581787521079258,0.688026981450253,0.5295109612141653,0.6677908937605397,0.5109612141652614,0.9645868465430016,0.6812816188870152,0.7672849915682968,0.6559865092748736,0.688026981450253,0.6053962900505903,0.7015177065767285,0.5733558178752108,0.9038785834738617,0.7571669477234402,0.7470489038785835,0.7318718381112985,0.6897133220910624,0.6930860033726813,0.7099494097807757,0.6711635750421585,0.16638845205307007,0.07531307637691498,-0.02848675847053528,-0.015489459037780762,-0.0167352557182312,0.003483325242996216,-0.03751984238624573,0.042503878474235535,0.4561740309000015,0.7012879550457001,-0.30846235156059265,0.03332298994064331,-0.04376994073390961,-0.8121074736118317,-0.05584760010242462,-0.3361452519893646,-0.1421115309000015,-0.18323239949014447,-0.17179903090000154,-0.3304546217123667,-0.1421115309000015,0.19533537808391788,0.0,0.0,0.0,0.0,0.1501856530175216,0.09733515885884797,0.0,0.0,0.0,0.0,0.0,0.0,0.0,0.0,0.0,0.0
2,0.6841216216216216,0.6283783783783784,0.6891891891891891,0.5506756756756757,0.7212837837837838,0.46959459459459457,0.7398648648648649,0.40709459459459457,0.7584459459459459,0.36655405405405406,0.9915540540540541,0.4831081081081081,0.8260135135135135,0.44763513513513514,0.6773648648648649,0.4375,0.5945945945945946,0.4341216216216216,1.0,0.5844594594594594,0.7972972972972973,0.5506756756756757,0.6858108108108109,0.5236486486486487,0.6638513513513513,0.5050675675675675,0.9611486486486487,0.6790540540540541,0.7601351351351351,0.6469594594594594,0.6858108108108109,0.6030405405405406,0.7077702702702703,0.5760135135135135,0.8952702702702703,0.7533783783783784,0.731418918918919,0.7212837837837838,0.6790540540540541,0.6891891891891891,0.7077702702702703,0.6756756756756757,0.16652333736419678,0.07498839497566223,-0.028480052947998047,-0.015323907136917114,-0.016536593437194824,0.003736346960067749,-0.03756152093410492,0.04254625737667084,0.45617610216140747,0.7012616097927094,-0.308479905128479,0.03315967321395874,-0.036737650632858276,-0.81090447306633,-0.056090980768203735,-0.33619725704193115,-0.13976985216140747,-0.18459494312604263,-0.18117610216140745,-0.3443171653482649,-0.13976985216140747,0.1940813521544139,0.0,0.0,0.0,0.0,0.16500201759574776,0.1018213995932263,0.0,0.0,0.0,0.0,0.0,0.0,0.0,0.0,0.0,0.0
2,0.6863084922010398,0.6672443674176777,0.682842287694974,0.561525129982669,0.7261698440207972,0.4558058925476603,0.7504332755632582,0.3708838821490468,0.7746967071057193,0.29116117850953205,0.9809358752166378,0.45753899480069327,0.8232235701906413,0.3986135181975737,0.6845753899480069,0.4003466204506066,0.608318890814558,0.41074523396880414,1.0,0.5563258232235702,0.8128249566724437,0.49393414211438474,0.7435008665511266,0.5025996533795494,0.755632582322357,0.511265164644714,0.9705372616984402,0.6568457538994801,0.7694974003466204,0.5961871750433275,0.7261698440207972,0.5979202772963604,0.7642980935875217,0.6013864818024264,0.9168110918544194,0.7400346620450606,0.755632582322357,0.6811091854419411,0.7244367417677643,0.6776429809358753,0.7642980935875217,0.6863084922010398,0.16606387495994568,0.07437057793140411,-0.027345865964889526,-0.01350247859954834,-0.014513134956359863,0.0037220120429992676,-0.037404030561447144,0.04148586094379425,0.45612120628356934,0.7014188170433044,-0.3085445165634155,0.032825589179992676,-0.03464055061340332,-0.813197135925293,-0.05629932880401611,-0.3361639976501465,-0.14674620628356932,-0.16669659482108223,-0.18190245628356932,-0.3722521503766378,-0.14674620628356932,0.21216247810257804,0.0,0.0,0.0,0.0,0.20854027988332513,0.1288470508005519,0.0,0.0,0.0,0.0,0.0,0.0,0.0,0.0,0.0,0.0
2,0.6857142857142857,0.7107142857142857,0.6625,0.5553571428571429,0.7071428571428572,0.41785714285714287,0.7267857142857143,0.3125,0.7446428571428572,0.21964285714285714,0.9732142857142857,0.40714285714285714,0.8196428571428571,0.32142857142857145,0.6821428571428572,0.32142857142857145,0.5982142857142857,0.33035714285714285,1.0,0.4928571428571429,0.8089285714285714,0.38571428571428573,0.7375,0.4375,0.7285714285714285,0.4785714285714286,0.9785714285714285,0.5892857142857143,0.7732142857142857,0.4982142857142857,0.7392857142857143,0.5517857142857143,0.775,0.5892857142857143,0.9267857142857143,0.675,0.7660714285714286,0.5982142857142857,0.7392857142857143,0.6285714285714286,0.7767857142857143,0.6571428571428571,0.16634106636047363,0.07260061800479889,-0.02798786759376526,-0.01350364089012146,-0.014591515064239502,0.0038777589797973633,-0.03774726390838623,0.041709840297698975,0.4559886157512665,0.6975370347499847,-0.3089750409126282,0.040527522563934326,-0.040657252073287964,-0.8180730044841766,-0.0561809241771698,-0.3324013352394104,-0.1559886157512665,-0.14475925697220693,-0.19426986575126648,-0.4405925903055403,-0.1559886157512665,0.23209972249137034,0.0,0.0,0.0,0.0,0.2982998746440797,0.18152650258839703,0.0,0.0,0.0,0.0,0.0,0.0,0.0,0.0,0.0,0.0
2,0.7140221402214022,0.7435424354243543,0.6623616236162362,0.5627306273062731,0.6992619926199262,0.4022140221402214,0.7177121771217713,0.2878228782287823,0.7269372693726938,0.1881918819188192,0.9649446494464945,0.4003690036900369,0.8265682656826568,0.27490774907749077,0.6974169741697417,0.2859778597785978,0.6162361623616236,0.3081180811808118,1.0,0.46494464944649444,0.8302583025830258,0.34501845018450183,0.7712177121771218,0.42435424354243545,0.7785977859778598,0.488929889298893,0.9907749077490775,0.544280442804428,0.7952029520295203,0.45018450184501846,0.7472324723247232,0.5239852398523985,0.7785977859778598,0.5645756457564576,0.948339483394834,0.6254612546125461,0.7804428044280443,0.5479704797047971,0.7472324723247232,0.5959409594095941,0.7804428044280443,0.6309963099630996,0.16614440083503723,0.07330524921417236,-0.028473317623138428,-0.015428423881530762,-0.01666325330734253,0.0037824809551239014,-0.038096457719802856,0.04148226976394653,0.4554845988750458,0.6967999637126923,-0.30842143297195435,0.04203838109970093,-0.0394243448972702,-0.8200261294841766,-0.05585587024688721,-0.33170491456985474,-0.15314084887504575,-0.13707774149047003,-0.1945470988750458,-0.4648555192682478,-0.15314084887504575,0.2392501754893197,0.0,0.0,0.0,0.0,0.33038273130416607,0.19360731333080786,0.0,0.0,0.0,0.0,0.0,0.0,0.0,0.0,0.0,0.0
2,0.7419962335216572,0.7570621468926554,0.6704331450094162,0.5781544256120528,0.696798493408663,0.4067796610169492,0.7175141242937854,0.2919020715630885,0.7175141242937854,0.1807909604519774,0.9585687382297552,0.3747645951035782,0.8135593220338984,0.2542372881355932,0.6911487758945386,0.2655367231638418,0.6045197740112994,0.2900188323917137,1.0,0.4312617702448211,0.8097928436911488,0.3182674199623352,0.7495291902071564,0.4124293785310734,0.7627118644067796,0.4764595103578154,0.9981167608286252,0.504708097928437,0.7853107344632768,0.4143126177024482,0.743879472693032,0.5028248587570622,0.7777777777777778,0.5480225988700564,0.9642184557438794,0.5819209039548022,0.7853107344632768,0.5103578154425612,0.7551789077212806,0.5649717514124294,0.7853107344632768,0.60075329566855,0.16689500212669373,0.07348279654979706,-0.029200226068496704,-0.01549723744392395,-0.016685694456100464,0.003892838954925537,-0.038928478956222534,0.04145674407482147,0.4554605931043625,0.6966491639614105,-0.3083179295063019,0.041653573513031006,-0.03830520808696747,-0.8261608183383942,-0.05611853301525116,-0.33178773522377014,-0.1476480931043625,-0.13831583062807717,-0.20467934310436248,-0.4827602750725216,-0.1476480931043625,0.23806801786025367,0.0,0.0,0.0,0.0,0.349133984002137,0.20712280324841653,0.0,0.0,0.0,0.0,0.0,0.0,0.0,0.0,0.0,0.0
2,0.7606177606177607,0.7741312741312741,0.6756756756756757,0.5907335907335908,0.696911196911197,0.416988416988417,0.7142857142857143,0.30115830115830117,0.7104247104247104,0.18725868725868725,0.9420849420849421,0.36486486486486486,0.7992277992277992,0.25096525096525096,0.6756756756756757,0.2644787644787645,0.5868725868725869,0.2876447876447876,0.9903474903474904,0.4111969111969112,0.803088803088803,0.29922779922779924,0.7432432432432432,0.3938223938223938,0.7548262548262549,0.45366795366795365,1.0,0.47876447876447875,0.7799227799227799,0.38996138996138996,0.747104247104247,0.4942084942084942,0.7837837837837838,0.5444015444015444,0.974903474903475,0.5540540540540541,0.7876447876447876,0.48841698841698844,0.7586872586872587,0.5540540540540541,0.7934362934362934,0.5888030888030888,0.16654372215270996,0.07376040518283844,-0.029347985982894897,-0.015694141387939453,-0.016900837421417236,0.003673344850540161,-0.03920210897922516,0.040995702147483826,0.4556831121444702,0.695434957742691,-0.30789482593536377,0.04224509000778198,-0.036133766174316406,-0.8269725143909454,-0.056419968605041504,-0.33077287673950195,-0.14787061214447023,-0.13849051329824658,-0.21818311214447023,-0.4884905132982466,-0.14787061214447023,0.2374369498756197,0.0,0.0,0.0,0.0,0.35699278375935,0.23056746813371867,0.0,0.0,0.0,0.0,0.0,0.0,0.0,0.0,0.0,0.0
2,0.777120315581854,0.7928994082840237,0.6903353057199211,0.6015779092702169,0.7021696252465484,0.4260355029585799,0.7100591715976331,0.3057199211045365,0.7021696252465484,0.1893491124260355,0.9585798816568047,0.3826429980276134,0.8047337278106509,0.2583826429980276,0.6804733727810651,0.26232741617357,0.5897435897435898,0.2859960552268245,0.9980276134122288,0.4240631163708087,0.796844181459566,0.2958579881656805,0.7396449704142012,0.388560157790927,0.7495069033530573,0.44970414201183434,1.0,0.4812623274161736,0.7751479289940828,0.378698224852071,0.747534516765286,0.48717948717948717,0.7869822485207101,0.5424063116370809,0.9704142011834319,0.5483234714003945,0.7850098619329389,0.47731755424063116,0.7633136094674556,0.5443786982248521,0.8007889546351085,0.5838264299802761,0.1661093831062317,0.07407765090465546,-0.029631346464157104,-0.015828996896743774,-0.01708802580833435,0.003616899251937866,-0.03905844688415527,0.040953248739242554,0.4558574706315994,0.6939108967781067,-0.30755695700645447,0.042537808418273926,-0.0322117805480957,-0.8231145739555359,-0.056609317660331726,-0.3292740285396576,-0.14804497063159944,-0.13557756344477334,-0.22226372063159944,-0.4925220078892178,-0.14804497063159944,0.23968254377444587,0.0,0.0,0.0,0.0,0.36457887935440747,0.2419140481328602,0.0,0.0,0.0,0.0,0.0,0.0,0.0,0.0,0.0,0.0
2,0.7786561264822134,0.7924901185770751,0.691699604743083,0.6007905138339921,0.7015810276679841,0.42292490118577075,0.7114624505928854,0.30237154150197626,0.6976284584980237,0.19367588932806323,0.9604743083003953,0.3814229249011858,0.8063241106719368,0.2608695652173913,0.6818181818181818,0.26877470355731226,0.5928853754940712,0.29051383399209485,0.9980237154150198,0.4189723320158103,0.7905138339920948,0.29051383399209485,0.7193675889328063,0.38537549407114624,0.7272727272727273,0.44664031620553357,1.0,0.4743083003952569,0.7687747035573123,0.3715415019762846,0.733201581027668,0.48221343873517786,0.7747035573122529,0.5355731225296443,0.9683794466403162,0.5375494071146245,0.7786561264822134,0.4723320158102767,0.7529644268774703,0.5454545454545454,0.7924901185770751,0.5810276679841897,0.16601502895355225,0.07421644032001495,-0.029404431581497192,-0.0159643292427063,-0.017200320959091187,0.003452092409133911,-0.03905355930328369,0.04086928069591522,0.4560374319553375,0.6931861340999603,-0.3077532649040222,0.04292207956314087,-0.029459267854690552,-0.8228768408298492,-0.05682972073554993,-0.32865604758262634,-0.14822493195533754,-0.13624168965551586,-0.22166243195533752,-0.48901946743329366,-0.14822493195533754,0.23876623776223926,0.0,0.0,0.0,0.0,0.3603404319530036,0.24390285103432013,0.0,0.0,0.0,0.0,0.0,0.0,0.0,0.0,0.0,0.0
2,0.7786561264822134,0.7845849802371542,0.6956521739130435,0.6007905138339921,0.7035573122529645,0.4268774703557312,0.7114624505928854,0.30632411067193677,0.7015810276679841,0.1956521739130435,0.9604743083003953,0.383399209486166,0.8102766798418972,0.2608695652173913,0.6857707509881423,0.26877470355731226,0.6027667984189723,0.2924901185770751,0.9980237154150198,0.4209486166007905,0.7964426877470355,0.2826086956521739,0.7134387351778656,0.36363636363636365,0.7075098814229249,0.41304347826086957,1.0,0.4723320158102767,0.7687747035573123,0.3715415019762846,0.733201581027668,0.48221343873517786,0.7766798418972332,0.5355731225296443,0.9683794466403162,0.5316205533596838,0.7786561264822134,0.4683794466403162,0.7509881422924901,0.541501976284585,0.7924901185770751,0.5810276679841897,0.16595053672790527,0.07387451827526093,-0.029414862394332886,-0.015883296728134155,-0.017087340354919434,0.0036296546459198,-0.03900046646595001,0.040941253304481506,0.4564032107591629,0.6931456029415131,-0.3084162175655365,0.04282897710800171,-0.02699659764766693,-0.823874443769455,-0.05727602541446686,-0.3286992907524109,-0.14859071075916291,-0.14175671405262413,-0.2181219607591629,-0.4875900473859575,-0.14859071075916291,0.23345410012536583,0.0,0.0,0.0,0.0,0.35275386485622945,0.2626214537517433,0.0,0.0,0.0,0.0,0.0,0.0,0.0,0.0,0.0,0.0
2,0.788,0.802,0.698,0.614,0.704,0.436,0.71,0.316,0.694,0.21,0.962,0.392,0.81,0.27,0.686,0.27,0.592,0.282,0.998,0.426,0.794,0.29,0.726,0.378,0.732,0.432,1.0,0.476,0.768,0.374,0.742,0.486,0.788,0.54,0.966,0.538,0.778,0.472,0.756,0.546,0.8,0.586,0.16589391231536865,0.07324826717376709,-0.02967303991317749,-0.01564130187034607,-0.016852885484695435,0.003664642572402954,-0.03916443884372711,0.0407538115978241,0.45629552006721497,0.693624347448349,-0.30855101346969604,0.04249507188796997,-0.025187745690345764,-0.8256330192089081,-0.05710539221763611,-0.32922616600990295,-0.14848302006721498,-0.13667990300390453,-0.22504552006721495,-0.4977910141150157,-0.14848302006721498,0.23868496682908802,0.0,0.0,0.0,0.0,0.36913825455261506,0.25787392880216525,0.0,0.0,0.0,0.0,0.0,0.0,0.0,0.0,0.0,0.0
2,0.7887323943661971,0.8028169014084507,0.7022132796780685,0.613682092555332,0.7082494969818913,0.44064386317907445,0.716297786720322,0.3199195171026157,0.7082494969818913,0.2052313883299799,0.9617706237424547,0.3903420523138833,0.8088531187122736,0.26961770623742454,0.6881287726358148,0.27565392354124746,0.6036217303822937,0.2977867203219316,0.9979879275653923,0.4225352112676056,0.7967806841046278,0.2796780684104628,0.7022132796780685,0.3420523138832998,0.6780684104627767,0.3822937625754527,1.0,0.4708249496981891,0.7686116700201208,0.37424547283702214,0.7323943661971831,0.4869215291750503,0.772635814889336,0.545271629778672,0.971830985915493,0.5311871227364185,0.7806841046277666,0.4708249496981891,0.7545271629778671,0.5492957746478874,0.7947686116700201,0.5915492957746479,0.16636371612548828,0.0735885351896286,-0.029488354921340942,-0.015667885541915894,-0.016862601041793823,0.0037470459938049316,-0.03920195996761322,0.040859103202819824,0.4560855031013489,0.6948906481266022,-0.3088066577911377,0.04404205083847046,-0.022959887981414795,-0.8257143199443817,-0.056653887033462524,-0.3305281400680542,-0.14983550310134885,-0.14072398145993548,-0.22171050310134888,-0.4893350925710466,-0.14983550310134885,0.23504828612009687,0.0,0.0,0.0,0.0,0.35594342586304845,0.29344079768867765,0.0,0.0,0.0,0.0,0.0,0.0,0.0,0.0,0.0,0.0
2,0.7871485943775101,0.7991967871485943,0.7008032128514057,0.6144578313253012,0.7068273092369478,0.44176706827309237,0.7168674698795181,0.3192771084337349,0.7128514056224899,0.20682730923694778,0.9618473895582329,0.39357429718875503,0.8112449799196787,0.2710843373493976,0.6907630522088354,0.27309236947791166,0.6044176706827309,0.29116465863453816,0.9979919678714859,0.42570281124497994,0.8032128514056225,0.27710843373493976,0.7048192771084337,0.3413654618473896,0.678714859437751,0.38353413654618473,1.0,0.4738955823293173,0.7690763052208835,0.3714859437751004,0.7329317269076305,0.4859437751004016,0.7730923694779116,0.5421686746987951,0.9698795180722891,0.5341365461847389,0.7811244979919679,0.46987951807228917,0.7530120481927711,0.5461847389558233,0.7931726907630522,0.5883534136546185,0.16639187932014465,0.0731712132692337,-0.029505819082260132,-0.015622854232788086,-0.016828715801239014,0.0037640631198883057,-0.03920969367027283,0.04089507460594177,0.4564223885536194,0.6950431764125824,-0.30812394618988037,0.043748319149017334,-0.022585883736610413,-0.8243962824344635,-0.05703890323638916,-0.3307028114795685,-0.15017238855361936,-0.14226539863480459,-0.22126613855361937,-0.4936542875236935,-0.15017238855361936,0.2337756411896812,0.0,0.0,0.0,0.0,0.35850867844953266,0.29057879336980186,0.0,0.0,0.0,0.0,0.0,0.0,0.0,0.0,0.0,0.0
2,0.7524557956777996,0.768172888015717,0.6777996070726916,0.5893909626719057,0.6994106090373281,0.4106090373280943,0.7210216110019646,0.2888015717092338,0.7131630648330058,0.17288801571709234,0.9567779960707269,0.37721021611001965,0.8192534381139489,0.25343811394891946,0.6915520628683693,0.26719056974459726,0.5972495088408645,0.29469548133595286,0.9980353634577603,0.42829076620825146,0.793713163064833,0.3163064833005894,0.7387033398821218,0.4223968565815324,0.7642436149312377,0.48330058939096265,1.0,0.4950884086444008,0.7799607072691552,0.3968565815324165,0.75049115913556,0.5009823182711198,0.793713163064833,0.5540275049115914,0.9666011787819253,0.5677799607072691,0.7917485265225933,0.48919449901768175,0.7603143418467584,0.555992141453831,0.793713163064833,0.5952848722986247,0.16654175519943237,0.07334312796592712,-0.029392898082733154,-0.01571670174598694,-0.016929268836975098,0.0038467347621917725,-0.03921571373939514,0.040949150919914246,0.4566156566143036,0.69510218501091,-0.3077905774116516,0.04358738660812378,-0.02313631772994995,-0.8330584466457367,-0.0572722852230072,-0.33079591393470764,-0.1573969066143036,-0.15204662945535452,-0.2191156566143036,-0.48676885167757666,-0.1573969066143036,0.2241406056616041,0.0,0.0,0.0,0.0,0.34036476044230135,0.20144343430390382,0.0,0.0,0.0,0.0,0.0,0.0,0.0,0.0,0.0,0.0
2,0.6890130353817505,0.707635009310987,0.6443202979515829,0.5325884543761639,0.6983240223463687,0.3817504655493482,0.7467411545623837,0.2849162011173184,0.7597765363128491,0.18063314711359404,0.962756052141527,0.3891992551210428,0.8417132216014898,0.27001862197392923,0.7113594040968343,0.27932960893854747,0.6201117318435754,0.3128491620111732,1.0,0.4692737430167598,0.8324022346368715,0.3500931098696462,0.7616387337057728,0.40782122905027934,0.7616387337057728,0.4581005586592179,0.9888268156424581,0.5586592178770949,0.7914338919925512,0.45996275605214154,0.74487895716946,0.5176908752327747,0.7783985102420856,0.5586592178770949,0.9404096834264432,0.6424581005586593,0.776536312849162,0.5567970204841713,0.7411545623836127,0.590316573556797,0.7783985102420856,0.6201117318435754,0.16640454530715942,0.07342511415481567,-0.02937793731689453,-0.015733152627944946,-0.016964197158813477,0.003886997699737549,-0.03908199071884155,0.04098692536354065,0.4567677080631256,0.6931167840957642,-0.3068501353263855,0.047539353370666504,-0.024958893656730652,-0.8353856205940247,-0.05760711431503296,-0.3290202021598816,-0.1677052080631256,-0.16533900631798637,-0.19661145806312563,-0.4597834507624308,-0.1677052080631256,0.2100229428874122,0.0,0.0,0.0,0.0,0.29585993671543304,0.18858868048102687,0.0,0.0,0.0,0.0,0.0,0.0,0.0,0.0,0.0,0.0
2,0.6648841354723708,0.6559714795008913,0.6684491978609626,0.5026737967914439,0.7290552584670231,0.3868092691622103,0.7718360071301248,0.3083778966131907,0.7985739750445633,0.21746880570409982,0.9768270944741533,0.42424242424242425,0.8609625668449198,0.32976827094474154,0.732620320855615,0.32976827094474154,0.6470588235294118,0.3511586452762923,1.0,0.5204991087344029,0.8502673796791443,0.41354723707664887,0.7557932263814616,0.44028520499108736,0.732620320855615,0.47237076648841353,0.9696969696969697,0.6131907308377896,0.7932263814616756,0.5240641711229946,0.7290552584670231,0.5418894830659536,0.7468805704099821,0.5632798573975044,0.9073083778966132,0.6934046345811051,0.7629233511586453,0.6203208556149733,0.7165775401069518,0.6167557932263814,0.7379679144385026,0.6256684491978609,0.16651421785354614,0.07321570813655853,-0.029070883989334106,-0.015673279762268066,-0.016870170831680298,0.004061669111251831,-0.03925742208957672,0.040904074907302856,0.4563568979501724,0.6932827830314636,-0.30601033568382263,0.04779350757598877,-0.027430459856987,-0.835374116897583,-0.05728696286678314,-0.32986822724342346,-0.16495064795017245,-0.18217167192035255,-0.17276314795017245,-0.4196716719203525,-0.16495064795017245,0.19311320102877083,0.0,0.0,0.0,0.0,0.23762846032462098,0.14610352367947402,0.0,0.0,0.0,0.0,0.0,0.0,0.0,0.0,0.0,0.0
2,0.6637931034482759,0.6189655172413793,0.6810344827586207,0.4982758620689655,0.7362068965517241,0.4,0.7655172413793103,0.32413793103448274,0.7896551724137931,0.24482758620689654,0.993103448275862,0.4362068965517241,0.8568965517241379,0.3689655172413793,0.7137931034482758,0.35517241379310344,0.6241379310344828,0.35517241379310344,1.0,0.5448275862068965,0.8327586206896552,0.46206896551724136,0.7327586206896551,0.4706896551724138,0.7224137931034482,0.4862068965517241,0.9551724137931035,0.6396551724137931,0.7793103448275862,0.553448275862069,0.7086206896551724,0.5465517241379311,0.7293103448275862,0.5482758620689655,0.8844827586206897,0.7120689655172414,0.7396551724137931,0.6344827586206897,0.6913793103448276,0.6155172413793103,0.7155172413793104,0.6155172413793103,0.16629868745803833,0.07329055666923523,-0.028717756271362305,-0.015522539615631104,-0.016663074493408203,0.003960341215133667,-0.03925912082195282,0.04091325402259827,0.4553830772638321,0.6939829289913177,-0.3040834367275238,0.04604274034500122,-0.02812051773071289,-0.8323063552379608,-0.05645664036273956,-0.33059197664260864,-0.1546018272638321,-0.19537181788020663,-0.17257057726383207,-0.40787181788020666,-0.1546018272638321,0.17984796679682202,0.0,0.0,0.0,0.0,0.21325835499825677,0.11019383196795031,0.0,0.0,0.0,0.0,0.0,0.0,0.0,0.0,0.0,0.0
2,0.688135593220339,0.5949152542372881,0.6949152542372882,0.49491525423728816,0.7338983050847457,0.39661016949152544,0.7508474576271187,0.32033898305084746,0.7762711864406779,0.25084745762711863,0.9932203389830508,0.42542372881355933,0.8440677966101695,0.3711864406779661,0.6932203389830508,0.35423728813559324,0.6050847457627119,0.3474576271186441,1.0,0.535593220338983,0.8135593220338984,0.4711864406779661,0.7186440677966102,0.4610169491525424,0.7084745762711865,0.4576271186440678,0.9576271186440678,0.6305084745762712,0.7610169491525424,0.5610169491525424,0.6949152542372882,0.535593220338983,0.7186440677966102,0.5220338983050847,0.8932203389830509,0.7016949152542373,0.7271186440677966,0.635593220338983,0.6779661016949152,0.611864406779661,0.7033898305084746,0.6016949152542372,0.165889710187912,0.07328593730926514,-0.028384089469909668,-0.015654325485229492,-0.016768604516983032,0.003733336925506592,-0.03861802816390991,0.0412927120923996,0.4547472298145294,0.6940712630748749,-0.30303698778152466,0.04573720693588257,-0.028334230184555054,-0.8197034895420074,-0.055756598711013794,-0.3304731249809265,-0.1375597298145294,-0.2065712630748749,-0.1758409798145294,-0.40934904085265267,-0.1375597298145294,0.16834266781806945,0.0,0.0,0.0,0.0,0.2063595921251453,0.11288994917617776,0.0,0.0,0.0,0.0,0.0,0.0,0.0,0.0,0.0,0.0
2,0.6890756302521008,0.5932773109243697,0.6974789915966386,0.4991596638655462,0.7361344537815127,0.40336134453781514,0.7512605042016807,0.32941176470588235,0.7747899159663866,0.26554621848739496,0.9966386554621849,0.4336134453781513,0.8403361344537815,0.3815126050420168,0.6941176470588235,0.36470588235294116,0.6151260504201681,0.35798319327731093,1.0,0.5445378151260504,0.8117647058823529,0.4823529411764706,0.7159663865546219,0.4638655462184874,0.7126050420168067,0.45714285714285713,0.9563025210084034,0.6386554621848739,0.761344537815126,0.5697478991596638,0.6974789915966386,0.5378151260504201,0.7277310924369748,0.5210084033613446,0.8907563025210085,0.7075630252100841,0.7260504201680672,0.6436974789915967,0.6789915966386555,0.6184873949579832,0.7075630252100841,0.6084033613445378,0.1654251217842102,0.0736762136220932,-0.028673142194747925,-0.016094624996185303,-0.017313659191131592,0.0038215816020965576,-0.03816017508506775,0.04107488691806793,0.4542297273874283,0.6946065127849579,-0.3020547330379486,0.04464656114578247,-0.028418809175491333,-0.8151681125164032,-0.05588637292385101,-0.33112862706184387,-0.13391722738742828,-0.20432873500718013,-0.16829222738742827,-0.39877317945162455,-0.13391722738742828,0.17091770784722432,0.0,0.0,0.0,0.0,0.19745957206554618,0.11303043354004265,0.0,0.0,0.0,0.0,0.0,0.0,0.0,0.0,0.0,0.0
2,0.6902356902356902,0.6026936026936027,0.696969696969697,0.5134680134680135,0.7356902356902357,0.41919191919191917,0.7474747474747475,0.3484848484848485,0.7693602693602694,0.28619528619528617,1.0,0.4494949494949495,0.8367003367003367,0.3956228956228956,0.6885521885521886,0.38047138047138046,0.6094276094276094,0.3787878787878788,1.0,0.5606060606060606,0.8080808080808081,0.494949494949495,0.7121212121212122,0.4797979797979798,0.7121212121212122,0.4764309764309764,0.9511784511784511,0.6548821548821548,0.7508417508417509,0.5841750841750841,0.6902356902356902,0.5471380471380471,0.7255892255892256,0.5303030303030303,0.8804713804713805,0.7239057239057239,0.7154882154882155,0.6548821548821548,0.6717171717171717,0.6212121212121212,0.7070707070707071,0.6077441077441077,0.16601720452308655,0.07399050891399384,-0.0283491313457489,-0.015796542167663574,-0.016988813877105713,0.003660649061203003,-0.03801879286766052,0.04157803952693939,0.4535513371229172,0.6954981982707977,-0.30054476857185364,0.042575299739837646,-0.028412863612174988,-0.8094430863857269,-0.05643974244594574,-0.33195897936820984,-0.13323883712291718,-0.1982759760485755,-0.17073883712291715,-0.38299819827079773,-0.13323883712291718,0.17769299430979624,0.0,0.0,0.0,0.0,0.18849018378344282,0.10466061273710826,0.0,0.0,0.0,0.0,0.0,0.0,0.0,0.0,0.0,0.0
2,0.6919191919191919,0.5993265993265994,0.6986531986531986,0.5117845117845118,0.7323232323232324,0.41919191919191917,0.7457912457912458,0.35353535353535354,0.7676767676767676,0.30808080808080807,1.0,0.4595959595959596,0.8333333333333334,0.4074074074074074,0.6818181818181818,0.39225589225589225,0.5993265993265994,0.3888888888888889,0.9966329966329966,0.5707070707070707,0.7962962962962963,0.5117845117845118,0.696969696969697,0.48484848484848486,0.6936026936026936,0.4713804713804714,0.9461279461279462,0.664983164983165,0.7407407407407407,0.5993265993265994,0.6801346801346801,0.5555555555555556,0.7138047138047138,0.5353535353535354,0.8737373737373737,0.7323232323232324,0.7070707070707071,0.6666666666666666,0.6632996632996633,0.6296296296296297,0.6986531986531986,0.6144781144781145,0.1659589409828186,0.0737304836511612,-0.028906792402267456,-0.015862733125686646,-0.01712954044342041,0.003959923982620239,-0.03794720768928528,0.04127945005893707,0.4541538953781128,0.6994611918926239,-0.3018594980239868,0.035905301570892334,-0.03479738533496857,-0.8169739544391632,-0.05828776955604553,-0.3359033763408661,-0.13306014537811278,-0.20501674744817944,-0.17602889537811278,-0.37862785855929054,-0.13306014537811278,0.17385773327615528,0.0,0.0,0.0,0.0,0.17884946569055515,0.10555844665494314,0.0,0.0,0.0,0.0,0.0,0.0,0.0,0.0,0.0,0.0
2,0.7018425460636516,0.6030150753768844,0.7085427135678392,0.5209380234505863,0.7319932998324958,0.4304857621440536,0.7403685092127303,0.36515912897822445,0.7554438860971524,0.3165829145728643,1.0,0.4723618090452261,0.8257956448911222,0.41708542713567837,0.6834170854271356,0.4020100502512563,0.6063651591289783,0.4020100502512563,0.9966499162479062,0.5795644891122278,0.7822445561139029,0.5209380234505863,0.6716917922948074,0.48408710217755446,0.6566164154103853,0.4656616415410385,0.9430485762144054,0.6716917922948074,0.7319932998324958,0.6130653266331658,0.6582914572864321,0.5544388609715243,0.6800670016750419,0.525963149078727,0.8693467336683417,0.7386934673366834,0.7001675041876047,0.6800670016750419,0.6499162479061976,0.6348408710217756,0.678391959798995,0.6147403685092128,0.1660928726196289,0.07342715561389923,-0.02848556637763977,-0.015887200832366943,-0.017089426517486572,0.0036920011043548584,-0.03784842789173126,0.04171659052371979,0.45426414906978607,0.7016158103942871,-0.3021686375141144,0.032591819763183594,-0.03937558829784393,-0.827411413192749,-0.058893099427223206,-0.3380514979362488,-0.12692039906978608,-0.2016158103942871,-0.17145164906978605,-0.3682824770609538,-0.12692039906978608,0.17863864451646805,0.0,0.0,0.0,0.0,0.17251321689754753,0.1158258403872304,0.0,0.0,0.0,0.0,0.0,0.0,0.0,0.0,0.0,0.0
2,0.6884422110552764,0.5963149078726968,0.6968174204355109,0.5175879396984925,0.7303182579564489,0.4321608040201005,0.7453936348408711,0.3685092127303183,0.7671691792294807,0.3249581239530988,1.0,0.47738693467336685,0.830820770519263,0.4187604690117253,0.6834170854271356,0.4020100502512563,0.5996649916247906,0.4036850921273032,0.9949748743718593,0.5862646566164154,0.7855946398659966,0.525963149078727,0.6850921273031826,0.49246231155778897,0.6733668341708543,0.47906197654941374,0.9413735343383585,0.6767169179229481,0.7319932998324958,0.6113902847571189,0.6700167504187605,0.5628140703517588,0.6968174204355109,0.541038525963149,0.8659966499162479,0.7420435510887772,0.6968174204355109,0.6750418760469011,0.6532663316582915,0.6348408710217756,0.6850921273031826,0.6197654941373534,0.16659700870513916,0.0734080970287323,-0.028291642665863037,-0.01608416438102722,-0.017411381006240845,0.0038629472255706787,-0.037667423486709595,0.04192304611206055,0.45418068766593933,0.70173779129982,-0.30200713872909546,0.03237205743789673,-0.04052414000034332,-0.826482504606247,-0.05918195843696594,-0.3384340703487396,-0.13308693766593932,-0.20729334685537548,-0.17449318766593935,-0.36701556907759775,-0.13308693766593932,0.17316652801301746,0.0,0.0,0.0,0.0,0.16500201759574776,0.09747614564799774,0.0,0.0,0.0,0.0,0.0,0.0,0.0,0.0,0.0,0.0
2,0.6889632107023411,0.596989966555184,0.6989966555183946,0.5167224080267558,0.7307692307692307,0.4331103678929766,0.745819397993311,0.3695652173913043,0.7692307692307693,0.32441471571906355,1.0,0.47491638795986624,0.8294314381270903,0.41471571906354515,0.6822742474916388,0.3996655518394649,0.596989966555184,0.4013377926421405,0.9966555183946488,0.5819397993311036,0.7859531772575251,0.5234113712374582,0.6822742474916388,0.4899665551839465,0.6638795986622074,0.4765886287625418,0.9431438127090301,0.6739130434782609,0.7341137123745819,0.6137123745819398,0.6722408026755853,0.5668896321070234,0.6989966555183946,0.5484949832775919,0.8695652173913043,0.7408026755852842,0.697324414715719,0.6789297658862876,0.6521739130434783,0.6404682274247492,0.6839464882943144,0.6287625418060201,0.16643238067626953,0.073847696185112,-0.028127044439315796,-0.015728771686553955,-0.017008692026138306,0.0038038790225982666,-0.03786097466945648,0.042020559310913086,0.4539971947669983,0.7018442153930664,-0.302365779876709,0.0326993465423584,-0.041693925857543945,-0.8252817392349243,-0.0587468147277832,-0.33851897716522217,-0.13212219476699827,-0.20601088205973306,-0.17509094476699827,-0.3685108820597331,-0.13212219476699827,0.17428463300069175,0.0,0.0,0.0,0.0,0.16808498884957726,0.10068430414698464,0.0,0.0,0.0,0.0,0.0,0.0,0.0,0.0,0.0,0.0
2,0.6839464882943144,0.5986622073578596,0.6939799331103679,0.520066889632107,0.7290969899665551,0.43812709030100333,0.7441471571906354,0.3762541806020067,0.7692307692307693,0.3311036789297659,1.0,0.48327759197324416,0.8260869565217391,0.42642140468227424,0.6789297658862876,0.4096989966555184,0.596989966555184,0.4096989966555184,0.9949832775919732,0.5919732441471572,0.7775919732441472,0.5367892976588629,0.6889632107023411,0.4983277591973244,0.6923076923076923,0.4782608695652174,0.939799331103679,0.6839464882943144,0.725752508361204,0.6220735785953178,0.6705685618729097,0.5668896321070234,0.7090301003344481,0.540133779264214,0.8645484949832776,0.745819397993311,0.6939799331103679,0.6839464882943144,0.6521739130434783,0.6404682274247492,0.6889632107023411,0.6237458193979933,0.16616111993789673,0.07334442436695099,-0.028475433588027954,-0.015275657176971436,-0.016572684049606323,0.0036462247371673584,-0.038162633776664734,0.041500598192214966,0.4537106603384018,0.7018427550792694,-0.30296435952186584,0.032764971256256104,-0.04159592092037201,-0.8246937096118927,-0.05832524597644806,-0.3382618725299835,-0.1341794103384018,-0.20462053285704718,-0.17480441033840177,-0.3615649773014916,-0.1341794103384018,0.17546346767081156,0.0,0.0,0.0,0.0,0.16211708505575625,0.10007626486366539,0.0,0.0,0.0,0.0,0.0,0.0,0.0,0.0,0.0,0.0
2,0.6901172529313233,0.5979899497487438,0.6968174204355109,0.52428810720268,0.7303182579564489,0.44221105527638194,0.7470686767169179,0.38023450586264657,0.7738693467336684,0.33835845896147404,1.0,0.48743718592964824,0.8257956448911222,0.4355108877721943,0.6800670016750419,0.41708542713567837,0.5996649916247906,0.4137353433835846,0.9949748743718593,0.592964824120603,0.7755443886097152,0.5494137353433836,0.6884422110552764,0.5058626465661642,0.6917922948073701,0.48408710217755446,0.9430485762144054,0.6850921273031826,0.7236180904522613,0.6365159128978225,0.6683417085427136,0.576214405360134,0.7035175879396985,0.5494137353433836,0.8710217755443886,0.7504187604690117,0.6968174204355109,0.6984924623115578,0.6532663316582915,0.6532663316582915,0.6884422110552764,0.6365159128978225,0.16610434651374817,0.07282568514347076,-0.02835211157798767,-0.015488982200622559,-0.01670706272125244,0.003454148769378662,-0.03844468295574188,0.041304513812065125,0.4536195546388626,0.7020680010318756,-0.3031974732875824,0.03326445817947388,-0.042566120624542236,-0.8255731165409088,-0.05814100801944733,-0.33813777565956116,-0.1317445546388626,-0.20623466769854226,-0.17393205463886263,-0.35901244547632005,-0.1317445546388626,0.1738698368271192,0.0,0.0,0.0,0.0,0.15849553476033973,0.09444767566214772,0.0,0.0,0.0,0.0,0.0,0.0,0.0,0.0,0.0,0.0
2,0.6902356902356902,0.6026936026936027,0.696969696969697,0.5286195286195287,0.7289562289562289,0.4494949494949495,0.7457912457912458,0.3872053872053872,0.7693602693602694,0.34175084175084175,1.0,0.4882154882154882,0.8282828282828283,0.4377104377104377,0.6801346801346801,0.4208754208754209,0.5993265993265994,0.41919191919191917,0.9983164983164983,0.5942760942760943,0.7794612794612794,0.5505050505050505,0.6885521885521886,0.5117845117845118,0.6919191919191919,0.49158249158249157,0.9478114478114478,0.6868686868686869,0.7272727272727273,0.6397306397306397,0.6717171717171717,0.5841750841750841,0.7070707070707071,0.5572390572390572,0.8754208754208754,0.7558922558922558,0.6986531986531986,0.7037037037037037,0.6531986531986532,0.6582491582491582,0.6885521885521886,0.6414141414141414,0.16609406471252441,0.07272298634052277,-0.028073042631149292,-0.015598446130752563,-0.01686277985572815,0.003609210252761841,-0.038356631994247437,0.04139886796474457,0.4534296840429306,0.7021978199481964,-0.3036680519580841,0.033723533153533936,-0.043070390820503235,-0.8252399265766144,-0.0577424019575119,-0.3380323350429535,-0.1331171840429306,-0.20497559772597418,-0.1753046840429306,-0.3563644866148631,-0.1331171840429306,0.17499451322687998,0.0,0.0,0.0,0.0,0.1571571851213375,0.09166999579655428,0.0,0.0,0.0,0.0,0.0,0.0,0.0,0.0,0.0,0.0
2,0.6812816188870152,0.6003372681281619,0.6913996627318718,0.5261382799325464,0.7268128161888702,0.448566610455312,0.7436762225969646,0.38785834738617203,0.7655986509274874,0.342327150084317,1.0,0.4856661045531197,0.8313659359190556,0.43844856661045534,0.6829679595278246,0.42158516020236086,0.6003372681281619,0.418212478920742,1.0,0.5935919055649241,0.7841483979763912,0.5480607082630692,0.688026981450253,0.5092748735244519,0.684654300168634,0.48903878583473864,0.9477234401349073,0.688026981450253,0.7284991568296796,0.6408094435075885,0.6711635750421585,0.5834738617200674,0.7065767284991569,0.5581787521079258,0.8752107925801011,0.7554806070826307,0.6998313659359191,0.7048903878583473,0.6526138279932546,0.657672849915683,0.6863406408094435,0.6408094435075885,0.16609302163124084,0.07261680066585541,-0.028115183115005493,-0.015275895595550537,-0.01655346155166626,0.0037656426429748535,-0.03837035596370697,0.041130051016807556,0.4533452093601227,0.7019146680831909,-0.3038068413734436,0.03430497646331787,-0.0361270010471344,-0.8216404318809509,-0.05756673216819763,-0.3372742533683777,-0.1377202093601227,-0.20747022363874645,-0.17522020936012267,-0.3574702236387465,-0.1377202093601227,0.17227047648694782,0.0,0.0,0.0,0.0,0.15461646096066228,0.09167998246088281,0.0,0.0,0.0,0.0,0.0,0.0,0.0,0.0,0.0,0.0
2,0.6858108108108109,0.5945945945945946,0.6942567567567568,0.5219594594594594,0.7263513513513513,0.44425675675675674,0.7432432432432432,0.38513513513513514,0.7668918918918919,0.33614864864864863,1.0,0.4831081081081081,0.8327702702702703,0.4341216216216216,0.6841216216216216,0.41385135135135137,0.5996621621621622,0.41047297297297297,1.0,0.5912162162162162,0.7871621621621622,0.543918918918919,0.6875,0.5067567567567568,0.6756756756756757,0.49155405405405406,0.9493243243243243,0.6841216216216216,0.731418918918919,0.6368243243243243,0.6739864864864865,0.5861486486486487,0.7077702702702703,0.5658783783783784,0.8783783783783784,0.7533783783783784,0.7043918918918919,0.7010135135135135,0.6587837837837838,0.6587837837837838,0.6908783783783784,0.6469594594594594,0.16614487767219543,0.0725851058959961,-0.028289079666137695,-0.015317261219024658,-0.016586631536483765,0.003683537244796753,-0.038450419902801514,0.04104594886302948,0.45305897295475006,0.7016205191612244,-0.30376800894737244,0.03494131565093994,-0.03299011290073395,-0.815915048122406,-0.05727453529834747,-0.33597955107688904,-0.13587147295475005,-0.2127316302723355,-0.17571522295475006,-0.36412051916122434,-0.13587147295475005,0.16671589695745043,0.0,0.0,0.0,0.0,0.15654430712445225,0.08485179782728001,0.0,0.0,0.0,0.0,0.0,0.0,0.0,0.0,0.0,0.0
2,0.6993127147766323,0.6219931271477663,0.7079037800687286,0.5292096219931272,0.7474226804123711,0.436426116838488,0.761168384879725,0.359106529209622,0.7749140893470791,0.28350515463917525,1.0,0.46735395189003437,0.8367697594501718,0.39690721649484534,0.6907216494845361,0.37800687285223367,0.6151202749140894,0.37628865979381443,1.0,0.5756013745704467,0.7920962199312714,0.4965635738831615,0.697594501718213,0.4793814432989691,0.6941580756013745,0.47594501718213056,0.9536082474226805,0.6718213058419243,0.7422680412371134,0.5962199312714777,0.6941580756013745,0.5687285223367697,0.7371134020618557,0.563573883161512,0.8865979381443299,0.7491408934707904,0.7164948453608248,0.6752577319587629,0.6786941580756014,0.6529209621993127,0.7147766323024055,0.654639175257732,0.16604569554328918,0.07285793125629425,-0.028132349252700806,-0.015386819839477539,-0.016678035259246826,0.003667294979095459,-0.03818638622760773,0.04132348299026489,0.4530555158853531,0.6998861730098724,-0.3037216365337372,0.03836601972579956,-0.03463953733444214,-0.8125286400318146,-0.057347461581230164,-0.3336276412010193,-0.13508676588535307,-0.19710839523209467,-0.1733680158853531,-0.3957195063432058,-0.13508676588535307,0.18150842206345663,0.0,0.0,0.0,0.0,0.20226672380387395,0.1180788184290195,0.0,0.0,0.0,0.0,0.0,0.0,0.0,0.0,0.0,0.0
2,0.7342908438061041,0.6660682226211849,0.725314183123878,0.5368043087971275,0.748653500897666,0.40933572710951527,0.7432675044883303,0.30341113105924594,0.7468581687612208,0.2118491921005386,0.9910233393177738,0.43447037701974867,0.8096947935368043,0.3303411131059246,0.6750448833034112,0.31597845601436264,0.5978456014362658,0.31956912028725315,1.0,0.5368043087971275,0.7845601436265709,0.4111310592459605,0.7468581687612208,0.45601436265709155,0.7630161579892281,0.5026929982046678,0.9533213644524237,0.6391382405745063,0.7414721723518851,0.5206463195691203,0.7307001795332136,0.5583482944344704,0.7791741472172352,0.5960502692998204,0.8833034111310593,0.7235188509874326,0.7145421903052065,0.6229802513464991,0.703770197486535,0.63016157989228,0.748653500897666,0.6499102333931778,0.1660940945148468,0.07278704643249512,-0.028472065925598145,-0.015313923358917236,-0.01662379503250122,0.003843843936920166,-0.03814798593521118,0.04129020869731903,0.452875554561615,0.6951199471950531,-0.30220890045166016,0.045478880405426025,-0.03448793292045593,-0.8113798201084137,-0.0577203631401062,-0.32815125584602356,-0.133344304561615,-0.17984216941727538,-0.192719304561615,-0.44789772497283087,-0.133344304561615,0.19657798575030427,0.0,0.0,0.0,0.0,0.27455267525412586,0.12700551655171474,0.0,0.0,0.0,0.0,0.0,0.0,0.0,0.0,0.0,0.0
2,0.7527881040892194,0.7397769516728625,0.7323420074349443,0.5520446096654275,0.7527881040892194,0.3940520446096654,0.7379182156133829,0.26765799256505574,0.7193308550185874,0.16171003717472118,1.0,0.4163568773234201,0.8085501858736059,0.2825278810408922,0.6654275092936803,0.2862453531598513,0.5855018587360595,0.3048327137546468,0.9888475836431226,0.5074349442379182,0.7732342007434945,0.35687732342007433,0.7286245353159851,0.40892193308550184,0.7434944237918215,0.4591078066914498,0.9349442379182156,0.5985130111524164,0.7100371747211895,0.4758364312267658,0.7026022304832714,0.5260223048327137,0.7546468401486989,0.5650557620817844,0.8605947955390335,0.6784386617100372,0.6914498141263941,0.5743494423791822,0.6933085501858736,0.6022304832713755,0.7490706319702602,0.6301115241635687,0.166331946849823,0.07296334207057953,-0.028282076120376587,-0.01547771692276001,-0.016789406538009644,0.0038905739784240723,-0.03820924460887909,0.04150496423244476,0.4526998847723007,0.6950353384017944,-0.302550345659256,0.04566764831542969,-0.034832075238227844,-0.8150798678398132,-0.057670578360557556,-0.32784605026245117,-0.13629363477230072,-0.14225756062401662,-0.20660613477230072,-0.4672575606240167,-0.13629363477230072,0.23409539775715937,0.0,0.0,0.0,0.0,0.33251894330436277,0.20975859763759308,0.0,0.0,0.0,0.0,0.0,0.0,0.0,0.0,0.0,0.0
2,0.8097014925373134,0.753731343283582,0.7798507462686567,0.5541044776119403,0.7817164179104478,0.3805970149253731,0.746268656716418,0.2555970149253731,0.7164179104477612,0.14365671641791045,1.0,0.39738805970149255,0.8003731343283582,0.2593283582089552,0.6623134328358209,0.2667910447761194,0.582089552238806,0.2873134328358209,0.9776119402985075,0.4906716417910448,0.7444029850746269,0.34328358208955223,0.7033582089552238,0.41044776119402987,0.7350746268656716,0.4626865671641791,0.9160447761194029,0.5839552238805971,0.6809701492537313,0.4458955223880597,0.6735074626865671,0.503731343283582,0.7332089552238806,0.5354477611940298,0.8395522388059702,0.664179104477612,0.6585820895522388,0.5354477611940298,0.6604477611940298,0.5634328358208955,0.7182835820895522,0.5895522388059702,0.16604578495025635,0.07287739217281342,-0.028462201356887817,-0.015398979187011719,-0.016676604747772217,0.0038713812828063965,-0.03783951699733734,0.04160989820957184,0.45339471101760864,0.6955928802490234,-0.3039519786834717,0.045482754707336426,-0.044832631945610046,-0.8290414810180664,-0.0586792528629303,-0.3282621502876282,-0.11433221101760865,-0.13448176913791232,-0.20964471101760865,-0.48170399136013453,-0.11433221101760865,0.24265429741806455,0.0,0.0,0.0,0.0,0.360066305367759,0.21890867261130714,0.0,0.0,0.0,0.0,0.0,0.0,0.0,0.0,0.0,0.0
2,0.8571428571428571,0.7462406015037594,0.849624060150376,0.5620300751879699,0.8214285714285714,0.38345864661654133,0.7556390977443609,0.2575187969924812,0.7199248120300752,0.13721804511278196,1.0,0.4116541353383459,0.7875939849624061,0.2669172932330827,0.6597744360902256,0.26127819548872183,0.5902255639097744,0.2800751879699248,0.9454887218045113,0.5112781954887218,0.7161654135338346,0.34210526315789475,0.6954887218045113,0.40225563909774437,0.7368421052631579,0.4567669172932331,0.8665413533834586,0.5977443609022557,0.6466165413533834,0.43045112781954886,0.6522556390977443,0.4906015037593985,0.7142857142857143,0.5375939849624061,0.7819548872180451,0.6710526315789473,0.6127819548872181,0.5206766917293233,0.631578947368421,0.5526315789473685,0.693609022556391,0.5902255639097744,0.16639748215675354,0.07242429256439209,-0.02835094928741455,-0.0152149498462677,-0.016410738229751587,0.003967553377151489,-0.03826950490474701,0.04122006893157959,0.45415762066841125,0.6957688927650452,-0.3049401640892029,0.045805931091308594,-0.04355643689632416,-0.8286232948303223,-0.060291409492492676,-0.3276684582233429,-0.09790762066841124,-0.14438000387615624,-0.20884512066841127,-0.48882444832060074,-0.09790762066841124,0.23365014725261268,0.0,0.0,0.0,0.0,0.3618689047360826,0.2196553135941024,0.0,0.0,0.0,0.0,0.0,0.0,0.0,0.0,0.0,0.0
2,0.919921875,0.767578125,0.923828125,0.595703125,0.87109375,0.41015625,0.787109375,0.28125,0.7421875,0.162109375,1.0,0.447265625,0.791015625,0.28125,0.67578125,0.25,0.611328125,0.259765625,0.92578125,0.548828125,0.703125,0.3515625,0.708984375,0.3984375,0.76171875,0.462890625,0.8359375,0.6328125,0.6328125,0.427734375,0.66015625,0.482421875,0.72265625,0.541015625,0.748046875,0.703125,0.6015625,0.5234375,0.634765625,0.552734375,0.689453125,0.603515625,0.16639184951782227,0.0724354237318039,-0.028093189001083374,-0.015448600053787231,-0.01664823293685913,0.003907382488250732,-0.03823542594909668,0.04135929048061371,0.45490483939647675,0.6947321593761444,-0.30624261498451233,0.047640860080718994,-0.04269200563430786,-0.8251121938228607,-0.061647817492485046,-0.3265630602836609,-0.08693608939647673,-0.14889882604281113,-0.21037358939647674,-0.5100099371539222,-0.08693608939647673,0.2292911623915036,0.0,0.0,0.0,0.0,0.3816255376336222,0.22571876538295818,0.0,0.0,0.0,0.0,0.0,0.0,0.0,0.0,0.0,0.0
2,0.9628865979381444,0.8041237113402062,0.9896907216494846,0.643298969072165,0.911340206185567,0.43711340206185567,0.8020618556701031,0.29690721649484536,0.7649484536082474,0.1731958762886598,1.0,0.4948453608247423,0.7938144329896907,0.30721649484536084,0.7010309278350515,0.2824742268041237,0.6639175257731958,0.2948453608247423,0.9030927835051547,0.5896907216494846,0.7010309278350515,0.3670103092783505,0.711340206185567,0.4,0.7628865979381443,0.47010309278350515,0.8061855670103093,0.6659793814432989,0.6247422680412371,0.44742268041237115,0.6577319587628866,0.4865979381443299,0.711340206185567,0.5484536082474227,0.7072164948453609,0.7257731958762886,0.5876288659793815,0.5443298969072164,0.6288659793814433,0.5690721649484536,0.6762886597938145,0.6164948453608248,0.16621586680412292,0.07239657640457153,-0.028585374355316162,-0.015462130308151245,-0.0166911780834198,0.0037686824798583984,-0.038335010409355164,0.041242435574531555,0.457266241312027,0.6902820467948914,-0.31091970205307007,0.056498169898986816,-0.0439867228269577,-0.8270446062088013,-0.06435263156890869,-0.3222004175186157,-0.09242249131202696,-0.14861538012822473,-0.20570374131202696,-0.4916709356837803,-0.09242249131202696,0.2287019590536753,0.0,0.0,0.0,0.0,0.3612751801592428,0.23741903430761926,0.0,0.0,0.0,0.0,0.0,0.0,0.0,0.0,0.0,0.0
2,0.9668737060041408,0.8136645962732919,1.0,0.660455486542443,0.917184265010352,0.453416149068323,0.8115942028985508,0.3022774327122153,0.772256728778468,0.17184265010351968,0.9855072463768116,0.5010351966873706,0.7867494824016563,0.3064182194616977,0.7101449275362319,0.2857142857142857,0.6811594202898551,0.3084886128364389,0.8944099378881988,0.5962732919254659,0.6853002070393375,0.36645962732919257,0.7039337474120083,0.3995859213250518,0.7577639751552795,0.4720496894409938,0.7991718426501035,0.6728778467908902,0.6169772256728778,0.45134575569358176,0.6563146997929606,0.4906832298136646,0.7101449275362319,0.5527950310559007,0.7039337474120083,0.7308488612836439,0.5859213250517599,0.5445134575569358,0.6273291925465838,0.5734989648033126,0.6687370600414079,0.6252587991718427,0.16607898473739624,0.072385773062706,-0.028603047132492065,-0.01560559868812561,-0.016822993755340576,0.0037541091442108154,-0.03837798535823822,0.04123483598232269,0.46052342653274536,0.6877067983150482,-0.31667089462280273,0.06158393621444702,-0.043192267417907715,-0.8295105993747711,-0.06785774230957031,-0.3196198344230652,-0.09567967653274534,-0.14187346498171494,-0.20349217653274537,-0.4807623538706038,-0.09567967653274534,0.23590880533059433,0.0,0.0,0.0,0.0,0.35562510340047093,0.2423707024377608,0.0,0.0,0.0,0.0,0.0,0.0,0.0,0.0,0.0,0.0
2,0.9630390143737166,0.813141683778234,1.0,0.6550308008213552,0.9219712525667351,0.45585215605749485,0.8275154004106776,0.30184804928131415,0.7823408624229979,0.17248459958932238,0.9753593429158111,0.5030800821355236,0.784394250513347,0.31006160164271046,0.704312114989733,0.28336755646817247,0.6673511293634496,0.29774127310061604,0.8809034907597536,0.5975359342915811,0.6796714579055442,0.3675564681724846,0.6837782340862423,0.3839835728952772,0.7248459958932238,0.4394250513347023,0.7823408624229979,0.6694045174537988,0.6139630390143738,0.44353182751540043,0.6468172484599589,0.46406570841889117,0.6940451745379876,0.5154004106776181,0.6878850102669405,0.7186858316221766,0.5852156057494866,0.5277207392197125,0.62217659137577,0.5359342915811088,0.6570841889117043,0.5708418891170431,0.16588237881660461,0.07229945063591003,-0.028664886951446533,-0.0157376229763031,-0.01696491241455078,0.003956735134124756,-0.038252487778663635,0.04137672483921051,0.46113236248493195,0.6852381229400635,-0.3176390826702118,0.06516373157501221,-0.041844189167022705,-0.8317788243293762,-0.06846953928470612,-0.3173609972000122,-0.09472611248493196,-0.13523812294006343,-0.20722611248493195,-0.4838492340511746,-0.09472611248493196,0.24161570817232136,0.0,0.0,0.0,0.0,0.3663140139144604,0.2685321127226158,0.0,0.0,0.0,0.0,0.0,0.0,0.0,0.0,0.0,0.0
2,0.9591002044989775,0.8098159509202454,1.0,0.6503067484662577,0.9222903885480572,0.4539877300613497,0.8261758691206544,0.3006134969325153,0.7852760736196319,0.17586912065439672,0.967280163599182,0.5112474437627812,0.7770961145194274,0.3128834355828221,0.7096114519427403,0.2740286298568507,0.6809815950920245,0.28629856850715746,0.8711656441717791,0.6053169734151329,0.6789366053169734,0.3721881390593047,0.6912065439672802,0.37423312883435583,0.7341513292433538,0.42535787321063395,0.7709611451942741,0.6728016359918201,0.6134969325153374,0.4437627811860941,0.6482617586912065,0.4539877300613497,0.6932515337423313,0.49897750511247446,0.6809815950920245,0.7177914110429447,0.5848670756646217,0.5255623721881391,0.6257668711656442,0.5255623721881391,0.6584867075664622,0.558282208588957,0.16583037376403809,0.07225865125656128,-0.028813302516937256,-0.015829414129257202,-0.017071306705474854,0.004098802804946899,-0.03809049725532532,0.04146486520767212,0.462677463889122,0.6845260560512543,-0.3207203447818756,0.06633049249649048,-0.04003247618675232,-0.8322999179363251,-0.0700957328081131,-0.31670477986335754,-0.09627121388912202,-0.13452605605125423,-0.20252121388912203,-0.49008161160680985,-0.09627121388912202,0.24278483837842946,0.0,0.0,0.0,0.0,0.3710913844141626,0.2748895528242735,0.0,0.0,0.0,0.0,0.0,0.0,0.0,0.0,0.0,0.0
2,0.9591002044989775,0.8077709611451943,1.0,0.6523517382413088,0.9222903885480572,0.4539877300613497,0.8241308793456033,0.2985685071574642,0.7832310838445807,0.1738241308793456,0.9652351738241309,0.5112474437627812,0.7668711656441718,0.3047034764826176,0.7116564417177914,0.278118609406953,0.7014314928425358,0.3067484662576687,0.869120654396728,0.6053169734151329,0.6809815950920245,0.36809815950920244,0.6973415132924335,0.38445807770961143,0.7423312883435583,0.44171779141104295,0.7689161554192229,0.6728016359918201,0.6134969325153374,0.4437627811860941,0.6523517382413088,0.46421267893660534,0.6993865030674846,0.5173824130879345,0.6768916155419223,0.7177914110429447,0.5869120654396728,0.5255623721881391,0.6278118609406953,0.5378323108384458,0.6625766871165644,0.5807770961145194,0.16598036885261536,0.07240661978721619,-0.028830885887145996,-0.01581016182899475,-0.01706072688102722,0.0040263831615448,-0.03815263509750366,0.04135957360267639,0.46316275000572205,0.6833792924880981,-0.3215777277946472,0.06713783740997314,-0.0394282191991806,-0.8295387029647827,-0.07066252827644348,-0.31551969051361084,-0.09675650000572206,-0.13476818137698698,-0.19519400000572207,-0.4750459591547648,-0.09675650000572206,0.24225272900528383,0.0,0.0,0.0,0.0,0.35423002054545394,0.26204082644532944,0.0,0.0,0.0,0.0,0.0,0.0,0.0,0.0,0.0,0.0
2,0.963265306122449,0.8081632653061225,1.0,0.6510204081632653,0.9244897959183673,0.45714285714285713,0.8224489795918367,0.31020408163265306,0.7714285714285715,0.18775510204081633,0.9693877551020408,0.5122448979591837,0.7673469387755102,0.31020408163265306,0.710204081632653,0.2836734693877551,0.6959183673469388,0.30612244897959184,0.8734693877551021,0.6081632653061224,0.6795918367346939,0.373469387755102,0.6959183673469388,0.38979591836734695,0.7448979591836735,0.44693877551020406,0.773469387755102,0.6775510204081633,0.6142857142857143,0.4489795918367347,0.6510204081632653,0.4673469387755102,0.7,0.5183673469387755,0.6795918367346939,0.7224489795918367,0.5816326530612245,0.5265306122448979,0.6204081632653061,0.5387755102040817,0.6551020408163265,0.5795918367346938,0.1660100221633911,0.07246029376983643,-0.028769373893737793,-0.01572585105895996,-0.016982972621917725,0.0041036903858184814,-0.03810110688209534,0.04144801199436188,0.4634799510240555,0.6832450032234192,-0.3221738040447235,0.06688463687896729,-0.03852251172065735,-0.8231655359268188,-0.07102267444133759,-0.31534823775291443,-0.09472995102405546,-0.13324500322341915,-0.19707370102405547,-0.4749116698900858,-0.09472995102405546,0.24388883560895924,0.0,0.0,0.0,0.0,0.35666560568012945,0.2596573565621439,0.0,0.0,0.0,0.0,0.0,0.0,0.0,0.0,0.0,0.0
2,0.967280163599182,0.8118609406952966,1.0,0.6523517382413088,0.9222903885480572,0.4560327198364008,0.8261758691206544,0.3047034764826176,0.7750511247443763,0.18404907975460122,0.9713701431492843,0.5153374233128835,0.7648261758691206,0.31901840490797545,0.6973415132924335,0.2883435582822086,0.6789366053169734,0.30879345603271985,0.8773006134969326,0.6134969325153374,0.6768916155419223,0.3803680981595092,0.689161554192229,0.40081799591002043,0.7382413087934561,0.4601226993865031,0.7791411042944786,0.6871165644171779,0.6134969325153374,0.45807770961145194,0.6482617586912065,0.48057259713701433,0.6973415132924335,0.5337423312883436,0.6871165644171779,0.7361963190184049,0.5828220858895705,0.5419222903885481,0.6196319018404908,0.556237218813906,0.656441717791411,0.6012269938650306,0.16597485542297363,0.07269047200679779,-0.02866479754447937,-0.01582905650138855,-0.01712578535079956,0.004029661417007446,-0.03815436363220215,0.0412539541721344,0.4633273482322693,0.6834133267402649,-0.32218122482299805,0.06663167476654053,-0.038120150566101074,-0.8210391402244568,-0.07085824012756348,-0.3155004382133484,-0.09379609823226931,-0.13202443785137596,-0.20395234823226926,-0.47369110451804264,-0.09379609823226931,0.24511134558253822,0.0,0.0,0.0,0.0,0.3589853904063139,0.2544094165603308,0.0,0.0,0.0,0.0,0.0,0.0,0.0,0.0,0.0,0.0
2,0.9631147540983607,0.819672131147541,0.9918032786885246,0.6618852459016393,0.9077868852459017,0.4672131147540984,0.8012295081967213,0.3237704918032787,0.7561475409836066,0.19672131147540983,1.0,0.5163934426229508,0.7930327868852459,0.33401639344262296,0.6987704918032787,0.29918032786885246,0.6434426229508197,0.305327868852459,0.9180327868852459,0.6229508196721312,0.6864754098360656,0.39344262295081966,0.694672131147541,0.4077868852459016,0.7397540983606558,0.4610655737704918,0.819672131147541,0.7069672131147541,0.6188524590163934,0.47540983606557374,0.6536885245901639,0.4918032786885246,0.7069672131147541,0.5450819672131147,0.7213114754098361,0.764344262295082,0.5860655737704918,0.5655737704918032,0.625,0.5635245901639344,0.6680327868852459,0.5983606557377049,0.16582617163658142,0.07269738614559174,-0.028359323740005493,-0.015696793794631958,-0.017002612352371216,0.004058390855789185,-0.0384058952331543,0.04089890420436859,0.4633559286594391,0.6836580634117126,-0.32226628065109253,0.06669116020202637,-0.03797158598899841,-0.821287989616394,-0.07086417078971863,-0.3161521255970001,-0.09616842865943909,-0.12810250785615707,-0.2180434286594391,-0.4767136189672682,-0.09616842865943909,0.24915860924455857,0.0,0.0,0.0,0.0,0.36930099162488517,0.25754143356066467,0.0,0.0,0.0,0.0,0.0,0.0,0.0,0.0,0.0,0.0
2,0.905587668593449,0.7610789980732178,0.8921001926782274,0.605009633911368,0.8246628131021194,0.4161849710982659,0.7418111753371869,0.2928709055876686,0.7167630057803468,0.17341040462427745,1.0,0.4605009633911368,0.7784200385356455,0.3179190751445087,0.6570327552986512,0.29865125240847784,0.5838150289017341,0.29865125240847784,0.953757225433526,0.5703275529865125,0.6955684007707129,0.4046242774566474,0.7129094412331407,0.45472061657032753,0.7822736030828517,0.5086705202312138,0.8766859344894027,0.6628131021194605,0.628131021194605,0.48747591522157996,0.6608863198458574,0.5375722543352601,0.7341040462427746,0.5895953757225434,0.7861271676300579,0.7341040462427746,0.6011560693641619,0.5799614643545279,0.6319845857418112,0.6107899807321773,0.6955684007707129,0.6628131021194605,0.16574078798294067,0.07265351712703705,-0.02876797318458557,-0.015401721000671387,-0.016749054193496704,0.004135459661483765,-0.0383271723985672,0.040925413370132446,0.46329568326473236,0.6897352039813995,-0.32223013043403625,0.05550938844680786,-0.03629679977893829,-0.8228060305118561,-0.07061950862407684,-0.32227104902267456,-0.09610818326473236,-0.14112409287028838,-0.22657693326473236,-0.47445742620362175,-0.09610818326473236,0.23905326343244981,0.0,0.0,0.0,0.0,0.35795698880965243,0.18868964164520946,0.0,0.0,0.0,0.0,0.0,0.0,0.0,0.0,0.0,0.0
2,0.8327137546468402,0.7267657992565055,0.8048327137546468,0.5371747211895911,0.7788104089219331,0.39219330855018586,0.7304832713754646,0.2899628252788104,0.6951672862453532,0.17472118959107807,1.0,0.3996282527881041,0.7899628252788105,0.2862453531598513,0.6524163568773235,0.2843866171003718,0.5613382899628253,0.31226765799256506,0.983271375464684,0.5111524163568774,0.7304832713754646,0.379182156133829,0.7211895910780669,0.44981412639405205,0.7769516728624535,0.49070631970260226,0.9312267657992565,0.6133828996282528,0.6802973977695167,0.483271375464684,0.6988847583643123,0.5427509293680297,0.7676579925650557,0.5780669144981413,0.862453531598513,0.7044609665427509,0.6728624535315985,0.5836431226765799,0.6821561338289963,0.6115241635687733,0.7379182156133829,0.6449814126394052,0.16586801409721375,0.07247123122215271,-0.02866429090499878,-0.015307247638702393,-0.01655218005180359,0.004151344299316406,-0.03853122889995575,0.040669336915016174,0.45795802772045135,0.6952398121356964,-0.31194332242012024,0.04441481828689575,-0.02927209436893463,-0.8182021081447601,-0.06519348919391632,-0.32766515016555786,-0.10795802772045138,-0.1521842565801409,-0.22202052772045136,-0.4619064788023631,-0.10795802772045138,0.22803239408466547,0.0,0.0,0.0,0.0,0.3300577356229082,0.17793919334903927,0.0,0.0,0.0,0.0,0.0,0.0,0.0,0.0,0.0,0.0
2,0.7234432234432234,0.6904761904761905,0.6575091575091575,0.5512820512820513,0.6868131868131868,0.40476190476190477,0.7142857142857143,0.30036630036630035,0.717948717948718,0.19413919413919414,0.9542124542124543,0.38461538461538464,0.8186813186813187,0.2838827838827839,0.6923076923076923,0.3131868131868132,0.6135531135531136,0.3516483516483517,1.0,0.4706959706959707,0.8205128205128205,0.36446886446886445,0.7380952380952381,0.43223443223443225,0.7417582417582418,0.47985347985347987,0.989010989010989,0.5677655677655677,0.7728937728937729,0.4926739926739927,0.7197802197802198,0.5512820512820513,0.76007326007326,0.5879120879120879,0.9395604395604396,0.6593406593406593,0.7619047619047619,0.5897435897435898,0.7216117216117216,0.6172161172161172,0.76007326007326,0.6446886446886447,0.16556894779205322,0.07281807065010071,-0.028529345989227295,-0.015279293060302734,-0.01666945219039917,0.004141390323638916,-0.038232266902923584,0.040585264563560486,0.4552137404680252,0.6954836845397949,-0.3065190017223358,0.043889641761779785,-0.03063322603702545,-0.8230069279670715,-0.06238080561161041,-0.32780662178993225,-0.1466199904680252,-0.17187257342868378,-0.1934949904680252,-0.42881701787312826,-0.1466199904680252,0.20705967164701888,0.0,0.0,0.0,0.0,0.26118520853192323,0.1599131746537944,0.0,0.0,0.0,0.0,0.0,0.0,0.0,0.0,0.0,0.0
2,0.7132486388384754,0.7078039927404719,0.662431941923775,0.558983666061706,0.6896551724137931,0.4029038112522686,0.7078039927404719,0.2958257713248639,0.7041742286751361,0.19600725952813067,0.9092558983666061,0.3430127041742287,0.8112522686025408,0.26497277676951,0.7005444646098004,0.3176043557168784,0.6406533575317604,0.3629764065335753,0.9782214156079855,0.40653357531760437,0.8548094373865699,0.3448275862068966,0.7531760435571688,0.41560798548094374,0.7404718693284936,0.4537205081669691,1.0,0.49364791288566245,0.8493647912885662,0.4573502722323049,0.7658802177858439,0.5208711433756806,0.7803992740471869,0.5444646098003629,0.9927404718693285,0.5807622504537205,0.8439201451905626,0.5662431941923775,0.7858439201451906,0.6079854809437386,0.8058076225045372,0.6243194192377496,0.16596785187721252,0.07293695211410522,-0.028244376182556152,-0.015468508005142212,-0.01683291792869568,0.004202038049697876,-0.038133248686790466,0.04084564745426178,0.4545310139656067,0.6946453750133514,-0.3051646947860718,0.04368716478347778,-0.031483620405197144,-0.8235320150852203,-0.06155973672866821,-0.32690170407295227,-0.1474997639656067,-0.1529787083466848,-0.1787497639656067,-0.41686759723557365,-0.1474997639656067,0.22512384752432502,0.0,0.0,0.0,0.0,0.26573277588399274,0.19479725633815054,0.0,0.0,0.0,0.0,0.0,0.0,0.0,0.0,0.0,0.0
2,0.7109515260323159,0.6894075403949731,0.651705565529623,0.5691202872531418,0.6840215439856373,0.4021543985637343,0.703770197486535,0.28545780969479356,0.696588868940754,0.19389587073608616,0.8581687612208259,0.3213644524236984,0.800718132854578,0.24775583482944344,0.7127468581687613,0.31597845601436264,0.6678635547576302,0.36804308797127466,0.9389587073608617,0.3770197486535009,0.8617594254937163,0.3267504488330341,0.770197486535009,0.414721723518851,0.7648114901256733,0.4488330341113106,0.9838420107719928,0.4578096947935368,0.8689407540394973,0.44165170556552963,0.7863554757630161,0.5134649910233393,0.8043087971274686,0.5296229802513465,1.0,0.5439856373429084,0.8797127468581688,0.5457809694793537,0.8204667863554758,0.5906642728904847,0.8420107719928187,0.599640933572711,0.1663305163383484,0.0727161318063736,-0.028326481580734253,-0.015539109706878662,-0.016916751861572266,0.004478901624679565,-0.03825393319129944,0.04098992049694061,0.45405349135398865,0.6938842535018921,-0.3044434189796448,0.04499554634094238,-0.032244324684143066,-0.8218541145324707,-0.0610804557800293,-0.3261164128780365,-0.14467849135398864,-0.16055092016855876,-0.16342849135398863,-0.4091620312796699,-0.14467849135398864,0.21693143447240193,0.0,0.0,0.0,0.0,0.24931716159923936,0.18758108136286653,0.0,0.0,0.0,0.0,0.0,0.0,0.0,0.0,0.0,0.0
2,0.7160940325497287,0.6889692585895117,0.6546112115732369,0.569620253164557,0.6817359855334539,0.39783001808318263,0.6980108499095841,0.27848101265822783,0.6907775768535263,0.1844484629294756,0.833634719710669,0.3128390596745027,0.7974683544303798,0.23508137432188064,0.7197106690777577,0.3074141048824593,0.6817359855334539,0.36528028933092227,0.9168173598553345,0.3616636528028933,0.864376130198915,0.2911392405063291,0.7721518987341772,0.39059674502712477,0.7667269439421338,0.43399638336347196,0.969258589511754,0.4358047016274864,0.8806509945750453,0.4014466546112116,0.7974683544303798,0.4864376130198915,0.8155515370705244,0.5117540687160941,1.0,0.5171790235081374,0.9005424954792043,0.5045207956600362,0.8390596745027125,0.5551537070524413,0.8607594936708861,0.569620253164557,0.16667068004608154,0.07316383719444275,-0.02781444787979126,-0.015574753284454346,-0.016912460327148438,0.004373610019683838,-0.03844200074672699,0.04127855598926544,0.454230934381485,0.6937362849712372,-0.30465632677078247,0.04528313875198364,-0.03222788870334625,-0.8219669163227081,-0.06124317646026611,-0.32524538040161133,-0.14485593438148497,-0.1645696183045705,-0.15969968438148496,-0.4131807294156816,-0.14485593438148497,0.21292011241118114,0.0,0.0,0.0,0.0,0.2490538525740241,0.1970512879162287,0.0,0.0,0.0,0.0,0.0,0.0,0.0,0.0,0.0,0.0
2,0.7239488117001828,0.6983546617915904,0.659963436928702,0.5740402193784278,0.6782449725776966,0.39488117001828155,0.6892138939670932,0.27056672760511885,0.680073126142596,0.17184643510054845,0.8263254113345521,0.31444241316270566,0.7952468007312614,0.22486288848263253,0.7257769652650823,0.2906764168190128,0.6910420475319927,0.3510054844606947,0.906764168190128,0.35648994515539306,0.8592321755027422,0.27787934186471663,0.7696526508226691,0.3820840950639854,0.7714808043875686,0.4296160877513711,0.9652650822669104,0.42413162705667273,0.8793418647166362,0.38939670932358317,0.8007312614259597,0.4826325411334552,0.8244972577696527,0.5082266910420475,1.0,0.5009140767824497,0.906764168190128,0.48628884826325414,0.8446069469835467,0.5447897623400365,0.8720292504570384,0.5594149908592322,0.1671910583972931,0.07363966107368469,-0.02755492925643921,-0.015620231628417969,-0.016979247331619263,0.004395514726638794,-0.03886675834655762,0.04135216772556305,0.4545142352581024,0.6936083436012268,-0.3049846291542053,0.04553258419036865,-0.032532304525375366,-0.8232223987579346,-0.06153431534767151,-0.32425400614738464,-0.1451392352581024,-0.16305278804567125,-0.15920173525810244,-0.42694167693456014,-0.1451392352581024,0.2145185414287779,0.0,0.0,0.0,0.0,0.2642633148684515,0.20517462180793164,0.0,0.0,0.0,0.0,0.0,0.0,0.0,0.0,0.0,0.0
2,0.7316176470588235,0.7058823529411765,0.6580882352941176,0.5753676470588235,0.6709558823529411,0.3915441176470588,0.6819852941176471,0.2665441176470588,0.6709558823529411,0.16727941176470587,0.8180147058823529,0.3125,0.7886029411764706,0.21875,0.7224264705882353,0.2849264705882353,0.6875,0.34558823529411764,0.9007352941176471,0.3547794117647059,0.8474264705882353,0.27389705882352944,0.7647058823529411,0.38235294117647056,0.7757352941176471,0.43014705882352944,0.9595588235294118,0.4209558823529412,0.8768382352941176,0.38419117647058826,0.8033088235294118,0.4834558823529412,0.8308823529411765,0.5091911764705882,1.0,0.4963235294117647,0.9117647058823529,0.4797794117647059,0.8511029411764706,0.5367647058823529,0.8805147058823529,0.5514705882352942,0.1675967574119568,0.07364019751548767,-0.02763313055038452,-0.015904605388641357,-0.01726946234703064,0.004526108503341675,-0.03894565999507904,0.04143013060092926,0.4546513706445694,0.6931673884391785,-0.3051707446575165,0.046211838722229004,-0.03240141272544861,-0.8201517462730408,-0.06159655749797821,-0.3232782483100891,-0.14371387064456942,-0.15983405510584514,-0.1624638706445694,-0.43205627732806734,-0.14371387064456942,0.2175479178627332,0.0,0.0,0.0,0.0,0.2728671852231501,0.20917538162455393,0.0,0.0,0.0,0.0,0.0,0.0,0.0,0.0,0.0,0.0
2,0.7272727272727273,0.712430426716141,0.6549165120593692,0.5807050092764379,0.6697588126159555,0.39888682745825604,0.6827458256029685,0.2727272727272727,0.6679035250463822,0.1725417439703154,0.8181818181818182,0.31539888682745826,0.7940630797773655,0.2189239332096475,0.7217068645640075,0.2857142857142857,0.6920222634508348,0.3450834879406308,0.8998144712430427,0.35992578849721707,0.8571428571428571,0.2764378478664193,0.7680890538033395,0.38404452690166974,0.7829313543599258,0.424860853432282,0.961038961038961,0.4267161410018553,0.8812615955473099,0.38961038961038963,0.7996289424860853,0.4897959183673469,0.8311688311688312,0.5139146567717996,1.0,0.5009276437847866,0.9165120593692022,0.47866419294990725,0.8515769944341373,0.5380333951762524,0.8812615955473099,0.5547309833024119,0.16762986779212952,0.07408002018928528,-0.02713257074356079,-0.01588413119316101,-0.01719185709953308,0.004354745149612427,-0.03940841555595398,0.04090431332588196,0.4546731561422348,0.6921656429767609,-0.3051340878009796,0.04561120271682739,-0.03153090178966522,-0.8162727653980255,-0.06161178648471832,-0.32128584384918213,-0.14842315614223478,-0.15883230964342754,-0.16326690614223482,-0.4338323096434275,-0.14842315614223478,0.21805640508731206,0.0,0.0,0.0,0.0,0.27540032119455216,0.21654985109943686,0.0,0.0,0.0,0.0,0.0,0.0,0.0,0.0,0.0,0.0
2,0.7262569832402235,0.7188081936685289,0.6536312849162011,0.5865921787709497,0.6703910614525139,0.4022346368715084,0.6852886405959032,0.2737430167597765,0.6703910614525139,0.1713221601489758,0.819366852886406,0.3202979515828678,0.7951582867783985,0.22346368715083798,0.7225325884543762,0.28677839851024206,0.6908752327746741,0.3463687150837989,0.9013035381750466,0.3649906890130354,0.8547486033519553,0.27932960893854747,0.7653631284916201,0.38733705772811916,0.7821229050279329,0.4301675977653631,0.9608938547486033,0.4338919925512104,0.8770949720670391,0.3947858472998138,0.7988826815642458,0.49534450651769085,0.8305400372439479,0.5176908752327747,1.0,0.5083798882681564,0.9124767225325885,0.4860335195530726,0.8491620111731844,0.5456238361266295,0.8808193668528864,0.5605214152700186,0.16733881831169128,0.07439890503883362,-0.027167677879333496,-0.01582735776901245,-0.017163455486297607,0.004419296979904175,-0.0391247421503067,0.04111775755882263,0.4547230452299118,0.6901056468486786,-0.3052138388156891,0.04833608865737915,-0.031194433569908142,-0.8122346699237823,-0.061640188097953796,-0.3189389109611511,-0.1500355452299118,-0.1539945357375675,-0.1648792952299118,-0.43177231351534523,-0.1500355452299118,0.2218783817357487,0.0,0.0,0.0,0.0,0.27817410149261373,0.2165498510994368,0.0,0.0,0.0,0.0,0.0,0.0,0.0,0.0,0.0,0.0
2,0.7243947858472998,0.7206703910614525,0.6536312849162011,0.5865921787709497,0.6722532588454376,0.4022346368715084,0.6852886405959032,0.2774674115456238,0.6722532588454376,0.1750465549348231,0.8175046554934823,0.3221601489757914,0.7951582867783985,0.22532588454376165,0.7225325884543762,0.29236499068901306,0.6945996275605214,0.3500931098696462,0.8994413407821229,0.36685288640595903,0.8584729981378026,0.2811918063314711,0.7672253258845437,0.3891992551210428,0.7821229050279329,0.43202979515828677,0.9590316573556797,0.43575418994413406,0.8789571694599627,0.39664804469273746,0.7988826815642458,0.49534450651769085,0.8305400372439479,0.5195530726256983,1.0,0.5102420856610801,0.9143389199255121,0.4860335195530726,0.8491620111731844,0.5456238361266295,0.8789571694599627,0.5623836126629422,0.16718560457229614,0.07465024292469025,-0.027628034353256226,-0.015572994947433472,-0.016866296529769897,0.004201829433441162,-0.03900940716266632,0.04124085605144501,0.45454370975494385,0.6876200735569,-0.3057088851928711,0.051028668880462646,-0.030744269490242004,-0.8097855746746063,-0.061412960290908813,-0.3164331316947937,-0.15063745975494386,-0.15012007355690005,-0.16313745975494387,-0.4265089624457889,-0.15063745975494386,0.22439644336700437,0.0,0.0,0.0,0.0,0.27667140781301297,0.2166357991110905,0.0,0.0,0.0,0.0,0.0,0.0,0.0,0.0,0.0,0.0
2,0.7225325884543762,0.7243947858472998,0.6536312849162011,0.590316573556797,0.6722532588454376,0.4059590316573557,0.6852886405959032,0.2811918063314711,0.6722532588454376,0.18063314711359404,0.819366852886406,0.3240223463687151,0.7970204841713222,0.2309124767225326,0.7225325884543762,0.29608938547486036,0.6908752327746741,0.3538175046554935,0.9031657355679702,0.3687150837988827,0.8603351955307262,0.28677839851024206,0.7672253258845437,0.3929236499068901,0.7821229050279329,0.4338919925512104,0.962756052141527,0.43947858472998136,0.8808193668528864,0.4022346368715084,0.7970204841713222,0.49906890130353815,0.8286778398510242,0.5232774674115456,1.0,0.515828677839851,0.9143389199255121,0.49534450651769085,0.8472998137802608,0.5512104283054003,0.8770949720670391,0.5679702048417132,0.1669815182685852,0.07416895031929016,-0.02815234661102295,-0.015552371740341187,-0.0168168842792511,0.004005014896392822,-0.03935658931732178,0.04090029001235962,0.45389628410339355,0.6872077286243439,-0.30705833435058594,0.05290907621383667,-0.03168050944805145,-0.8099629580974579,-0.0602414608001709,-0.31658950448036194,-0.15077128410339358,-0.14692995084656613,-0.16405253410339354,-0.423318839735455,-0.15077128410339358,0.22679464386569126,0.0,0.0,0.0,0.0,0.2767078052798602,0.2181042054717066,0.0,0.0,0.0,0.0,0.0,0.0,0.0,0.0,0.0,0.0
2,0.7211895910780669,0.7267657992565055,0.6505576208178439,0.5892193308550185,0.671003717472119,0.4052044609665427,0.6858736059479554,0.28066914498141265,0.6747211895910781,0.17843866171003717,0.8234200743494424,0.3252788104089219,0.7955390334572491,0.23048327137546468,0.7193308550185874,0.2955390334572491,0.6877323420074349,0.3550185873605948,0.9070631970260223,0.36988847583643125,0.8550185873605948,0.28810408921933084,0.7657992565055762,0.3940520446096654,0.7806691449814126,0.4368029739776952,0.9646840148698885,0.44052044609665425,0.8754646840148699,0.40148698884758366,0.7936802973977695,0.49814126394052044,0.8271375464684015,0.5223048327137546,1.0,0.516728624535316,0.9070631970260223,0.4944237918215613,0.8420074349442379,0.5520446096654275,0.8717472118959108,0.570631970260223,0.16656523942947388,0.07420869171619415,-0.02849826216697693,-0.01545742154121399,-0.016698569059371948,0.003899097442626953,-0.03943142294883728,0.0406968891620636,0.4532171040773392,0.6879605948925018,-0.3078528344631195,0.05476456880569458,-0.032356247305870056,-0.811074286699295,-0.05922301113605499,-0.31783920526504517,-0.1500921040773392,-0.14490503933694632,-0.16415460407733917,-0.42268281711472405,-0.1500921040773392,0.2286867636773321,0.0,0.0,0.0,0.0,0.27813350703108475,0.2181042054717066,0.0,0.0,0.0,0.0,0.0,0.0,0.0,0.0,0.0,0.0
2,0.7129455909943715,0.7110694183864915,0.6472795497185742,0.5590994371482176,0.6791744840525328,0.3883677298311445,0.7035647279549718,0.27392120075046905,0.6979362101313321,0.1726078799249531,0.8480300187617261,0.31144465290806755,0.8030018761726079,0.23639774859287055,0.7185741088180112,0.2926829268292683,0.6716697936210131,0.34709193245778613,0.9305816135084428,0.36585365853658536,0.8442776735459663,0.30956848030018763,0.7598499061913696,0.3977485928705441,0.7729831144465291,0.43902439024390244,0.9812382739212008,0.44652908067542213,0.8630393996247655,0.42213883677298314,0.7861163227016885,0.50093808630394,0.8142589118198874,0.525328330206379,1.0,0.5328330206378987,0.8911819887429644,0.5159474671669794,0.8255159474671669,0.5647279549718575,0.849906191369606,0.5853658536585366,0.1664428412914276,0.07398982346057892,-0.02821633219718933,-0.01536211371421814,-0.016566812992095947,0.003829270601272583,-0.03947670757770538,0.04063153266906738,0.4524528384208679,0.6895183622837067,-0.3082163333892822,0.05770903825759888,-0.04515792429447174,-0.8167625963687897,-0.058367639780044556,-0.31976208090782166,-0.15557783842086792,-0.16312947339481776,-0.17276533842086794,-0.43257391783926225,-0.15557783842086792,0.21081352763705785,0.0,0.0,0.0,0.0,0.2699920717321628,0.20293468054500008,0.0,0.0,0.0,0.0,0.0,0.0,0.0,0.0,0.0,0.0
2,0.6928838951310862,0.6797752808988764,0.6460674157303371,0.5262172284644194,0.6966292134831461,0.3801498127340824,0.7378277153558053,0.2752808988764045,0.7471910112359551,0.16853932584269662,0.9101123595505618,0.3352059925093633,0.8370786516853933,0.2546816479400749,0.7340823970037453,0.2902621722846442,0.6685393258426966,0.3389513108614232,0.9756554307116105,0.40636704119850187,0.8651685393258427,0.3333333333333333,0.7696629213483146,0.398876404494382,0.7602996254681648,0.4438202247191011,1.0,0.49250936329588013,0.8558052434456929,0.4438202247191011,0.7752808988764045,0.50187265917603,0.7902621722846442,0.5299625468164794,0.9906367041198502,0.5805243445692884,0.8558052434456929,0.5449438202247191,0.7940074906367042,0.5805243445692884,0.8127340823970037,0.601123595505618,0.16631349921226501,0.07338818907737732,-0.02812248468399048,-0.015398025512695312,-0.016582012176513672,0.004021286964416504,-0.03969274461269379,0.04037420451641083,0.45183801651000977,0.6914072930812836,-0.30700576305389404,0.05714696645736694,-0.04904322326183319,-0.8271322548389435,-0.05746692419052124,-0.32200556993484497,-0.16277551651000977,-0.18724062641461692,-0.17293176651000974,-0.4400184041923947,-0.16277551651000977,0.1871964822212855,0.0,0.0,0.0,0.0,0.2529817273091756,0.1772456364060904,0.0,0.0,0.0,0.0,0.0,0.0,0.0,0.0,0.0,0.0
2,0.6715063520871143,0.647912885662432,0.6588021778584392,0.5117967332123412,0.7114337568058077,0.39019963702359345,0.7495462794918331,0.30671506352087113,0.778584392014519,0.2159709618874773,0.9582577132486388,0.38475499092558985,0.8511796733212341,0.30127041742286753,0.73502722323049,0.3248638838475499,0.6642468239564429,0.3629764065335753,1.0,0.47368421052631576,0.8711433756805808,0.38475499092558985,0.7676950998185118,0.4192377495462795,0.7404718693284936,0.4500907441016334,0.9872958257713249,0.5698729582577132,0.8203266787658802,0.5063520871143375,0.7495462794918331,0.5335753176043557,0.764065335753176,0.5553539019963702,0.9382940108892922,0.6551724137931034,0.7931034482758621,0.6061705989110708,0.7404718693284936,0.617059891107078,0.7586206896551724,0.6297640653357531,0.16720625758171082,0.07397294044494629,-0.02792757749557495,-0.015437453985214233,-0.016730308532714844,0.004034191370010376,-0.0394594669342041,0.040949732065200806,0.4517219066619873,0.692392498254776,-0.30694425106048584,0.05653303861618042,-0.050240516662597656,-0.8305982649326324,-0.0569952130317688,-0.32299306988716125,-0.1626594066619873,-0.19655916492144265,-0.1657844066619873,-0.4146147204769982,-0.1626594066619873,0.17813469072182975,0.0,0.0,0.0,0.0,0.21807794692183338,0.15427230255383612,0.0,0.0,0.0,0.0,0.0,0.0,0.0,0.0,0.0,0.0
2,0.6701570680628273,0.631762652705061,0.6719022687609075,0.5130890052356021,0.7207678883071553,0.40663176265270506,0.7556719022687609,0.33507853403141363,0.7783595113438045,0.2600349040139616,0.9808027923211169,0.40663176265270506,0.8534031413612565,0.3472949389179756,0.7155322862129145,0.35951134380453753,0.6352530541012217,0.3787085514834206,1.0,0.506108202443281,0.8586387434554974,0.4328097731239092,0.7539267015706806,0.4537521815008726,0.7329842931937173,0.4712041884816754,0.9703315881326352,0.6020942408376964,0.806282722513089,0.5410122164048866,0.7277486910994765,0.5479930191972077,0.7417102966841187,0.5532286212914486,0.9144851657940664,0.6841186736474695,0.774869109947644,0.6300174520069808,0.7225130890052356,0.62478184991274,0.743455497382199,0.6282722513089005,0.16801199316978455,0.07512350380420685,-0.027323871850967407,-0.015564829111099243,-0.01686948537826538,0.003900855779647827,-0.03895637392997742,0.04195503890514374,0.45086653530597687,0.6940598487854004,-0.3047657907009125,0.05316758155822754,-0.04383225739002228,-0.8272777795791626,-0.05547128617763519,-0.3246603012084961,-0.15086653530597688,-0.19128207100762262,-0.16649153530597688,-0.3926709598965115,-0.15086653530597688,0.18348349647389517,0.0,0.0,0.0,0.0,0.20199412167907568,0.13083644797542907,0.0,0.0,0.0,0.0,0.0,0.0,0.0,0.0,0.0,0.0
2,0.6836734693877551,0.6139455782312925,0.6989795918367347,0.5119047619047619,0.7363945578231292,0.4200680272108844,0.7568027210884354,0.35374149659863946,0.7840136054421769,0.3010204081632653,0.9982993197278912,0.44727891156462585,0.8503401360544217,0.39285714285714285,0.70578231292517,0.38605442176870747,0.6241496598639455,0.3945578231292517,1.0,0.5561224489795918,0.826530612244898,0.48299319727891155,0.7210884353741497,0.46598639455782315,0.6972789115646258,0.45918367346938777,0.95578231292517,0.6496598639455783,0.7670068027210885,0.5816326530612245,0.7108843537414966,0.5612244897959183,0.7397959183673469,0.5510204081632653,0.8860544217687075,0.717687074829932,0.7312925170068028,0.6547619047619048,0.6972789115646258,0.6377551020408163,0.7329931972789115,0.6326530612244898,0.1680433750152588,0.07580126821994781,-0.026721805334091187,-0.015876084566116333,-0.01711633801460266,0.004028439521789551,-0.03853106498718262,0.04261225461959839,0.4502214044332504,0.6979789435863495,-0.30156567692756653,0.04466897249221802,-0.03827875852584839,-0.8212737739086151,-0.05445452034473419,-0.32847681641578674,-0.1361589044332504,-0.1965900546974606,-0.1635026544332504,-0.37575672136412724,-0.1361589044332504,0.17962667726808124,0.0,0.0,0.0,0.0,0.1812412069825925,0.12654332749919253,0.0,0.0,0.0,0.0,0.0,0.0,0.0,0.0,0.0,0.0
2,0.6888519134775375,0.6006655574043261,0.7021630615640599,0.5074875207986689,0.7387687188019967,0.4242928452579035,0.7520798668885191,0.36605657237936773,0.7670549084858569,0.33777038269550747,1.0,0.47420965058236275,0.8369384359400999,0.4292845257903494,0.6955074875207987,0.40765391014975044,0.6173044925124792,0.39600665557404324,0.9950083194675541,0.5823627287853578,0.7970049916805324,0.5241264559068219,0.6921797004991681,0.47920133111480867,0.670549084858569,0.4525790349417637,0.9417637271214643,0.6722129783693843,0.7470881863560732,0.610648918469218,0.6838602329450915,0.5557404326123128,0.7054908485856906,0.5257903494176372,0.8668885191347754,0.7337770382695508,0.7071547420965059,0.6755407653910149,0.6655574043261231,0.6356073211314476,0.6955074875207987,0.6173044925124792,0.16830170154571533,0.07618594169616699,-0.026041507720947266,-0.015828937292099,-0.0170784592628479,0.003981411457061768,-0.038502827286720276,0.042952924966812134,0.4511275142431259,0.700266033411026,-0.3016991913318634,0.040065109729766846,-0.03638790547847748,-0.8185261189937592,-0.05534912645816803,-0.3308457136154175,-0.12769001424312593,-0.19887714452213712,-0.1612837642431259,-0.36971047785547045,-0.12769001424312593,0.1789304354124599,0.0,0.0,0.0,0.0,0.17410504822330763,0.1239094803846177,0.0,0.0,0.0,0.0,0.0,0.0,0.0,0.0,0.0,0.0
2,0.6818923327895595,0.5954323001631321,0.7014681892332789,0.5203915171288744,0.7373572593800979,0.4371941272430669,0.7553017944535073,0.3735725938009788,0.766721044045677,0.34910277324632955,1.0,0.4910277324632953,0.8368678629690048,0.43882544861337686,0.6982055464926591,0.4159869494290375,0.6166394779771615,0.4078303425774878,0.9934747145187602,0.5954323001631321,0.797716150081566,0.5269168026101142,0.6818923327895595,0.48450244698205547,0.6541598694942904,0.466557911908646,0.9380097879282219,0.6835236541598695,0.7422512234910277,0.6166394779771615,0.66721044045677,0.5546492659053833,0.6818923327895595,0.5269168026101142,0.8613376835236541,0.734094616639478,0.6998368678629691,0.6802610114192496,0.6508972267536705,0.634584013050571,0.6786296900489397,0.6150081566068516,0.16827449202537537,0.07575756311416626,-0.025812089443206787,-0.015609890222549438,-0.016835570335388184,0.004128515720367432,-0.03836457431316376,0.04264627397060394,0.4523255079984665,0.7015879452228546,-0.3027494251728058,0.03768712282180786,-0.03476621210575104,-0.8173266351222992,-0.05647854506969452,-0.3323809802532196,-0.12576300799846651,-0.1946435007784102,-0.15701300799846651,-0.3543657230006324,-0.12576300799846651,0.18438974436786437,0.0,0.0,0.0,0.0,0.16275057840636062,0.11052310912630542,0.0,0.0,0.0,0.0,0.0,0.0,0.0,0.0,0.0,0.0
2,0.6834415584415584,0.6022727272727273,0.7012987012987013,0.5324675324675324,0.7353896103896104,0.4512987012987013,0.75,0.38961038961038963,0.7743506493506493,0.35714285714285715,1.0,0.49837662337662336,0.8327922077922078,0.44642857142857145,0.6948051948051948,0.42857142857142855,0.6201298701298701,0.4237012987012987,0.9951298701298701,0.6038961038961039,0.7824675324675324,0.5454545454545454,0.6818181818181818,0.5016233766233766,0.6688311688311688,0.4805194805194805,0.9431818181818182,0.6931818181818182,0.7321428571428571,0.6298701298701299,0.6688311688311688,0.5681818181818182,0.6915584415584416,0.5357142857142857,0.8685064935064936,0.7305194805194806,0.7012987012987013,0.6964285714285714,0.6558441558441559,0.6493506493506493,0.6834415584415584,0.6298701298701299,0.168011873960495,0.07448293268680573,-0.02568235993385315,-0.015733301639556885,-0.016966789960861206,0.0044321417808532715,-0.038756176829338074,0.04224863648414612,0.4525951147079468,0.7018775641918182,-0.30304181575775146,0.03687089681625366,-0.041853517293930054,-0.8182700574398041,-0.056529462337493896,-0.3330662250518799,-0.12368886470794677,-0.1865997864140405,-0.15415761470794676,-0.33937756419181825,-0.12368886470794677,0.19260372685061555,0.0,0.0,0.0,0.0,0.15578637331062858,0.10440370166333633,0.0,0.0,0.0,0.0,0.0,0.0,0.0,0.0,0.0,0.0
2,0.6888168557536467,0.5980551053484603,0.7034035656401945,0.5316045380875203,0.7358184764991896,0.45705024311183146,0.7487844408427877,0.40032414910858993,0.7633711507293355,0.3679092382495948,1.0,0.5072933549432739,0.833063209076175,0.4538087520259319,0.6936790923824959,0.43111831442463533,0.6158833063209076,0.42625607779578606,0.9902755267423015,0.6110210696920584,0.7811993517017828,0.5526742301458671,0.6774716369529984,0.5056726094003241,0.6628849270664505,0.47974068071312803,0.9351701782820098,0.6985413290113452,0.7260940032414911,0.6337115072933549,0.6547811993517018,0.5656401944894651,0.6726094003241491,0.5316045380875203,0.8622366288492707,0.7293354943273906,0.6920583468395461,0.6952998379254457,0.6418152350081038,0.6418152350081038,0.6645056726094003,0.6158833063209076,0.16740483045578003,0.07439565658569336,-0.02600187063217163,-0.01563495397567749,-0.01688927412033081,0.004424393177032471,-0.03884074091911316,0.04190889000892639,0.4526861757040024,0.7020972669124603,-0.30291739106178284,0.036357223987579346,-0.0405353307723999,-0.8158634006977081,-0.056534335017204285,-0.3334648907184601,-0.12065492570400238,-0.18959726691246037,-0.15581117570400238,-0.33681948913468257,-0.12065492570400238,0.18971853405237193,0.0,0.0,0.0,0.0,0.1513616352650561,0.10215653082462937,0.0,0.0,0.0,0.0,0.0,0.0,0.0,0.0,0.0,0.0
2,0.6889250814332247,0.6042345276872965,0.7035830618892508,0.5407166123778502,0.7328990228013029,0.46905537459283386,0.742671009771987,0.41368078175895767,0.755700325732899,0.3778501628664495,1.0,0.5195439739413681,0.8355048859934854,0.46905537459283386,0.6986970684039088,0.44462540716612375,0.6254071661237784,0.4364820846905538,0.990228013029316,0.6221498371335505,0.7882736156351792,0.5667752442996743,0.6856677524429967,0.5162866449511401,0.6693811074918566,0.49185667752442996,0.9348534201954397,0.7068403908794788,0.7345276872964169,0.6482084690553745,0.6677524429967426,0.5830618892508144,0.6856677524429967,0.5504885993485342,0.8583061889250815,0.7328990228013029,0.7019543973941368,0.7100977198697068,0.6563517915309446,0.6579804560260586,0.6791530944625407,0.6351791530944625,0.16722142696380615,0.07457815110683441,-0.026125580072402954,-0.015568137168884277,-0.016806960105895996,0.004522860050201416,-0.038815900683403015,0.041913896799087524,0.4526748061180115,0.7021003663539886,-0.3029404878616333,0.0363728404045105,-0.040694460272789,-0.812297910451889,-0.0563758909702301,-0.33353984355926514,-0.1222060561180115,-0.18682258857621092,-0.15267480611801149,-0.3298781441317664,-0.1222060561180115,0.19241554008589845,0.0,0.0,0.0,0.0,0.14626427007943918,0.09629080123655512,0.0,0.0,0.0,0.0,0.0,0.0,0.0,0.0,0.0,0.0
2,0.6977124183006536,0.6111111111111112,0.7091503267973857,0.5473856209150327,0.7369281045751634,0.4803921568627451,0.7450980392156863,0.4264705882352941,0.7565359477124183,0.38562091503267976,1.0,0.5294117647058824,0.8333333333333334,0.477124183006536,0.6977124183006536,0.4526143790849673,0.6258169934640523,0.44281045751633985,0.9901960784313726,0.6290849673202614,0.7908496732026143,0.5735294117647058,0.6862745098039216,0.5228758169934641,0.6699346405228758,0.49836601307189543,0.9362745098039216,0.7140522875816994,0.7336601307189542,0.6584967320261438,0.6683006535947712,0.5915032679738562,0.6862745098039216,0.5620915032679739,0.8611111111111112,0.7369281045751634,0.7058823529411765,0.7205882352941176,0.6584967320261438,0.6650326797385621,0.6797385620915033,0.6421568627450981,0.16726672649383545,0.07418343424797058,-0.026381492614746094,-0.015682190656661987,-0.016916662454605103,0.0046561360359191895,-0.038943082094192505,0.04189552366733551,0.45275864005088806,0.7020431756973267,-0.3033471703529358,0.03639709949493408,-0.0402761846780777,-0.8076565861701965,-0.05630314350128174,-0.3336551785469055,-0.11916489005088804,-0.18259873125288217,-0.15353989005088808,-0.3256542868084378,-0.11916489005088804,0.19657442834642203,0.0,0.0,0.0,0.0,0.14712760652001602,0.09674926035552049,0.0,0.0,0.0,0.0,0.0,0.0,0.0,0.0,0.0,0.0
2,0.6983606557377049,0.6278688524590164,0.7081967213114754,0.5573770491803278,0.7360655737704918,0.48032786885245904,0.7459016393442623,0.42295081967213116,0.759016393442623,0.3950819672131147,1.0,0.5278688524590164,0.8344262295081967,0.47704918032786886,0.6967213114754098,0.4557377049180328,0.6229508196721312,0.45081967213114754,0.9918032786885246,0.6311475409836066,0.7885245901639344,0.5737704918032787,0.6885245901639344,0.5278688524590164,0.6737704918032786,0.5049180327868853,0.9393442622950819,0.7163934426229508,0.7360655737704918,0.660655737704918,0.6754098360655738,0.5983606557377049,0.6983606557377049,0.5704918032786885,0.8672131147540983,0.7377049180327869,0.7098360655737705,0.7229508196721312,0.6622950819672131,0.6639344262295082,0.680327868852459,0.6377049180327868,0.16727912425994873,0.07448072731494904,-0.026265949010849,-0.01578482985496521,-0.017026901245117188,0.004643619060516357,-0.03877784311771393,0.04185935854911804,0.4526364654302597,0.7021181881427765,-0.3036248981952667,0.03603595495223999,-0.03990757465362549,-0.8014149963855743,-0.05616335570812225,-0.3338966369628906,-0.1198239654302597,-0.17017374369833205,-0.1557614654302597,-0.32017374369833207,-0.1198239654302597,0.20896702822711732,0.0,0.0,0.0,0.0,0.15424494774951303,0.10482377376343091,0.0,0.0,0.0,0.0,0.0,0.0,0.0,0.0,0.0,0.0
2,0.6962233169129721,0.6288998357963875,0.7093596059113301,0.5582922824302134,0.7339901477832512,0.48440065681444994,0.7405582922824302,0.4302134646962233,0.7504105090311987,0.4039408866995074,1.0,0.5320197044334976,0.8308702791461412,0.4909688013136289,0.6995073891625616,0.4663382594417077,0.6272577996715928,0.45320197044334976,0.9917898193760263,0.6354679802955665,0.7914614121510674,0.5829228243021346,0.6863711001642037,0.5320197044334976,0.6617405582922824,0.5024630541871922,0.9376026272577996,0.7208538587848933,0.7422003284072249,0.6666666666666666,0.6748768472906403,0.6026272577996716,0.6847290640394089,0.5697865353037767,0.8637110016420362,0.7389162561576355,0.7142857142857143,0.7274220032840722,0.6633825944170771,0.6650246305418719,0.6748768472906403,0.632183908045977,0.16737008094787598,0.07473921775817871,-0.02651810646057129,-0.01578870415687561,-0.017038583755493164,0.004664689302444458,-0.03877301514148712,0.04191938042640686,0.45281967520713806,0.7027391493320465,-0.304037868976593,0.034605324268341064,-0.03886786103248596,-0.7987668216228485,-0.056480467319488525,-0.3345339298248291,-0.12156967520713807,-0.17079470488760207,-0.15438217520713804,-0.31940581599871315,-0.12156967520713807,0.20881510343816545,0.0,0.0,0.0,0.0,0.15219041527615662,0.10819556015194601,0.0,0.0,0.0,0.0,0.0,0.0,0.0,0.0,0.0,0.0
2,0.6985172981878089,0.6392092257001647,0.7100494233937397,0.5683690280065898,0.729818780889621,0.4925864909390445,0.7364085667215815,0.4382207578253707,0.7512355848434926,0.40197693574958815,1.0,0.5354200988467874,0.8352553542009885,0.49093904448105435,0.7018121911037891,0.4695222405271829,0.6293245469522241,0.4612850082372323,0.9917627677100495,0.6359143327841845,0.7924217462932455,0.586490939044481,0.6902800658978583,0.5370675453047776,0.6688632619439868,0.5074135090609555,0.9390444810543658,0.7232289950576606,0.7413509060955519,0.6688632619439868,0.6754530477759473,0.6029654036243822,0.6869851729818781,0.5683690280065898,0.8649093904448105,0.7413509060955519,0.7084019769357496,0.7265238879736409,0.6606260296540363,0.6639209225700164,0.6721581548599671,0.6293245469522241,0.16747134923934937,0.07470591366291046,-0.02642163634300232,-0.015668243169784546,-0.016923099756240845,0.004486680030822754,-0.03883574903011322,0.04190149903297424,0.45303602516651154,0.7033562958240509,-0.3044750392436981,0.03330463171005249,-0.03838229179382324,-0.7979287207126617,-0.05678628385066986,-0.33518269658088684,-0.12178602516651155,-0.16446740693516204,-0.1545985251665115,-0.314467406935162,-0.12178602516651155,0.21560388290219834,0.0,0.0,0.0,0.0,0.15354693144524245,0.11199746835797529,0.0,0.0,0.0,0.0,0.0,0.0,0.0,0.0,0.0,0.0
2,0.6886326194398682,0.6375617792421746,0.7018121911037891,0.5667215815485996,0.728171334431631,0.4925864909390445,0.7380560131795717,0.4332784184514003,0.7578253706754531,0.39373970345963755,1.0,0.5271828665568369,0.8385502471169687,0.4827018121911038,0.6935749588138386,0.45799011532125206,0.6144975288303131,0.4464579901153213,0.9934102141680395,0.6309719934102141,0.7924217462932455,0.5766062602965404,0.6803953871499177,0.5255354200988468,0.6540362438220758,0.4975288303130148,0.9390444810543658,0.7166392092257001,0.7397034596375618,0.6655683690280065,0.6721581548599671,0.6046128500823723,0.685337726523888,0.5733113673805601,0.8632619439868204,0.7413509060955519,0.7051070840197694,0.7265238879736409,0.6507413509060955,0.6672158154859967,0.6622734761120264,0.6375617792421746,0.1670687198638916,0.07475651800632477,-0.02673932909965515,-0.015631169080734253,-0.01697683334350586,0.0041977763175964355,-0.038837745785713196,0.041694462299346924,0.45275169610977173,0.7030772864818573,-0.3042905330657959,0.03286522626876831,-0.03688293695449829,-0.7894856631755829,-0.05667799711227417,-0.3349190652370453,-0.12618919610977175,-0.16557728648185732,-0.16134544610977175,-0.3266883975929684,-0.12618919610977175,0.2143003553152084,0.0,0.0,0.0,0.0,0.16490224994680722,0.11919009705757166,0.0,0.0,0.0,0.0,0.0,0.0,0.0,0.0,0.0,0.0
2,0.7107023411371237,0.617056856187291,0.7190635451505016,0.5351170568561873,0.7525083612040134,0.451505016722408,0.7525083612040134,0.3779264214046823,0.7642140468227425,0.31605351170568563,1.0,0.4899665551839465,0.8294314381270903,0.41304347826086957,0.6906354515050167,0.3896321070234114,0.6086956521739131,0.38461538461538464,0.9916387959866221,0.5919732441471572,0.7709030100334449,0.5,0.6906354515050167,0.479933110367893,0.677257525083612,0.47157190635451507,0.9381270903010034,0.6806020066889632,0.7307692307692307,0.5936454849498328,0.7123745819397993,0.5719063545150501,0.7625418060200669,0.5668896321070234,0.862876254180602,0.7441471571906354,0.7023411371237458,0.6688963210702341,0.6889632107023411,0.6505016722408027,0.7391304347826086,0.657190635451505,0.16691535711288452,0.07433278858661652,-0.026846855878829956,-0.015557616949081421,-0.016860097646713257,0.004220306873321533,-0.038968607783317566,0.041398823261260986,0.45292358100414276,0.7030150294303894,-0.3044401705265045,0.03278982639312744,-0.03631724417209625,-0.799953043460846,-0.0570056289434433,-0.334829181432724,-0.12089233100414276,-0.19051502943038945,-0.16854858100414277,-0.383570584985945,-0.12089233100414276,0.1894952997565269,0.0,0.0,0.0,0.0,0.1988506115025214,0.12183938225977853,0.0,0.0,0.0,0.0,0.0,0.0,0.0,0.0,0.0,0.0
2,0.7348754448398577,0.6548042704626335,0.7277580071174378,0.5409252669039146,0.7419928825622776,0.42526690391459077,0.7277580071174378,0.3291814946619217,0.7259786476868327,0.24733096085409254,1.0,0.44483985765124556,0.806049822064057,0.3416370106761566,0.6743772241992882,0.33629893238434166,0.599644128113879,0.3505338078291815,1.0,0.5498220640569395,0.7758007117437722,0.4234875444839858,0.7064056939501779,0.4626334519572954,0.701067615658363,0.505338078291815,0.9483985765124555,0.6476868327402135,0.7313167259786477,0.5266903914590747,0.7188612099644128,0.5604982206405694,0.7704626334519573,0.5960854092526691,0.8718861209964412,0.7259786476868327,0.7064056939501779,0.6263345195729537,0.697508896797153,0.6387900355871886,0.7508896797153025,0.6637010676156584,0.16681799292564392,0.07417908310890198,-0.026909232139587402,-0.015446454286575317,-0.016709983348846436,0.0043672919273376465,-0.039060935378074646,0.0412142276763916,0.45295026898384094,0.698115885257721,-0.3038260340690613,0.04205977916717529,-0.03719499707221985,-0.8040085434913635,-0.0567115843296051,-0.32995936274528503,-0.13029401898384096,-0.18700477414660988,-0.18966901898384092,-0.4245047741466098,-0.13029401898384096,0.19040896064705315,0.0,0.0,0.0,0.0,0.24480939652104852,0.1176071767587914,0.0,0.0,0.0,0.0,0.0,0.0,0.0,0.0,0.0,0.0
2,0.7348066298342542,0.7569060773480663,0.7071823204419889,0.578268876611418,0.7348066298342542,0.42173112338858193,0.7292817679558011,0.2983425414364641,0.7200736648250461,0.19521178637200737,0.992633517495396,0.4162062615101289,0.8176795580110497,0.2965009208103131,0.6795580110497238,0.30939226519337015,0.6040515653775322,0.3333333333333333,1.0,0.5046040515653776,0.8011049723756906,0.3683241252302026,0.7495395948434622,0.43462246777163904,0.7661141804788214,0.48987108655616945,0.9576427255985267,0.5985267034990792,0.7384898710865562,0.4843462246777164,0.712707182320442,0.5451197053406999,0.7642725598526704,0.583793738489871,0.8895027624309392,0.6832412523020258,0.7200736648250461,0.5874769797421732,0.7090239410681399,0.6224677716390423,0.7587476979742173,0.6500920810313076,0.16658920049667358,0.07406868040561676,-0.026829928159713745,-0.015378832817077637,-0.01660895347595215,0.004376351833343506,-0.038937926292419434,0.04118780791759491,0.4522319436073303,0.6968481242656708,-0.30257654190063477,0.04404181241989136,-0.03786662220954895,-0.8073789775371552,-0.05593797564506531,-0.32866236567497253,-0.14051319360733033,-0.12601479093233747,-0.19598194360733034,-0.4454592353767819,-0.14051319360733033,0.25037825902303057,0.0,0.0,0.0,0.0,0.3242245137446924,0.20182635152393683,0.0,0.0,0.0,0.0,0.0,0.0,0.0,0.0,0.0,0.0
2,0.7703703703703704,0.7814814814814814,0.7,0.5740740740740741,0.7185185185185186,0.40555555555555556,0.725925925925926,0.2851851851851852,0.7129629629629629,0.17407407407407408,0.987037037037037,0.4074074074074074,0.8166666666666667,0.27037037037037037,0.6722222222222223,0.28703703703703703,0.587037037037037,0.31666666666666665,1.0,0.48703703703703705,0.7962962962962963,0.34814814814814815,0.7314814814814815,0.42962962962962964,0.7444444444444445,0.4888888888888889,0.9592592592592593,0.5722222222222222,0.7314814814814815,0.45555555555555555,0.6962962962962963,0.5296296296296297,0.7425925925925926,0.5703703703703704,0.8925925925925926,0.6481481481481481,0.7037037037037037,0.5462962962962963,0.6888888888888889,0.5925925925925926,0.7388888888888889,0.6240740740740741,0.16661685705184937,0.07382810115814209,-0.02665632963180542,-0.015318304300308228,-0.016497939825057983,0.004356682300567627,-0.038975924253463745,0.041187018156051636,0.45202335715293884,0.6968335509300232,-0.3030257821083069,0.04389357566833496,-0.037751272320747375,-0.8113929033279419,-0.05527353286743164,-0.32859382033348083,-0.12702335715293883,-0.11072243981891206,-0.20436710715293885,-0.4593335509300232,-0.12702335715293883,0.26533110207981536,0.0,0.0,0.0,0.0,0.357087891777621,0.21971684756472565,0.0,0.0,0.0,0.0,0.0,0.0,0.0,0.0,0.0,0.0
2,0.7771535580524345,0.7846441947565543,0.6985018726591761,0.5805243445692884,0.7191011235955056,0.40636704119850187,0.7284644194756554,0.2808988764044944,0.7134831460674157,0.16666666666666666,0.9812734082397003,0.3895131086142322,0.8033707865168539,0.25280898876404495,0.6647940074906367,0.2752808988764045,0.5805243445692884,0.31086142322097376,1.0,0.46629213483146065,0.7865168539325843,0.3258426966292135,0.7378277153558053,0.41385767790262173,0.7621722846441947,0.4737827715355805,0.9700374531835206,0.550561797752809,0.7303370786516854,0.4363295880149813,0.7059925093632958,0.5131086142322098,0.7584269662921348,0.552434456928839,0.9063670411985019,0.6292134831460674,0.704119850187266,0.5318352059925093,0.6910112359550562,0.5786516853932584,0.7453183520599251,0.6104868913857678,0.1667013168334961,0.07327771186828613,-0.026706039905548096,-0.015148460865020752,-0.01630687713623047,0.0045912861824035645,-0.03903821110725403,0.0411132276058197,0.45214763283729553,0.6983538269996643,-0.3042683005332947,0.042668819427490234,-0.0386558473110199,-0.8177098035812378,-0.055119335651397705,-0.3298957347869873,-0.12792888283729553,-0.11640938255521982,-0.20996013283729553,-0.46779827144410874,-0.12792888283729553,0.2603271987703112,0.0,0.0,0.0,0.0,0.36083691220706676,0.2306402538533352,0.0,0.0,0.0,0.0,0.0,0.0,0.0,0.0,0.0,0.0
2,0.7804878048780488,0.7879924953095685,0.7073170731707317,0.5834896810506567,0.7223264540337712,0.4071294559099437,0.7279549718574109,0.28142589118198874,0.7148217636022514,0.1669793621013133,0.9849906191369606,0.3921200750469043,0.8067542213883677,0.24953095684803,0.6679174484052532,0.2776735459662289,0.5853658536585366,0.3227016885553471,1.0,0.46904315196998125,0.7804878048780488,0.3227016885553471,0.7298311444652908,0.4090056285178236,0.7560975609756098,0.4709193245778612,0.9662288930581614,0.5478424015009381,0.726078799249531,0.43151969981238275,0.699812382739212,0.5084427767354597,0.7560975609756098,0.551594746716698,0.9024390243902439,0.624765478424015,0.699812382739212,0.525328330206379,0.6885553470919324,0.5722326454033771,0.7429643527204502,0.6060037523452158,0.16639500856399536,0.07262195646762848,-0.026572376489639282,-0.015229731798171997,-0.016337573528289795,0.004560023546218872,-0.03915241360664368,0.04088382422924042,0.4520740360021591,0.6984431445598602,-0.3050142824649811,0.04255002737045288,-0.038983747363090515,-0.8215358555316925,-0.055052921175956726,-0.3298204243183136,-0.1270740360021591,-0.11510981122652686,-0.20832403600215912,-0.4595542556709713,-0.1270740360021591,0.2616382216413816,0.0,0.0,0.0,0.0,0.3538976374725352,0.23494184603641982,0.0,0.0,0.0,0.0,0.0,0.0,0.0,0.0,0.0,0.0
2,0.7838345864661654,0.7875939849624061,0.7086466165413534,0.5827067669172933,0.7236842105263158,0.40789473684210525,0.731203007518797,0.2819548872180451,0.7180451127819549,0.16729323308270677,0.9887218045112782,0.39473684210526316,0.8101503759398496,0.25,0.6710526315789473,0.2744360902255639,0.5883458646616542,0.32142857142857145,1.0,0.4718045112781955,0.7819548872180451,0.3233082706766917,0.7293233082706767,0.40601503759398494,0.7556390977443609,0.4680451127819549,0.9661654135338346,0.5507518796992481,0.7293233082706767,0.43045112781954886,0.7030075187969925,0.5056390977443609,0.7556390977443609,0.5526315789473685,0.9022556390977443,0.6240601503759399,0.7030075187969925,0.5244360902255639,0.6898496240601504,0.5714285714285714,0.7443609022556391,0.6071428571428571,0.16629073023796082,0.07239490747451782,-0.02665179967880249,-0.015360087156295776,-0.01646190881729126,0.004493534564971924,-0.0392526239156723,0.040812909603118896,0.4522074908018112,0.6982143223285675,-0.3053702414035797,0.043242037296295166,-0.041075363755226135,-0.8221002519130707,-0.05521945655345917,-0.3295876085758209,-0.1264262408018112,-0.11626987788412302,-0.2076762408018112,-0.4607143223285675,-0.1264262408018112,0.2604470115568903,0.0,0.0,0.0,0.0,0.3538976374725353,0.2364017468033728,0.0,0.0,0.0,0.0,0.0,0.0,0.0,0.0,0.0,0.0
2,0.7790262172284644,0.7846441947565543,0.7078651685393258,0.5786516853932584,0.7247191011235955,0.4044943820224719,0.7340823970037453,0.28277153558052437,0.7172284644194756,0.1704119850187266,0.9868913857677902,0.3895131086142322,0.8108614232209738,0.24906367041198502,0.6704119850187266,0.2752808988764045,0.5880149812734082,0.32209737827715357,1.0,0.4681647940074906,0.7808988764044944,0.3258426966292135,0.7284644194756554,0.40823970037453183,0.7546816479400749,0.4700374531835206,0.9681647940074907,0.548689138576779,0.7303370786516854,0.43258426966292135,0.702247191011236,0.5093632958801498,0.7565543071161048,0.5543071161048689,0.9026217228464419,0.6254681647940075,0.704119850187266,0.5262172284644194,0.6891385767790262,0.5730337078651685,0.7453183520599251,0.6086142322097379,0.16622111201286316,0.07243028283119202,-0.026879966259002686,-0.015218883752822876,-0.01633620262145996,0.004471838474273682,-0.039168357849121094,0.04090660810470581,0.45254553854465485,0.6982591450214386,-0.3058769404888153,0.04322081804275513,-0.04288847744464874,-0.8226993978023529,-0.055673763155937195,-0.3296307921409607,-0.12754553854465484,-0.11631470057699411,-0.20723303854465486,-0.45937025613254967,-0.12754553854465484,0.2606517535116938,0.0,0.0,0.0,0.0,0.35218917055153875,0.23355426319916955,0.0,0.0,0.0,0.0,0.0,0.0,0.0,0.0,0.0,0.0
2,0.7794392523364486,0.788785046728972,0.7046728971962617,0.5831775700934579,0.7233644859813084,0.411214953271028,0.7364485981308411,0.28598130841121494,0.7233644859813084,0.17196261682242991,0.9869158878504672,0.3925233644859813,0.811214953271028,0.2504672897196262,0.6710280373831776,0.2766355140186916,0.5869158878504673,0.31962616822429907,1.0,0.47102803738317756,0.7831775700934579,0.32897196261682243,0.7289719626168224,0.411214953271028,0.7570093457943925,0.4747663551401869,0.9682242990654205,0.5514018691588785,0.7327102803738318,0.4336448598130841,0.702803738317757,0.5121495327102804,0.7551401869158878,0.5570093457943925,0.9046728971962616,0.6299065420560748,0.7065420560747664,0.5308411214953271,0.6915887850467289,0.577570093457944,0.7476635514018691,0.6130841121495327,0.1662227213382721,0.07269228994846344,-0.026831775903701782,-0.015245795249938965,-0.01633673906326294,0.004336744546890259,-0.039133667945861816,0.04094785451889038,0.4526902735233307,0.6983622908592224,-0.30611521005630493,0.04305446147918701,-0.0428350567817688,-0.8224442601203918,-0.05606314539909363,-0.3297288119792938,-0.12690902352333067,-0.11225117974811127,-0.2073777735233307,-0.4608622908592224,-0.12690902352333067,0.26496153838104675,0.0,0.0,0.0,0.0,0.35777776135009565,0.23352159443923906,0.0,0.0,0.0,0.0,0.0,0.0,0.0,0.0,0.0,0.0
2,0.7723880597014925,0.7854477611940298,0.7014925373134329,0.5802238805970149,0.7182835820895522,0.4085820895522388,0.7332089552238806,0.28544776119402987,0.7238805970149254,0.17164179104477612,0.9869402985074627,0.3917910447761194,0.8134328358208955,0.251865671641791,0.6735074626865671,0.27611940298507465,0.5895522388059702,0.31902985074626866,1.0,0.4701492537313433,0.7854477611940298,0.32649253731343286,0.7294776119402985,0.41044776119402987,0.7555970149253731,0.47201492537313433,0.9701492537313433,0.5503731343283582,0.7332089552238806,0.43283582089552236,0.7033582089552238,0.5111940298507462,0.7555970149253731,0.5578358208955224,0.9067164179104478,0.628731343283582,0.7089552238805971,0.5279850746268657,0.6921641791044776,0.5746268656716418,0.746268656716418,0.6119402985074627,0.16627773642539978,0.07258234918117523,-0.026840955018997192,-0.015291690826416016,-0.016375958919525146,0.004349023103713989,-0.039100661873817444,0.04090866446495056,0.4529936909675598,0.6983818709850311,-0.30667591094970703,0.04302150011062622,-0.042503684759140015,-0.8223337233066559,-0.05651804804801941,-0.3297506272792816,-0.12955619096755983,-0.11365964876280887,-0.2061186909675598,-0.46088187098503114,-0.12955619096755983,0.2637903107537164,0.0,0.0,0.0,0.0,0.3555630577143642,0.23343924888717185,0.0,0.0,0.0,0.0,0.0,0.0,0.0,0.0,0.0,0.0
2,0.7705223880597015,0.7854477611940298,0.6996268656716418,0.5802238805970149,0.7201492537313433,0.4085820895522388,0.7350746268656716,0.2873134328358209,0.7257462686567164,0.17350746268656717,0.9850746268656716,0.39365671641791045,0.8152985074626866,0.2537313432835821,0.6735074626865671,0.27798507462686567,0.5895522388059702,0.3208955223880597,1.0,0.47201492537313433,0.7873134328358209,0.3302238805970149,0.7350746268656716,0.4141791044776119,0.7630597014925373,0.47574626865671643,0.9720149253731343,0.5522388059701493,0.7369402985074627,0.43656716417910446,0.707089552238806,0.5130597014925373,0.7574626865671642,0.5597014925373134,0.9085820895522388,0.6305970149253731,0.710820895522388,0.5298507462686567,0.6958955223880597,0.5764925373134329,0.7481343283582089,0.6119402985074627,0.16624313592910767,0.07260221242904663,-0.026719272136688232,-0.01525452733039856,-0.016330480575561523,0.004253864288330078,-0.039168328046798706,0.040887251496315,0.45327088236808777,0.6984177529811859,-0.30721408128738403,0.04300159215927124,-0.04287475347518921,-0.8223379552364349,-0.056840211153030396,-0.3298661708831787,-0.1306146323680878,-0.11369553075896366,-0.20639588236808776,-0.459528864092297,-0.1306146323680878,0.2639334513081445,0.0,0.0,0.0,0.0,0.3540388287970783,0.23057673304679047,0.0,0.0,0.0,0.0,0.0,0.0,0.0,0.0,0.0,0.0
2,0.7657992565055762,0.7825278810408922,0.7007434944237918,0.5762081784386617,0.7211895910780669,0.4052044609665427,0.7342007434944238,0.2862453531598513,0.7267657992565055,0.17472118959107807,0.983271375464684,0.395910780669145,0.8159851301115242,0.25464684014869887,0.6747211895910781,0.27695167286245354,0.5892193308550185,0.31784386617100374,1.0,0.4721189591078067,0.7862453531598513,0.3308550185873606,0.7379182156133829,0.4144981412639405,0.7657992565055762,0.4758364312267658,0.9702602230483272,0.5539033457249071,0.7360594795539034,0.4368029739776952,0.70817843866171,0.5130111524163569,0.7602230483271375,0.5594795539033457,0.9070631970260223,0.6319702602230484,0.7118959107806692,0.5315985130111525,0.6970260223048327,0.5780669144981413,0.7527881040892194,0.6133828996282528,0.16661235690116882,0.07233986258506775,-0.02670276165008545,-0.015410184860229492,-0.016447007656097412,0.0042934417724609375,-0.03933629393577576,0.04108552634716034,0.45337188243865967,0.6984147429466248,-0.3073863983154297,0.042928099632263184,-0.042879149317741394,-0.8223043084144592,-0.056959688663482666,-0.3300079107284546,-0.13149688243865965,-0.1136925207244025,-0.20571563243865967,-0.46091474294662477,-0.13149688243865965,0.2639946950806512,0.0,0.0,0.0,0.0,0.3550657607493305,0.22916666666666669,0.0,0.0,0.0,0.0,0.0,0.0,0.0,0.0,0.0,0.0
2,0.7680890538033395,0.7810760667903525,0.699443413729128,0.5769944341372912,0.7198515769944341,0.40630797773654914,0.7328385899814471,0.2857142857142857,0.7235621521335807,0.17439703153988867,0.9814471243042672,0.3970315398886827,0.8163265306122449,0.2560296846011132,0.6771799628942486,0.2764378478664193,0.5918367346938775,0.31539888682745826,1.0,0.4749536178107607,0.7903525046382189,0.3302411873840445,0.7365491651205937,0.4137291280148423,0.7625231910946196,0.47680890538033394,0.9721706864564007,0.5565862708719852,0.7402597402597403,0.437847866419295,0.7068645640074211,0.5139146567717996,0.7569573283858998,0.5602968460111317,0.9090909090909091,0.634508348794063,0.7142857142857143,0.5324675324675324,0.6975881261595547,0.5769944341372912,0.75139146567718,0.6122448979591837,0.16665181517601013,0.07216191291809082,-0.026533782482147217,-0.015513390302658081,-0.016563355922698975,0.0043957531452178955,-0.03914549946784973,0.04122896492481232,0.45339635014533997,0.6984106302261353,-0.30746716260910034,0.04306912422180176,-0.043112799525260925,-0.8224536776542664,-0.05700013041496277,-0.33030930161476135,-0.12995885014533998,-0.113688408003913,-0.20417760014533998,-0.46229951911502415,-0.12995885014533998,0.264016972316636,0.0,0.0,0.0,0.0,0.35642408678663395,0.22778983562364066,0.0,0.0,0.0,0.0,0.0,0.0,0.0,0.0,0.0,0.0
2,0.7666666666666667,0.7833333333333333,0.6981481481481482,0.575925925925926,0.7166666666666667,0.40925925925925927,0.7314814814814815,0.28888888888888886,0.7277777777777777,0.17592592592592593,0.9814814814814815,0.4,0.8166666666666667,0.2574074074074074,0.6759259259259259,0.2740740740740741,0.5888888888888889,0.31296296296296294,1.0,0.4759259259259259,0.7944444444444444,0.3296296296296296,0.7388888888888889,0.412962962962963,0.762962962962963,0.4759259259259259,0.9722222222222222,0.5574074074074075,0.7407407407407407,0.4351851851851852,0.7074074074074074,0.512962962962963,0.7574074074074074,0.5611111111111111,0.9111111111111111,0.6333333333333333,0.7148148148148148,0.5314814814814814,0.6962962962962963,0.5777777777777777,0.7481481481481481,0.6129629629629629,0.16617819666862488,0.07211557030677795,-0.026452481746673584,-0.015496879816055298,-0.01657390594482422,0.00448763370513916,-0.039150968194007874,0.04086139798164368,0.45363016426563263,0.6985749900341034,-0.3080185353755951,0.04341989755630493,-0.042787015438079834,-0.8235792815685272,-0.05721952021121979,-0.3306710124015808,-0.13019266426563264,-0.11107499003410337,-0.20519266426563262,-0.4638527678118812,-0.13019266426563264,0.2668222650885582,0.0,0.0,0.0,0.0,0.36066211402617154,0.23056085011072644,0.0,0.0,0.0,0.0,0.0,0.0,0.0,0.0,0.0,0.0
2,0.7550274223034735,0.7678244972577697,0.6892138939670932,0.5685557586837294,0.7129798903107861,0.40219378427787933,0.7367458866544789,0.28884826325411334,0.7367458866544789,0.1773308957952468,0.9817184643510055,0.3930530164533821,0.8171846435100548,0.2522851919561243,0.676416819012797,0.26508226691042047,0.5850091407678245,0.29981718464351004,1.0,0.46983546617915906,0.7952468007312614,0.3235831809872029,0.7367458866544789,0.4040219378427788,0.753199268738574,0.4680073126142596,0.9707495429616088,0.5484460694698354,0.7422303473491774,0.4296160877513711,0.7074954296160878,0.506398537477148,0.753199268738574,0.5557586837294333,0.9085923217550275,0.6270566727605119,0.720292504570384,0.5283363802559415,0.696526508226691,0.5740402193784278,0.7422303473491774,0.6106032906764168,0.16614899039268494,0.07190684974193573,-0.026326805353164673,-0.015538245439529419,-0.016590267419815063,0.004459798336029053,-0.03915873169898987,0.040922001004219055,0.45360568165779114,0.698279082775116,-0.307964026927948,0.04639291763305664,-0.04329478740692139,-0.8240938782691956,-0.05696508288383484,-0.3308514654636383,-0.13094943165779116,-0.1149457494417826,-0.20360568165779114,-0.4705013049973382,-0.13094943165779116,0.2626763333876928,0.0,0.0,0.0,0.0,0.3629031327372117,0.22777911756995028,0.0,0.0,0.0,0.0,0.0,0.0,0.0,0.0,0.0,0.0
2,0.7404718693284936,0.7531760435571688,0.6823956442831216,0.5607985480943739,0.7132486388384754,0.397459165154265,0.7404718693284936,0.2867513611615245,0.7459165154264973,0.17422867513611615,0.9782214156079855,0.39201451905626133,0.8239564428312159,0.25226860254083483,0.6842105263157895,0.2595281306715064,0.5916515426497277,0.29038112522686027,1.0,0.46823956442831216,0.8058076225045372,0.3248638838475499,0.7404718693284936,0.4010889292196007,0.7495462794918331,0.4664246823956443,0.9745916515426497,0.5480943738656987,0.7531760435571688,0.426497277676951,0.7132486388384754,0.5027223230490018,0.7549909255898367,0.5517241379310345,0.9147005444646098,0.6261343012704175,0.7277676950998185,0.52994555353902,0.6987295825771325,0.5716878402903811,0.7404718693284936,0.6079854809437386,0.16635435819625854,0.07161933183670044,-0.02631354331970215,-0.015619754791259766,-0.016670793294906616,0.004671990871429443,-0.03925962746143341,0.040867879986763,0.45372210443019867,0.6965087354183197,-0.3077618181705475,0.050930678844451904,-0.044029831886291504,-0.8257445991039276,-0.05686120688915253,-0.32953760027885437,-0.1349721044301987,-0.12011984652943086,-0.19903460443019866,-0.4742865131960975,-0.1349721044301987,0.25656512462430525,0.0,0.0,0.0,0.0,0.3599139226037633,0.21947920855195677,0.0,0.0,0.0,0.0,0.0,0.0,0.0,0.0,0.0,0.0
2,0.725314183123878,0.7360861759425493,0.6696588868940754,0.547576301615799,0.7127468581687613,0.3877917414721723,0.7450628366247756,0.2764811490125673,0.7540394973070018,0.16696588868940754,0.9712746858168761,0.3859964093357271,0.8330341113105925,0.25314183123877915,0.7019748653500898,0.25673249551166966,0.6122082585278277,0.28545780969479356,1.0,0.4614003590664273,0.8168761220825853,0.31956912028725315,0.7396768402154399,0.39317773788150806,0.7396768402154399,0.4542190305206463,0.9766606822262118,0.5439856373429084,0.7648114901256733,0.4254937163375224,0.7127468581687613,0.49730700179533216,0.7468581687612208,0.5457809694793537,0.9192100538599641,0.6229802513464991,0.7414721723518851,0.5278276481149012,0.7019748653500898,0.5691202872531418,0.7360861759425493,0.6068222621184919,0.16635897755622864,0.07120488584041595,-0.02628055214881897,-0.01566106081008911,-0.016673177480697632,0.004662185907363892,-0.03931596875190735,0.04089558124542236,0.4538753926753998,0.6957504749298096,-0.3075276017189026,0.05274069309234619,-0.04386766254901886,-0.8257025480270386,-0.05666390061378479,-0.3293154537677765,-0.1382503926753998,-0.12630603048536515,-0.18746914267539977,-0.47491714159647624,-0.1382503926753998,0.24990115728643203,0.0,0.0,0.0,0.0,0.3520684480916828,0.21814510723058167,0.0,0.0,0.0,0.0,0.0,0.0,0.0,0.0,0.0,0.0
2,0.7014134275618374,0.7067137809187279,0.6607773851590106,0.5247349823321554,0.7102473498233216,0.37809187279151946,0.7561837455830389,0.2773851590106007,0.773851590106007,0.17137809187279152,0.9699646643109541,0.392226148409894,0.8480565371024735,0.2597173144876325,0.7208480565371025,0.26148409893992935,0.6307420494699647,0.284452296819788,1.0,0.4717314487632509,0.833922261484099,0.3286219081272085,0.7526501766784452,0.39045936395759717,0.7455830388692579,0.44346289752650175,0.980565371024735,0.5565371024734982,0.7826855123674912,0.43286219081272087,0.726148409893993,0.49823321554770317,0.7544169611307421,0.5459363957597173,0.9257950530035336,0.6360424028268551,0.7597173144876325,0.5318021201413428,0.7137809187279152,0.5653710247349824,0.7420494699646644,0.6024734982332155,0.16631200909614563,0.07119141519069672,-0.026280611753463745,-0.01553758978843689,-0.01653537154197693,0.004531681537628174,-0.03931090235710144,0.04091675579547882,0.4538908004760742,0.6946356892585754,-0.3074936866760254,0.05498313903808594,-0.04091840982437134,-0.8191667199134827,-0.056501537561416626,-0.3290674388408661,-0.1437345504760742,-0.13908013370301986,-0.1749845504760742,-0.47102457814746435,-0.1437345504760742,0.23648847970697617,0.0,0.0,0.0,0.0,0.33341217238956783,0.2078640729250302,0.0,0.0,0.0,0.0,0.0,0.0,0.0,0.0,0.0,0.0
2,0.688695652173913,0.6939130434782609,0.6643478260869565,0.5234782608695652,0.7165217391304348,0.3791304347826087,0.7565217391304347,0.2782608695652174,0.7895652173913044,0.17739130434782607,0.9721739130434782,0.4052173913043478,0.8660869565217392,0.27652173913043476,0.7391304347826086,0.27304347826086955,0.648695652173913,0.29043478260869565,1.0,0.48695652173913045,0.8626086956521739,0.34608695652173915,0.7739130434782608,0.40347826086956523,0.7634782608695653,0.45565217391304347,0.9773913043478261,0.5721739130434783,0.7947826086956522,0.4504347826086956,0.7286956521739131,0.5060869565217392,0.7530434782608696,0.5460869565217391,0.92,0.6469565217391304,0.7582608695652174,0.5443478260869565,0.7165217391304348,0.577391304347826,0.7478260869565218,0.6121739130434782,0.16614344716072083,0.07102659344673157,-0.026472151279449463,-0.015548616647720337,-0.01653161644935608,0.004549086093902588,-0.03927181661128998,0.04090258479118347,0.4538121819496155,0.6944065988063812,-0.30733025074005127,0.055081069469451904,-0.03830946981906891,-0.8108233511447906,-0.05618894100189209,-0.3296653926372528,-0.14443718194961547,-0.14023993213971453,-0.1624059319496155,-0.4624621543619368,-0.14443718194961547,0.23505783776442213,0.0,0.0,0.0,0.0,0.3227228477662988,0.19322052881387086,0.0,0.0,0.0,0.0,0.0,0.0,0.0,0.0,0.0,0.0
2,0.6909413854351687,0.7211367673179396,0.6607460035523979,0.5435168738898757,0.7140319715808171,0.39431616341030196,0.7548845470692718,0.29307282415630553,0.7850799289520426,0.19182948490230906,0.9751332149200711,0.4280639431616341,0.8525754884547069,0.29307282415630553,0.7140319715808171,0.2912966252220249,0.6234458259325044,0.30550621669627,1.0,0.5079928952042628,0.8454706927175843,0.369449378330373,0.7637655417406749,0.4369449378330373,0.7637655417406749,0.4937833037300178,0.9751332149200711,0.5896980461811723,0.7868561278863233,0.46536412078152756,0.7264653641207816,0.522202486678508,0.7566607460035524,0.5630550621669627,0.91651865008881,0.6642984014209592,0.7495559502664298,0.5595026642984015,0.7087033747779752,0.5932504440497336,0.738898756660746,0.6269982238010657,0.16635364294052124,0.07099425792694092,-0.026774048805236816,-0.01549232006072998,-0.016510725021362305,0.004528403282165527,-0.0393148809671402,0.04100996255874634,0.45364850759506226,0.694273054599762,-0.30742955207824707,0.05555140972137451,-0.038421303033828735,-0.8106479644775391,-0.05587112903594971,-0.32968878746032715,-0.14974225759506227,-0.13038416571087308,-0.17942975759506224,-0.45538416571087303,-0.14974225759506227,0.24468792610698276,0.0,0.0,0.0,0.0,0.32635310272195966,0.18064035885750293,0.0,0.0,0.0,0.0,0.0,0.0,0.0,0.0,0.0,0.0
2,0.702803738317757,0.7457943925233644,0.6616822429906543,0.5588785046728972,0.7102803738317757,0.405607476635514,0.7457943925233644,0.29906542056074764,0.77196261682243,0.1925233644859813,0.9775700934579439,0.4280373831775701,0.8485981308411215,0.28785046728971964,0.7009345794392523,0.28598130841121494,0.6074766355140186,0.30093457943925234,1.0,0.508411214953271,0.8261682242990654,0.3644859813084112,0.7401869158878505,0.4373831775700935,0.7308411214953271,0.5009345794392523,0.9738317757009346,0.594392523364486,0.7588785046728972,0.4766355140186916,0.702803738317757,0.5495327102803739,0.7327102803738318,0.5981308411214953,0.914018691588785,0.6747663551401869,0.7345794392523365,0.5757009345794393,0.6897196261682244,0.6149532710280374,0.7158878504672898,0.6504672897196262,0.16663119196891785,0.07096852362155914,-0.027039140462875366,-0.015631049871444702,-0.016651630401611328,0.004436314105987549,-0.03925463557243347,0.04124933481216431,0.4533437341451645,0.6931783258914948,-0.306831032037735,0.057739436626434326,-0.03762826323509216,-0.8119021952152252,-0.0554528683423996,-0.3284711539745331,-0.15959373414516448,-0.13901165922482805,-0.1994374841451645,-0.46956721478038366,-0.15959373414516448,0.23530393789211912,0.0,0.0,0.0,0.0,0.3329481937519777,0.18232144680689663,0.0,0.0,0.0,0.0,0.0,0.0,0.0,0.0,0.0,0.0
2,0.7168674698795181,0.7771084337349398,0.6706827309236948,0.5803212851405622,0.7068273092369478,0.41767068273092367,0.7248995983935743,0.30120481927710846,0.7369477911646586,0.18875502008032127,0.9738955823293173,0.41566265060240964,0.8192771084337349,0.28714859437751006,0.6767068273092369,0.2971887550200803,0.5943775100401606,0.321285140562249,1.0,0.5060240963855421,0.8032128514056225,0.3674698795180723,0.7228915662650602,0.4457831325301205,0.7309236947791165,0.5060240963855421,0.9779116465863453,0.6024096385542169,0.7469879518072289,0.4839357429718876,0.6907630522088354,0.5542168674698795,0.7289156626506024,0.5943775100401606,0.9176706827309237,0.6907630522088354,0.7269076305220884,0.5863453815261044,0.6847389558232931,0.6224899598393574,0.7168674698795181,0.6546184738955824,0.16672533750534058,0.07138888537883759,-0.026948899030685425,-0.015420734882354736,-0.01645362377166748,0.00441315770149231,-0.03927965462207794,0.041338756680488586,0.45501625537872314,0.6943879127502441,-0.31099510192871094,0.05693864822387695,-0.035649776458740234,-0.8146888017654419,-0.05696558952331543,-0.329367071390152,-0.17611000537872312,-0.15688791275024416,-0.22376625537872313,-0.47216569052802193,-0.17611000537872312,0.21878883838653562,0.0,0.0,0.0,0.0,0.31885920925160105,0.18757973565010294,0.0,0.0,0.0,0.0,0.0,0.0,0.0,0.0,0.0,0.0
2,0.7543103448275862,0.8405172413793104,0.6745689655172413,0.6206896551724138,0.6982758620689655,0.4396551724137931,0.7133620689655172,0.3103448275862069,0.7219827586206896,0.1853448275862069,0.9719827586206896,0.4267241379310345,0.8038793103448276,0.29094827586206895,0.6551724137931034,0.3103448275862069,0.5668103448275862,0.3426724137931034,1.0,0.5172413793103449,0.7780172413793104,0.3793103448275862,0.7155172413793104,0.4698275862068966,0.7370689655172413,0.5344827586206896,0.9719827586206896,0.6163793103448276,0.7241379310344828,0.5021551724137931,0.6896551724137931,0.5797413793103449,0.7370689655172413,0.6185344827586207,0.9116379310344828,0.7112068965517241,0.709051724137931,0.6142241379310345,0.6831896551724138,0.6551724137931034,0.7241379310344828,0.6853448275862069,0.16684693098068237,0.071576327085495,-0.02701622247695923,-0.015494704246520996,-0.01654300093650818,0.004551142454147339,-0.03951503336429596,0.041200459003448486,0.4572612941265106,0.6947850584983826,-0.3167460560798645,0.05767512321472168,-0.0354771614074707,-0.8209928274154663,-0.05905258655548096,-0.32964080572128296,-0.18382379412651062,-0.15311839183171594,-0.25179254412651064,-0.47395172516504924,-0.18382379412651062,0.22380043069521582,0.0,0.0,0.0,0.0,0.32795392779221333,0.19732122906132424,0.0,0.0,0.0,0.0,0.0,0.0,0.0,0.0,0.0,0.0
2,0.7731481481481481,0.8935185185185185,0.6851851851851852,0.6574074074074074,0.6967592592592593,0.4652777777777778,0.6967592592592593,0.3287037037037037,0.6875,0.19675925925925927,0.9768518518518519,0.44212962962962965,0.7870370370370371,0.29398148148148145,0.6319444444444444,0.31712962962962965,0.5393518518518519,0.3587962962962963,1.0,0.5347222222222222,0.75,0.3912037037037037,0.6805555555555556,0.48842592592592593,0.7060185185185185,0.5578703703703703,0.9652777777777778,0.6365740740740741,0.6967592592592593,0.5185185185185185,0.6666666666666666,0.5995370370370371,0.7222222222222222,0.6388888888888888,0.8981481481481481,0.7337962962962963,0.6782407407407407,0.6296296296296297,0.6550925925925926,0.6712962962962963,0.7037037037037037,0.6967592592592593,0.16620910167694092,0.07166644930839539,-0.02700752019882202,-0.015386402606964111,-0.016400784254074097,0.0045403242111206055,-0.039677008986473083,0.040576472878456116,0.45771345496177673,0.693864494562149,-0.31787556409835815,0.059608519077301025,-0.035572588443756104,-0.8207752406597137,-0.05893680453300476,-0.3287319839000702,-0.19677595496177674,-0.15775338345103795,-0.27568220496177676,-0.47858671678437126,-0.19677595496177674,0.21864726609653895,0.0,0.0,0.0,0.0,0.33039404363099567,0.20265929594263307,0.0,0.0,0.0,0.0,0.0,0.0,0.0,0.0,0.0,0.0
2,0.8097560975609757,0.9439024390243902,0.7,0.6926829268292682,0.7024390243902439,0.48292682926829267,0.697560975609756,0.32682926829268294,0.6707317073170732,0.18536585365853658,0.9829268292682927,0.45365853658536587,0.775609756097561,0.2975609756097561,0.6195121951219512,0.32926829268292684,0.5292682926829269,0.3780487804878049,1.0,0.551219512195122,0.7414634146341463,0.3951219512195122,0.6853658536585366,0.4951219512195122,0.7219512195121951,0.5658536585365853,0.9634146341463414,0.6560975609756098,0.6878048780487804,0.526829268292683,0.6609756097560976,0.6121951219512195,0.7268292682926829,0.6560975609756098,0.8926829268292683,0.7560975609756098,0.6609756097560976,0.6390243902439025,0.6463414634146342,0.6853658536585366,0.7048780487804878,0.7146341463414634,0.16588899493217468,0.07238876819610596,-0.02664262056350708,-0.015278071165084839,-0.016370683908462524,0.004226118326187134,-0.03947180509567261,0.04038578271865845,0.45800796151161194,0.6936112642288208,-0.3187233805656433,0.062099337577819824,-0.0364108681678772,-0.8210021257400513,-0.059221237897872925,-0.32813969254493713,-0.19863296151161192,-0.15611126422882082,-0.2884767115116119,-0.478333486451043,-0.19863296151161192,0.22030498683452604,0.0,0.0,0.0,0.0,0.33451316851192814,0.21710720216044943,0.0,0.0,0.0,0.0,0.0,0.0,0.0,0.0,0.0,0.0
2,0.8087167070217918,0.9225181598062954,0.7239709443099274,0.6755447941888619,0.7288135593220338,0.4648910411622276,0.7191283292978208,0.31234866828087166,0.6707021791767555,0.18159806295399517,0.9951573849878934,0.44794188861985473,0.784503631961259,0.28329297820823246,0.6295399515738499,0.3050847457627119,0.5520581113801453,0.3559322033898305,1.0,0.5472154963680388,0.7506053268765133,0.36561743341404357,0.6634382566585957,0.4406779661016949,0.6779661016949152,0.513317191283293,0.9588377723970944,0.6464891041162227,0.6900726392251816,0.49878934624697335,0.6440677966101694,0.576271186440678,0.6973365617433414,0.6319612590799032,0.8861985472154964,0.7433414043583535,0.6682808716707022,0.6198547215496368,0.6416464891041163,0.6634382566585957,0.6997578692493946,0.7046004842615012,0.16619378328323364,0.07250691950321198,-0.026665180921554565,-0.015402406454086304,-0.01647549867630005,0.004290163516998291,-0.039393916726112366,0.040756955742836,0.45719200372695923,0.691474050283432,-0.31721949577331543,0.06382471323013306,-0.03634752333164215,-0.8202193081378937,-0.05841487646102905,-0.3255288600921631,-0.19625450372695924,-0.16230738361676533,-0.27906700372695925,-0.48730738361676534,-0.19625450372695924,0.2126370797554652,0.0,0.0,0.0,0.0,0.33538471962248073,0.23848334692633838,0.0,0.0,0.0,0.0,0.0,0.0,0.0,0.0,0.0,0.0
2,0.7695852534562212,0.8594470046082949,0.6935483870967742,0.6221198156682027,0.7073732718894009,0.42626728110599077,0.7142857142857143,0.2903225806451613,0.695852534562212,0.16589861751152074,0.988479262672811,0.4147465437788018,0.7903225806451613,0.2557603686635945,0.6428571428571429,0.28110599078341014,0.5645161290322581,0.3317972350230415,1.0,0.511520737327189,0.7534562211981567,0.35253456221198154,0.6797235023041475,0.43548387096774194,0.7050691244239631,0.4976958525345622,0.9608294930875576,0.6082949308755761,0.7004608294930875,0.47235023041474655,0.6612903225806451,0.5506912442396313,0.7119815668202765,0.6036866359447005,0.8870967741935484,0.7004608294930875,0.6820276497695853,0.5852534562211982,0.6566820276497696,0.631336405529954,0.7073732718894009,0.6682027649769585,0.16587847471237183,0.07158458232879639,-0.027089834213256836,-0.015434622764587402,-0.016460508108139038,0.00418853759765625,-0.03917743265628815,0.0410490483045578,0.45699289441108704,0.6909643411636353,-0.3174150586128235,0.06304967403411865,-0.035720571875572205,-0.8154557943344116,-0.058494120836257935,-0.3237517774105072,-0.19605539441108705,-0.17290878560807965,-0.26558664441108704,-0.49096434116363524,-0.19605539441108705,0.20182044539186694,0.0,0.0,0.0,0.0,0.32556709162062986,0.21915004205713035,0.0,0.0,0.0,0.0,0.0,0.0,0.0,0.0,0.0,0.0
2,0.755939524838013,0.7861771058315334,0.693304535637149,0.5680345572354212,0.7105831533477321,0.38876889848812096,0.7192224622030238,0.2591792656587473,0.714902807775378,0.13174946004319654,0.9848812095032398,0.3801295896328294,0.8099352051835853,0.22462203023758098,0.6673866090712743,0.23758099352051837,0.5831533477321814,0.28077753779697623,1.0,0.46220302375809935,0.7775377969762419,0.30669546436285094,0.7062634989200864,0.3952483801295896,0.7235421166306696,0.46004319654427644,0.9632829373650108,0.5442764578833693,0.7213822894168467,0.4168466522678186,0.6868250539956804,0.5010799136069114,0.7321814254859611,0.5485961123110151,0.896328293736501,0.6220302375809935,0.7019438444924406,0.5205183585313174,0.673866090712743,0.5745140388768899,0.7192224622030238,0.6090712742980562,0.1660965085029602,0.07114721834659576,-0.02732113003730774,-0.01547151803970337,-0.016468822956085205,0.004313558340072632,-0.03925640881061554,0.04107530415058136,0.45853273570537567,0.6912178099155426,-0.320568710565567,0.06076997518539429,-0.034473493695259094,-0.8168480694293976,-0.06056694686412811,-0.32286298274993896,-0.18509523570537567,-0.18566225435998707,-0.24759523570537567,-0.510662254359987,-0.18509523570537567,0.1902301240298483,0.0,0.0,0.0,0.0,0.3309550573718431,0.21004937418471317,0.0,0.0,0.0,0.0,0.0,0.0,0.0,0.0,0.0,0.0
2,0.748,0.714,0.688,0.51,0.718,0.348,0.738,0.234,0.74,0.124,0.966,0.338,0.826,0.202,0.694,0.218,0.61,0.258,1.0,0.408,0.804,0.28,0.732,0.362,0.744,0.426,0.984,0.49,0.764,0.388,0.716,0.458,0.752,0.5,0.934,0.57,0.75,0.484,0.716,0.528,0.752,0.56,0.1664186418056488,0.0712001770734787,-0.026737838983535767,-0.015430033206939697,-0.01646175980567932,0.00443693995475769,-0.03922721743583679,0.04090389609336853,0.45891471207141876,0.6917076706886292,-0.3213442265987396,0.05855906009674072,-0.034105777740478516,-0.8184483647346497,-0.0612080842256546,-0.32312649488449097,-0.16672721207141877,-0.1958743373552958,-0.22063346207141876,-0.5125410040219625,-0.16672721207141877,0.18058354010184607,0.0,0.0,0.0,0.0,0.32122213741714667,0.20000610342249558,0.0,0.0,0.0,0.0,0.0,0.0,0.0,0.0,0.0,0.0
2,0.7394495412844037,0.6440366972477064,0.6880733944954128,0.46972477064220186,0.7229357798165138,0.3192660550458716,0.7577981651376147,0.21834862385321102,0.7779816513761468,0.11192660550458716,0.9669724770642202,0.3137614678899083,0.8440366972477065,0.1871559633027523,0.7247706422018348,0.1926605504587156,0.6440366972477064,0.22201834862385322,1.0,0.3798165137614679,0.8348623853211009,0.25137614678899084,0.7596330275229358,0.3174311926605505,0.7504587155963303,0.3743119266055046,0.9889908256880734,0.45137614678899085,0.7889908256880734,0.3486238532110092,0.7412844036697248,0.41651376146788993,0.7688073394495413,0.46055045871559636,0.944954128440367,0.5247706422018349,0.7779816513761468,0.43669724770642204,0.7376146788990826,0.48073394495412847,0.763302752293578,0.5155963302752293,0.1663309633731842,0.07239098846912384,-0.027495652437210083,-0.015485256910324097,-0.016569286584854126,0.004367262125015259,-0.038594454526901245,0.041200265288352966,0.4568594694137573,0.6914955377578735,-0.31734228134155273,0.05898284912109375,-0.03552979230880737,-0.8183916807174683,-0.059252649545669556,-0.3228673040866852,-0.14201571941375735,-0.20399553775787355,-0.1826407194137573,-0.5234399822023179,-0.14201571941375735,0.171378555893898,0.0,0.0,0.0,0.0,0.3220173034347995,0.20422047016405526,0.0,0.0,0.0,0.0,0.0,0.0,0.0,0.0,0.0,0.0
2,0.7495741056218058,0.5894378194207837,0.7001703577512777,0.43100511073253833,0.7308347529812607,0.2879045996592845,0.7649063032367973,0.19250425894378195,0.7904599659284497,0.09540034071550256,0.9625212947189097,0.29471890971039183,0.8568994889267462,0.1686541737649063,0.747870528109029,0.1737649063032368,0.6695059625212947,0.20272572402044292,1.0,0.3577512776831346,0.8654173764906303,0.22487223168654175,0.7819420783645656,0.28449744463373083,0.7614991482112436,0.3424190800681431,0.9948892674616695,0.42248722316865417,0.8245315161839863,0.3151618398637138,0.7649063032367973,0.37649063032367974,0.7819420783645656,0.42248722316865417,0.959114139693356,0.4855195911413969,0.8091993185689949,0.4020442930153322,0.7597955706984668,0.44122657580919933,0.7751277683134583,0.4752981260647359,0.16697463393211365,0.07344663143157959,-0.0275648832321167,-0.015703558921813965,-0.016772806644439697,0.004226177930831909,-0.03860309720039368,0.04137140512466431,0.45609748363494873,0.6925932765007019,-0.31610047817230225,0.05756115913391113,-0.03640151023864746,-0.8171010613441467,-0.05913689732551575,-0.32460567355155945,-0.11234748363494873,-0.21203772094514634,-0.14906623363494875,-0.5273154987229242,-0.11234748363494873,0.1638273659679625,0.0,0.0,0.0,0.0,0.3174087959746174,0.20146312763000512,0.0,0.0,0.0,0.0,0.0,0.0,0.0,0.0,0.0,0.0
2,0.7508250825082509,0.5594059405940595,0.7128712871287128,0.41254125412541254,0.7475247524752475,0.27887788778877887,0.7821782178217822,0.18976897689768976,0.8036303630363036,0.10066006600660066,0.9620462046204621,0.27887788778877887,0.8712871287128713,0.16831683168316833,0.768976897689769,0.17326732673267325,0.6996699669966997,0.19801980198019803,1.0,0.33663366336633666,0.8795379537953796,0.22277227722772278,0.8085808580858086,0.2838283828382838,0.8003300330033003,0.334983498349835,0.9983498349834984,0.39933993399339934,0.8432343234323433,0.3069306930693069,0.7854785478547854,0.3712871287128713,0.801980198019802,0.41254125412541254,0.9686468646864687,0.46204620462046203,0.8267326732673267,0.38943894389438943,0.7821782178217822,0.4306930693069307,0.7986798679867987,0.4636963696369637,0.16697749495506287,0.07318945229053497,-0.027177661657333374,-0.016140788793563843,-0.01728108525276184,0.004411846399307251,-0.03835158050060272,0.04171052575111389,0.45532307028770447,0.6951686441898346,-0.31468409299850464,0.05273252725601196,-0.036903977394104004,-0.8145472705364227,-0.05955225229263306,-0.3272010087966919,-0.09985432028770447,-0.22433531085650127,-0.12407307028770448,-0.528501977523168,-0.09985432028770447,0.15302513738473256,0.0,0.0,0.0,0.0,0.3051293315344718,0.1903374076526446,0.0,0.0,0.0,0.0,0.0,0.0,0.0,0.0,0.0,0.0
2,0.7345276872964169,0.5374592833876222,0.7052117263843648,0.40716612377850164,0.754071661237785,0.2768729641693811,0.7931596091205212,0.18892508143322476,0.8094462540716613,0.09771986970684039,0.9592833876221498,0.2719869706840391,0.8762214983713354,0.16775244299674266,0.7719869706840391,0.1758957654723127,0.6986970684039088,0.1986970684039088,1.0,0.3355048859934853,0.8794788273615635,0.2247557003257329,0.7996742671009772,0.2931596091205212,0.7964169381107492,0.34527687296416937,1.0,0.4022801302931596,0.8452768729641694,0.31107491856677527,0.7817589576547231,0.3745928338762215,0.7996742671009772,0.41205211726384366,0.9706840390879479,0.46579804560260585,0.8322475570032574,0.38925081433224756,0.7833876221498371,0.42671009771986973,0.8013029315960912,0.4576547231270358,0.16744226217269897,0.07421693205833435,-0.026967883110046387,-0.016020923852920532,-0.017335593700408936,0.00438082218170166,-0.038474589586257935,0.041648879647254944,0.4544571042060852,0.6958202123641968,-0.3133730888366699,0.05140542984008789,-0.03731265664100647,-0.8117609024047852,-0.058932870626449585,-0.32775622606277466,-0.1021133542060852,-0.23748687903086346,-0.11930085420608522,-0.5263757679197523,-0.1021133542060852,0.13988966246445972,0.0,0.0,0.0,0.0,0.28939972404911996,0.16655604329319473,0.0,0.0,0.0,0.0,0.0,0.0,0.0,0.0,0.0,0.0
2,0.738562091503268,0.5555555555555556,0.7091503267973857,0.42483660130718953,0.7549019607843137,0.2957516339869281,0.7859477124183006,0.20588235294117646,0.8055555555555556,0.119281045751634,0.9607843137254902,0.29411764705882354,0.8774509803921569,0.19117647058823528,0.7712418300653595,0.1977124183006536,0.7026143790849673,0.21568627450980393,1.0,0.35947712418300654,0.8839869281045751,0.24673202614379086,0.803921568627451,0.31209150326797386,0.7973856209150327,0.36437908496732024,0.9983660130718954,0.42810457516339867,0.8480392156862745,0.3333333333333333,0.7826797385620915,0.3954248366013072,0.7990196078431373,0.43137254901960786,0.9689542483660131,0.4918300653594771,0.8300653594771242,0.4166666666666667,0.7794117647058824,0.45588235294117646,0.795751633986928,0.4852941176470588,0.1671038269996643,0.074276864528656,-0.026974618434906006,-0.015713155269622803,-0.017050176858901978,0.004665791988372803,-0.038313448429107666,0.04140643775463104,0.4534832537174225,0.6962489485740662,-0.31198281049728394,0.05075430870056152,-0.037470489740371704,-0.8104152083396912,-0.05796179175376892,-0.3280892074108124,-0.10035825371742246,-0.22402672635184395,-0.11754575371742249,-0.5129156152407328,-0.10035825371742246,0.1530786438120736,0.0,0.0,0.0,0.0,0.28939972404911996,0.16491593502448448,0.0,0.0,0.0,0.0,0.0,0.0,0.0,0.0,0.0,0.0
2,0.7356902356902357,0.5976430976430976,0.6986531986531986,0.4562289562289562,0.7390572390572391,0.32154882154882153,0.7760942760942761,0.234006734006734,0.8063973063973064,0.14814814814814814,0.9646464646464646,0.32996632996632996,0.8636363636363636,0.22053872053872053,0.7491582491582491,0.2255892255892256,0.6683501683501684,0.24579124579124578,1.0,0.39730639730639733,0.8754208754208754,0.2828282828282828,0.803030303030303,0.3501683501683502,0.7946127946127947,0.4074074074074074,0.9949494949494949,0.4696969696969697,0.8316498316498316,0.37037037037037035,0.7727272727272727,0.4292929292929293,0.7895622895622896,0.4696969696969697,0.9595959595959596,0.5387205387205387,0.8148148148148148,0.45286195286195285,0.765993265993266,0.4898989898989899,0.7794612794612794,0.5218855218855218,0.16663464903831482,0.07327473163604736,-0.027336716651916504,-0.015423029661178589,-0.016727358102798462,0.004766732454299927,-0.03873215615749359,0.04085221886634827,0.4532383233308792,0.6964592933654785,-0.31193599104881287,0.05019581317901611,-0.03567260503768921,-0.8091197609901428,-0.057720914483070374,-0.3282809555530548,-0.11183207333087919,-0.20340373780992294,-0.1430820733308792,-0.49368151558770074,-0.11183207333087919,0.1736863661143515,0.0,0.0,0.0,0.0,0.29195504923122145,0.15930862910099317,0.0,0.0,0.0,0.0,0.0,0.0,0.0,0.0,0.0,0.0
2,0.7495462794918331,0.6969147005444646,0.6950998185117967,0.5372050816696915,0.7295825771324864,0.38656987295825773,0.7586206896551724,0.2813067150635209,0.7749546279491834,0.17422867513611615,0.9709618874773139,0.38294010889292196,0.8493647912885662,0.26860254083484575,0.7223230490018149,0.27223230490018147,0.631578947368421,0.29038112522686027,1.0,0.4500907441016334,0.8493647912885662,0.33575317604355714,0.7803992740471869,0.41379310344827586,0.7731397459165155,0.4791288566243194,0.9836660617059891,0.52994555353902,0.7985480943738656,0.43738656987295826,0.7477313974591652,0.5081669691470054,0.7713248638838476,0.5499092558983666,0.9364791288566243,0.6061705989110708,0.7822141560798548,0.5245009074410163,0.7404718693284936,0.5626134301270418,0.7604355716878403,0.5952813067150635,0.16668292880058289,0.0722569078207016,-0.027141600847244263,-0.015858501195907593,-0.017101436853408813,0.005067497491836548,-0.03869521617889404,0.04133039712905884,0.4525661766529083,0.6959857642650604,-0.3106171488761902,0.05034381151199341,-0.03515219688415527,-0.8088368475437164,-0.05705893039703369,-0.32762324810028076,-0.12990992665290835,-0.1626524309317271,-0.18069117665290835,-0.4737635420428382,-0.12990992665290835,0.21386991639931996,0.0,0.0,0.0,0.0,0.3152282646089221,0.1669758281663555,0.0,0.0,0.0,0.0,0.0,0.0,0.0,0.0,0.0,0.0
2,0.757700205338809,0.8069815195071869,0.702258726899384,0.6242299794661191,0.7268993839835729,0.45790554414784396,0.7392197125256673,0.33675564681724846,0.7453798767967146,0.21560574948665298,0.9815195071868583,0.44763860369609854,0.8213552361396304,0.33675564681724846,0.6858316221765913,0.3490759753593429,0.6016427104722792,0.3675564681724846,1.0,0.5359342915811088,0.8090349075975359,0.4127310061601643,0.7659137577002053,0.49075975359342916,0.7823408624229979,0.5482546201232033,0.9691991786447639,0.6344969199178645,0.75564681724846,0.5256673511293635,0.731006160164271,0.5913757700205339,0.7741273100616016,0.6242299794661191,0.9096509240246407,0.7268993839835729,0.7330595482546202,0.6303901437371663,0.7166324435318275,0.6673511293634496,0.7597535934291582,0.6960985626283368,0.16604292392730713,0.07155998051166534,-0.0269182026386261,-0.015804767608642578,-0.016962796449661255,0.004926532506942749,-0.038768470287323,0.04087232053279877,0.4549494981765747,0.6970725655555725,-0.3153122663497925,0.04824566841125488,-0.03262336552143097,-0.820252001285553,-0.05969211459159851,-0.3276785910129547,-0.16666824817657472,-0.15123923222223923,-0.2260432481765747,-0.4484614544444614,-0.16666824817657472,0.22714310785134628,0.0,0.0,0.0,0.0,0.3030947706703565,0.17525093616012433,0.0,0.0,0.0,0.0,0.0,0.0,0.0,0.0,0.0,0.0
2,0.8105515587529976,0.9640287769784173,0.7410071942446043,0.7601918465227818,0.7386091127098321,0.565947242206235,0.7122302158273381,0.42206235011990406,0.6930455635491607,0.2853717026378897,0.9928057553956835,0.539568345323741,0.7889688249400479,0.4244604316546763,0.6306954436450839,0.4580335731414868,0.5419664268585132,0.486810551558753,1.0,0.6498800959232613,0.7482014388489209,0.5275779376498801,0.7002398081534772,0.6139088729016786,0.7242206235011991,0.6738609112709832,0.9592326139088729,0.7673860911270983,0.6930455635491607,0.6666666666666666,0.6786570743405276,0.7314148681055156,0.7410071942446043,0.7601918465227818,0.894484412470024,0.8752997601918465,0.6834532374100719,0.7769784172661871,0.6762589928057554,0.8033573141486811,0.7338129496402878,0.8201438848920863,0.16568365693092346,0.07093565165996552,-0.027059823274612427,-0.015402734279632568,-0.016465306282043457,0.004724383354187012,-0.03872197866439819,0.04089464247226715,0.4581664502620697,0.6980190873146057,-0.32017213106155396,0.04623544216156006,-0.0294773131608963,-0.8189526796340942,-0.063569575548172,-0.327384889125824,-0.19410395026206972,-0.13968575398127236,-0.2816039502620697,-0.41607464287016127,-0.19410395026206972,0.2411085774501165,0.0,0.0,0.0,0.0,0.28990872339623475,0.17039273863074805,0.0,0.0,0.0,0.0,0.0,0.0,0.0,0.0,0.0,0.0
2,0.7554479418886199,1.0,0.6876513317191283,0.8038740920096852,0.6610169491525424,0.6198547215496368,0.612590799031477,0.48426150121065376,0.5883777239709443,0.35108958837772397,0.8837772397094431,0.5835351089588378,0.6828087167070218,0.47699757869249393,0.5351089588377724,0.5108958837772397,0.4406779661016949,0.5472154963680388,0.8910411622276029,0.6900726392251816,0.6368038740920097,0.5786924939467313,0.6077481840193705,0.6610169491525424,0.6440677966101694,0.7142857142857143,0.8547215496368039,0.7966101694915254,0.585956416464891,0.7021791767554479,0.5883777239709443,0.7699757869249395,0.6513317191283293,0.7990314769975787,0.7990314769975787,0.9007263922518159,0.576271186440678,0.8135593220338984,0.576271186440678,0.8523002421307506,0.6368038740920097,0.87409200968523,0.16679775714874268,0.07155923545360565,-0.02796110510826111,-0.015636742115020752,-0.016619324684143066,0.004289954900741577,-0.0388619601726532,0.041238561272621155,0.45876458287239075,0.7001907825469971,-0.31999605894088745,0.041796326637268066,-0.028885871171951294,-0.8165342807769775,-0.06527537107467651,-0.32932087779045105,-0.21501458287239075,-0.126579671435886,-0.3165770828723907,-0.3863018936581082,-0.21501458287239075,0.2561534053749508,0.0,0.0,0.0,0.0,0.278873760189623,0.1677828114184661,0.0,0.0,0.0,0.0,0.0,0.0,0.0,0.0,0.0,0.0
2,0.735224586288416,1.0,0.6572104018912529,0.806146572104019,0.6099290780141844,0.6288416075650118,0.5460992907801419,0.4988179669030733,0.5035460992907801,0.36879432624113473,0.8226950354609929,0.5910165484633569,0.607565011820331,0.4846335697399527,0.46808510638297873,0.5130023640661938,0.37825059101654845,0.5484633569739953,0.8250591016548463,0.6926713947990544,0.5697399527186762,0.5768321513002365,0.5484633569739953,0.6572104018912529,0.5957446808510638,0.7044917257683215,0.789598108747045,0.7966903073286052,0.5295508274231678,0.6997635933806147,0.5390070921985816,0.7683215130023641,0.6099290780141844,0.7943262411347518,0.7375886524822695,0.8959810874704491,0.5224586288416075,0.806146572104019,0.5271867612293144,0.8368794326241135,0.5886524822695035,0.8557919621749409,0.16704237461090088,0.07203054428100586,-0.027471482753753662,-0.015763074159622192,-0.016703397035598755,0.004153341054916382,-0.0389987975358963,0.040799304842948914,0.4602484107017517,0.6989060342311859,-0.3200058937072754,0.039394915103912354,-0.027833059430122375,-0.8111425936222076,-0.07044419646263123,-0.32542291283607483,-0.2172796607017517,-0.11140603423118589,-0.3352484107017517,-0.37668381200896367,-0.2172796607017517,0.2732690811157227,0.0,0.0,0.0,0.0,0.2903255506483688,0.17962586587208726,0.0,0.0,0.0,0.0,0.0,0.0,0.0,0.0,0.0,0.0
2,0.7769607843137255,1.0,0.6862745098039216,0.8063725490196079,0.6323529411764706,0.6225490196078431,0.5784313725490197,0.4852941176470588,0.5245098039215687,0.3553921568627451,0.8578431372549019,0.5735294117647058,0.6446078431372549,0.4632352941176471,0.4950980392156863,0.49019607843137253,0.4019607843137255,0.5294117647058824,0.8602941176470589,0.678921568627451,0.6053921568627451,0.553921568627451,0.5759803921568627,0.6348039215686274,0.6200980392156863,0.6862745098039216,0.8186274509803921,0.7843137254901961,0.5514705882352942,0.6862745098039216,0.5563725490196079,0.7598039215686274,0.625,0.7916666666666666,0.7598039215686274,0.8848039215686274,0.5392156862745098,0.7916666666666666,0.5416666666666666,0.8333333333333334,0.6029411764705882,0.8602941176470589,0.1668483316898346,0.07258132100105286,-0.027828097343444824,-0.015406638383865356,-0.016553759574890137,0.004098355770111084,-0.03875152766704559,0.04089866578578949,0.46157337725162506,0.6995604038238525,-0.3214903771877289,0.03825032711029053,-0.026465579867362976,-0.8109342455863953,-0.0747787207365036,-0.325079083442688,-0.21391712725162507,-0.1328937371571859,-0.33344837725162507,-0.39956040382385255,-0.21391712725162507,0.2542758251229922,0.0,0.0,0.0,0.0,0.2922307835216434,0.1846752237621629,0.0,0.0,0.0,0.0,0.0,0.0,0.0,0.0,0.0,0.0
2,0.8333333333333334,1.0,0.7578125,0.7864583333333334,0.7109375,0.5911458333333334,0.65625,0.453125,0.6015625,0.3203125,0.9401041666666666,0.5416666666666666,0.7135416666666666,0.4270833333333333,0.5651041666666666,0.4635416666666667,0.4817708333333333,0.5130208333333334,0.9479166666666666,0.6588541666666666,0.6770833333333334,0.5364583333333334,0.6458333333333334,0.625,0.6953125,0.6770833333333334,0.9114583333333334,0.7760416666666666,0.6302083333333334,0.6692708333333334,0.6302083333333334,0.7447916666666666,0.703125,0.7786458333333334,0.8515625,0.8854166666666666,0.625,0.7838541666666666,0.6197916666666666,0.828125,0.6796875,0.8541666666666666,0.16620546579360962,0.07147446274757385,-0.02843618392944336,-0.01538020372390747,-0.016558796167373657,0.004007458686828613,-0.03854113817214966,0.04047638177871704,0.46151627600193024,0.6992098093032837,-0.3213617503643036,0.03794574737548828,-0.02529546618461609,-0.8090381622314453,-0.07560522854328156,-0.324528306722641,-0.21151627600193024,-0.16587647596995037,-0.31698502600193024,-0.42559869819217255,-0.21151627600193024,0.22153104295333226,0.0,0.0,0.0,0.0,0.28031997778005735,0.17712981501210628,0.0,0.0,0.0,0.0,0.0,0.0,0.0,0.0,0.0,0.0
2,0.8427835051546392,0.9304123711340206,0.7628865979381443,0.7242268041237113,0.7396907216494846,0.5257731958762887,0.711340206185567,0.38144329896907214,0.6726804123711341,0.23711340206185566,0.9896907216494846,0.47680412371134023,0.7757731958762887,0.3427835051546392,0.6288659793814433,0.38917525773195877,0.5515463917525774,0.44329896907216493,1.0,0.5850515463917526,0.7396907216494846,0.4329896907216495,0.6932989690721649,0.5309278350515464,0.7371134020618557,0.5902061855670103,0.9639175257731959,0.6958762886597938,0.6907216494845361,0.5695876288659794,0.6778350515463918,0.654639175257732,0.7448453608247423,0.6907216494845361,0.8994845360824743,0.7963917525773195,0.6778350515463918,0.6881443298969072,0.6623711340206185,0.7345360824742269,0.7164948453608248,0.7577319587628866,0.16651389002799988,0.07021479308605194,-0.02781924605369568,-0.01587843894958496,-0.016987740993499756,0.004595577716827393,-0.03851357102394104,0.04103732109069824,0.46091000735759735,0.698296457529068,-0.3202078640460968,0.03819936513900757,-0.02152007818222046,-0.8063322007656097,-0.07532574236392975,-0.32361164689064026,-0.20544125735759733,-0.1969075686401791,-0.29372250735759736,-0.45940756864017906,-0.20544125735759733,0.18990353130631976,0.0,0.0,0.0,0.0,0.2769473399431063,0.1861104835512326,0.0,0.0,0.0,0.0,0.0,0.0,0.0,0.0,0.0,0.0
2,0.8309859154929577,0.7887323943661971,0.7464788732394366,0.5985915492957746,0.7394366197183099,0.4225352112676056,0.7112676056338029,0.2887323943661972,0.687793427230047,0.16901408450704225,0.9882629107981221,0.38028169014084506,0.7816901408450704,0.2676056338028169,0.6431924882629108,0.2981220657276995,0.5774647887323944,0.3333333333333333,1.0,0.47417840375586856,0.7605633802816901,0.3380281690140845,0.704225352112676,0.4272300469483568,0.7206572769953051,0.48826291079812206,0.9647887323943662,0.5704225352112676,0.7112676056338029,0.4624413145539906,0.6807511737089202,0.539906103286385,0.7276995305164319,0.5751173708920188,0.903755868544601,0.6572769953051644,0.7018779342723005,0.5657276995305164,0.6784037558685446,0.6103286384976526,0.7253521126760564,0.636150234741784,0.16640639305114746,0.06991812586784363,-0.02799510955810547,-0.01568782329559326,-0.0167427659034729,0.00472182035446167,-0.03885120153427124,0.04104025661945343,0.4604739397764206,0.6995247900485992,-0.3207525312900543,0.04222291707992554,-0.023257121443748474,-0.8138826191425323,-0.07481174170970917,-0.3248525857925415,-0.1839114397764206,-0.23285812338193257,-0.2682864397764206,-0.502302567826377,-0.1839114397764206,0.15431014249722164,0.0,0.0,0.0,0.0,0.2823463285877387,0.1815301762054107,0.0,0.0,0.0,0.0,0.0,0.0,0.0,0.0,0.0,0.0
2,0.8099762470308789,0.8171021377672208,0.7244655581947743,0.6199524940617577,0.7173396674584323,0.4418052256532066,0.7173396674584323,0.31353919239904987,0.7007125890736342,0.18527315914489312,0.9809976247030879,0.39667458432304037,0.7957244655581948,0.25653206650831356,0.6603325415676959,0.28978622327790976,0.5866983372921615,0.342042755344418,1.0,0.47743467933491684,0.7600950118764845,0.33966745843230406,0.7030878859857482,0.43705463182897863,0.7315914489311164,0.501187648456057,0.9714964370546318,0.5676959619952494,0.7149643705463183,0.45605700712589076,0.6912114014251781,0.5463182897862233,0.7434679334916865,0.5914489311163895,0.9144893111638955,0.6532066508313539,0.7054631828978623,0.5653206650831354,0.6864608076009501,0.6199524940617577,0.7292161520190024,0.6484560570071259,0.16640639305114746,0.06991812586784363,-0.02799510955810547,-0.01568782329559326,-0.0167427659034729,0.00472182035446167,-0.03885120153427124,0.04104025661945343,0.4604739397764206,0.6995247900485992,-0.3207525312900543,0.04222291707992554,-0.023257121443748474,-0.8138826191425323,-0.07481174170970917,-0.3248525857925415,-0.19406768977642058,-0.22174701227082144,-0.26750518977642057,-0.49952479004859923,-0.19406768977642058,0.16542125360833276,0.0,0.0,0.0,0.0,0.287321353598041,0.1865126597158449,0.0,0.0,0.0,0.0,0.0,0.0,0.0,0.0,0.0,0.0
2,0.7815126050420168,0.6932773109243697,0.707983193277311,0.5021008403361344,0.7226890756302521,0.34243697478991597,0.7394957983193278,0.22899159663865545,0.7373949579831933,0.11554621848739496,0.9705882352941176,0.3130252100840336,0.8172268907563025,0.18907563025210083,0.6890756302521008,0.21008403361344538,0.6092436974789915,0.25210084033613445,1.0,0.37815126050420167,0.7941176470588235,0.25840336134453784,0.7415966386554622,0.3487394957983193,0.7689075630252101,0.4117647058823529,0.9831932773109243,0.453781512605042,0.7605042016806722,0.36134453781512604,0.7352941176470589,0.4411764705882353,0.7836134453781513,0.4810924369747899,0.9369747899159664,0.5294117647058824,0.7542016806722689,0.453781512605042,0.7310924369747899,0.5042016806722689,0.773109243697479,0.5357142857142857,0.16601639986038208,0.07016745209693909,-0.02746349573135376,-0.015619754791259766,-0.016682356595993042,0.00456508994102478,-0.038402050733566284,0.04090815782546997,0.46222858130931854,0.7008112370967865,-0.3244296610355377,0.044888198375701904,-0.023273080587387085,-0.8256591260433197,-0.07649417221546173,-0.3261454999446869,-0.17160358130931852,-0.24247790376345318,-0.23566608130931854,-0.5341445704301199,-0.17160358130931852,0.14617480089267093,0.0,0.0,0.0,0.0,0.2986192364043121,0.1861701327690947,0.0,0.0,0.0,0.0,0.0,0.0,0.0,0.0,0.0,0.0
2,0.7892644135188867,0.6540755467196819,0.7157057654075547,0.4711729622266402,0.7296222664015904,0.31809145129224653,0.7435387673956262,0.21272365805168986,0.7455268389662028,0.10934393638170974,0.9622266401590457,0.28429423459244535,0.8230616302186878,0.1749502982107356,0.709741550695825,0.19284294234592445,0.6361829025844931,0.23260437375745527,1.0,0.34592445328031807,0.8131212723658051,0.24254473161033796,0.7594433399602386,0.3260437375745527,0.7813121272365805,0.3817097415506958,0.9920477137176938,0.41749502982107356,0.7852882703777336,0.3379721669980119,0.7475149105367793,0.4135188866799205,0.7833001988071571,0.44930417495029823,0.952286282306163,0.49105367793240556,0.7852882703777336,0.4254473161033797,0.7514910536779325,0.4711729622266402,0.7793240556660039,0.4970178926441352,0.16558292508125305,0.07005514204502106,-0.027152925729751587,-0.014310568571090698,-0.015312492847442627,0.004274159669876099,-0.03778320550918579,0.040510207414627075,0.46124234795570374,0.7011506855487823,-0.32324928045272827,0.04495769739151001,-0.02885894477367401,-0.8354489505290985,-0.07542982697486877,-0.32734718918800354,-0.1510860979557037,-0.24420624110433792,-0.21124234795570374,-0.5386506855487824,-0.1510860979557037,0.14408401515748764,0.0,0.0,0.0,0.0,0.3005267130859751,0.19030343754396392,0.0,0.0,0.0,0.0,0.0,0.0,0.0,0.0,0.0,0.0
2,0.7647058823529411,0.5919117647058824,0.7040441176470589,0.4375,0.7297794117647058,0.2959558823529412,0.7647058823529411,0.20036764705882354,0.7757352941176471,0.10294117647058823,0.9613970588235294,0.2775735294117647,0.8400735294117647,0.17279411764705882,0.7334558823529411,0.18566176470588236,0.6599264705882353,0.21875,1.0,0.33639705882352944,0.8382352941176471,0.23345588235294118,0.7738970588235294,0.30514705882352944,0.7830882352941176,0.3602941176470588,1.0,0.40441176470588236,0.8161764705882353,0.31985294117647056,0.7683823529411765,0.38786764705882354,0.7977941176470589,0.42830882352941174,0.96875,0.4742647058823529,0.8125,0.40625,0.7757352941176471,0.45036764705882354,0.8069852941176471,0.4797794117647059,0.16560283303260803,0.06878924369812012,-0.02788025140762329,-0.013463228940963745,-0.014490634202957153,0.004221618175506592,-0.0375351756811142,0.04140721261501312,0.4583113342523575,0.7024136483669281,-0.3191196620464325,0.04592186212539673,-0.031465768814086914,-0.832846611738205,-0.07214395701885223,-0.332141637802124,-0.13331133425235747,-0.25519142614470586,-0.1778425842523575,-0.5371358705891504,-0.13331133425235747,0.1320873765481843,0.0,0.0,0.0,0.0,0.28543948917353557,0.17517429935995182,0.0,0.0,0.0,0.0,0.0,0.0,0.0,0.0,0.0,0.0
2,0.7592267135325131,0.5905096660808435,0.7100175746924429,0.44991212653778556,0.7416520210896309,0.3181019332161687,0.773286467486819,0.23022847100175747,0.7855887521968365,0.13884007029876977,0.9525483304042179,0.3110720562390158,0.8576449912126538,0.2056239015817223,0.7504393673110721,0.21616871704745166,0.671353251318102,0.2460456942003515,0.9947275922671354,0.36731107205623903,0.859402460456942,0.27240773286467485,0.7961335676625659,0.3427065026362039,0.7961335676625659,0.39718804920913886,1.0,0.4358523725834798,0.8347978910369068,0.3602811950790861,0.7873462214411248,0.4235500878734622,0.8066783831282952,0.46221441124780316,0.9736379613356766,0.5026362038664324,0.8295254833040422,0.44112478031634444,0.7926186291739895,0.48154657293497366,0.8137082601054482,0.5114235500878734,0.1665424406528473,0.0688956081867218,-0.026775896549224854,-0.015343844890594482,-0.016665905714035034,0.004805505275726318,-0.03841577470302582,0.04125264286994934,0.45506422221660614,0.7017079591751099,-0.3135181963443756,0.047307372093200684,-0.033772751688957214,-0.8231450319290161,-0.06652198731899261,-0.3341809809207916,-0.11756422221660612,-0.2350412925084432,-0.15662672221660612,-0.5072635147306654,-0.11756422221660612,0.14907368073860805,0.0,0.0,0.0,0.0,0.27501057648362354,0.15365615647210024,0.0,0.0,0.0,0.0,0.0,0.0,0.0,0.0,0.0,0.0
2,0.7525951557093425,0.6176470588235294,0.7179930795847751,0.48961937716262977,0.7474048442906575,0.36505190311418684,0.7750865051903114,0.28027681660899656,0.7958477508650519,0.19550173010380623,0.9653979238754326,0.3685121107266436,0.8737024221453287,0.2629757785467128,0.7698961937716263,0.27335640138408307,0.7006920415224913,0.3027681660899654,1.0,0.4273356401384083,0.8771626297577855,0.3235294117647059,0.8062283737024222,0.38408304498269896,0.7993079584775087,0.4359861591695502,0.9982698961937716,0.49480968858131485,0.8494809688581315,0.41522491349480967,0.7975778546712803,0.4688581314878893,0.8166089965397924,0.5034602076124568,0.967128027681661,0.5588235294117647,0.8408304498269896,0.4930795847750865,0.801038062283737,0.527681660899654,0.8200692041522492,0.5570934256055363,0.16667598485946655,0.07019807398319244,-0.026085227727890015,-0.015346109867095947,-0.016718566417694092,0.00503462553024292,-0.038182467222213745,0.041454970836639404,0.4538397043943405,0.701411247253418,-0.31212082505226135,0.04803109169006348,-0.03488093614578247,-0.8174152374267578,-0.06340108811855316,-0.33490821719169617,-0.11399595439434052,-0.20557791392008462,-0.13743345439434052,-0.4583556916978624,-0.11399595439434052,0.17682825376590094,0.0,0.0,0.0,0.0,0.25386201240934336,0.14735096674326104,0.0,0.0,0.0,0.0,0.0,0.0,0.0,0.0,0.0,0.0
2,0.7482876712328768,0.6695205479452054,0.7157534246575342,0.535958904109589,0.7534246575342466,0.4143835616438356,0.7825342465753424,0.3304794520547945,0.8065068493150684,0.2482876712328767,0.9623287671232876,0.4092465753424658,0.8698630136986302,0.3099315068493151,0.761986301369863,0.3253424657534247,0.690068493150685,0.3544520547945205,1.0,0.4743150684931507,0.8767123287671232,0.3732876712328767,0.8082191780821918,0.4332191780821918,0.803082191780822,0.4811643835616438,0.9948630136986302,0.5462328767123288,0.8458904109589042,0.4674657534246575,0.7928082191780822,0.5154109589041096,0.8133561643835616,0.5428082191780822,0.964041095890411,0.613013698630137,0.8373287671232876,0.5496575342465754,0.797945205479452,0.5753424657534246,0.8167808219178082,0.5993150684931506,0.16697528958320618,0.06940652430057526,-0.025394588708877563,-0.01639723777770996,-0.01774144172668457,0.004989326000213623,-0.038433849811553955,0.04168160259723663,0.45377612113952637,0.703540563583374,-0.3122943639755249,0.04446578025817871,-0.0345381498336792,-0.8130708336830139,-0.06161487102508545,-0.33764052391052246,-0.11236987113952634,-0.1604850080278185,-0.1389323711395264,-0.41604056358337405,-0.11236987113952634,0.22209270927641123,0.0,0.0,0.0,0.0,0.25693230311029136,0.154809719923253,0.0,0.0,0.0,0.0,0.0,0.0,0.0,0.0,0.0,0.0
2,0.7431506849315068,0.696917808219178,0.7123287671232876,0.5633561643835616,0.75,0.4452054794520548,0.7842465753424658,0.3664383561643836,0.8047945205479452,0.2876712328767123,0.9623287671232876,0.4452054794520548,0.875,0.351027397260274,0.7688356164383562,0.363013698630137,0.7003424657534246,0.3886986301369863,1.0,0.5154109589041096,0.8852739726027398,0.4160958904109589,0.809931506849315,0.4606164383561644,0.8013698630136986,0.4982876712328767,0.9948630136986302,0.5907534246575342,0.8458904109589042,0.5136986301369864,0.785958904109589,0.5547945205479452,0.8013698630136986,0.583904109589041,0.9606164383561644,0.6592465753424658,0.8304794520547946,0.5941780821917808,0.7893835616438356,0.6164383561643836,0.809931506849315,0.6386986301369864,0.16736450791358948,0.06862175464630127,-0.025701701641082764,-0.016285449266433716,-0.01751655340194702,0.005055636167526245,-0.038754820823669434,0.041904836893081665,0.4533730745315552,0.7047051787376404,-0.313464879989624,0.0433046817779541,-0.03516365587711334,-0.812019407749176,-0.05934712290763855,-0.3394817113876343,-0.11431057453155519,-0.1394274009598626,-0.1338418245315552,-0.3894274009598626,-0.11431057453155519,0.24259874986277685,0.0,0.0,0.0,0.0,0.25076177883912554,0.1632861186069005,0.0,0.0,0.0,0.0,0.0,0.0,0.0,0.0,0.0,0.0
2,0.7347972972972973,0.6942567567567568,0.7263513513513513,0.5692567567567568,0.7635135135135135,0.46114864864864863,0.7922297297297297,0.38344594594594594,0.8057432432432432,0.30574324324324326,0.9712837837837838,0.46790540540540543,0.8783783783783784,0.38006756756756754,0.777027027027027,0.3902027027027027,0.7128378378378378,0.41216216216216217,1.0,0.5388513513513513,0.8783783783783784,0.44594594594594594,0.8040540540540541,0.49155405405405406,0.793918918918919,0.5304054054054054,0.9898648648648649,0.6114864864864865,0.8496621621621622,0.5337837837837838,0.7905405405405406,0.5692567567567568,0.8006756756756757,0.5929054054054054,0.9543918918918919,0.6790540540540541,0.8344594594594594,0.6148648648648649,0.793918918918919,0.6334459459459459,0.8091216216216216,0.652027027027027,0.16677182912826538,0.06900708377361298,-0.025394588708877563,-0.01564726233482361,-0.016627460718154907,0.004892200231552124,-0.03894686698913574,0.04135778546333313,0.4533272236585617,0.704886794090271,-0.3137613832950592,0.04306793212890625,-0.03533317148685455,-0.8062517046928406,-0.05768994987010956,-0.3406127393245697,-0.1134834736585617,-0.1340534607569377,-0.12363972365856168,-0.3659979052013821,-0.1134834736585617,0.24723491122325258,0.0,0.0,0.0,0.0,0.23216669598093617,0.1374691158935574,0.0,0.0,0.0,0.0,0.0,0.0,0.0,0.0,0.0,0.0
2,0.7284552845528456,0.6617886178861788,0.7268292682926829,0.5544715447154471,0.7739837398373983,0.45691056910569106,0.8048780487804879,0.3853658536585366,0.8292682926829268,0.31382113821138213,0.9691056910569106,0.46016260162601624,0.8943089430894309,0.37886178861788616,0.7934959349593496,0.38699186991869916,0.7252032520325203,0.4065040650406504,1.0,0.5252032520325203,0.9008130081300812,0.45203252032520325,0.8227642276422764,0.4861788617886179,0.8032520325203252,0.5170731707317073,0.991869918699187,0.5967479674796748,0.8699186991869918,0.5333333333333333,0.8032520325203252,0.5626016260162602,0.8048780487804879,0.5869918699186992,0.9626016260162602,0.6634146341463415,0.8536585365853658,0.6130081300813008,0.7983739837398374,0.6227642276422765,0.7934959349593496,0.6373983739837399,0.1661563217639923,0.06920655071735382,-0.024843066930770874,-0.015471130609512329,-0.016331255435943604,0.004918783903121948,-0.039069607853889465,0.04111066460609436,0.45335860550403595,0.704882949590683,-0.3138384521007538,0.043071210384368896,-0.0352938175201416,-0.8037551939487457,-0.05732382833957672,-0.34102359414100647,-0.10335860550403597,-0.13960517181290522,-0.10492110550403594,-0.3576607273684608,-0.10335860550403597,0.24149821715222464,0.0,0.0,0.0,0.0,0.21806115361267805,0.1287292146188015,0.0,0.0,0.0,0.0,0.0,0.0,0.0,0.0,0.0,0.0
2,0.7298136645962733,0.6195652173913043,0.7267080745341615,0.5186335403726708,0.781055900621118,0.42391304347826086,0.8198757763975155,0.35403726708074534,0.84472049689441,0.2857142857142857,0.968944099378882,0.422360248447205,0.906832298136646,0.34937888198757766,0.8152173913043478,0.35714285714285715,0.7546583850931677,0.37422360248447206,1.0,0.48757763975155277,0.9239130434782609,0.4114906832298137,0.8354037267080745,0.4363354037267081,0.8059006211180124,0.45962732919254656,0.9937888198757764,0.5559006211180124,0.8819875776397516,0.4922360248447205,0.812111801242236,0.5139751552795031,0.812111801242236,0.532608695652174,0.9627329192546584,0.6180124223602484,0.8618012422360248,0.5636645962732919,0.8090062111801242,0.5729813664596274,0.812111801242236,0.5885093167701864,0.16655683517456055,0.06995466351509094,-0.025449633598327637,-0.015650540590286255,-0.016763627529144287,0.004809439182281494,-0.038941577076911926,0.04112432897090912,0.4533444344997406,0.7048501670360565,-0.3140639662742615,0.04231363534927368,-0.032076895236968994,-0.7934955060482025,-0.05721446871757507,-0.34103116393089294,-0.0861569344997406,-0.15068350036938982,-0.07365693449974059,-0.3701279448138343,-0.0861569344997406,0.23034881750742597,0.0,0.0,0.0,0.0,0.2198001687841274,0.1480889802681859,0.0,0.0,0.0,0.0,0.0,0.0,0.0,0.0,0.0,0.0
2,0.7435508345978755,0.6024279210925645,0.7329286798179059,0.49165402124430957,0.7860394537177542,0.3899848254931715,0.8254931714719271,0.3216995447647951,0.8528072837632777,0.251896813353566,0.9666160849772383,0.3945371775417299,0.9059180576631259,0.3141122913505311,0.8179059180576631,0.3156297420333839,0.7556904400606981,0.3262518968133536,1.0,0.4537177541729894,0.9195751138088012,0.37177541729893776,0.8406676783004552,0.41122913505311076,0.8209408194233687,0.44613050075872535,0.9954476479514416,0.5174506828528073,0.8877086494688923,0.44613050075872535,0.8209408194233687,0.48103186646433993,0.8270106221547799,0.5068285280728376,0.9681335356600911,0.575113808801214,0.8710166919575114,0.5174506828528073,0.8224582701062215,0.5356600910470409,0.8300455235204856,0.5569044006069803,0.166366845369339,0.06933534145355225,-0.025791645050048828,-0.01568785309791565,-0.01670926809310913,0.004994064569473267,-0.03900274634361267,0.041085049510002136,0.453557088971138,0.7062549293041229,-0.3145075738430023,0.03950577974319458,-0.02953563630580902,-0.7921574413776398,-0.05743451416492462,-0.34239792823791504,-0.070744588971138,-0.154866040415234,-0.06449458897113802,-0.4076438181930118,-0.070744588971138,0.22697868131928978,0.0,0.0,0.0,0.0,0.25285503245589486,0.14850056023251615,0.0,0.0,0.0,0.0,0.0,0.0,0.0,0.0,0.0,0.0
2,0.7477477477477478,0.575075075075075,0.7387387387387387,0.46546546546546547,0.7897897897897898,0.36486486486486486,0.8258258258258259,0.2972972972972973,0.8483483483483484,0.22822822822822822,0.963963963963964,0.36786786786786785,0.9039039039039038,0.2852852852852853,0.8138138138138138,0.2912912912912913,0.7522522522522522,0.3033033033033033,1.0,0.42492492492492495,0.9234234234234234,0.34384384384384387,0.8408408408408409,0.38738738738738737,0.8258258258258259,0.4189189189189189,0.9984984984984985,0.4894894894894895,0.8963963963963963,0.42342342342342343,0.8243243243243243,0.45645645645645644,0.8288288288288288,0.47897897897897895,0.9744744744744744,0.5495495495495496,0.8783783783783784,0.4984984984984985,0.8258258258258259,0.512012012012012,0.8348348348348348,0.5285285285285285,0.16629591584205627,0.06900067627429962,-0.02593126893043518,-0.01585271954536438,-0.016922950744628906,0.0050928592681884766,-0.03888492286205292,0.041678473353385925,0.45405735075473785,0.708464115858078,-0.3154993951320648,0.03736621141433716,-0.029510125517845154,-0.7907945811748505,-0.05791042745113373,-0.34457293152809143,-0.06499485075473788,-0.17651967141363356,-0.06265110075473784,-0.42790856030252244,-0.06499485075473788,0.2066676002409723,0.0,0.0,0.0,0.0,0.251399814281659,0.15004861930675736,0.0,0.0,0.0,0.0,0.0,0.0,0.0,0.0,0.0,0.0
2,0.7488721804511278,0.556390977443609,0.7398496240601504,0.46015037593984964,0.7879699248120301,0.362406015037594,0.8240601503759398,0.29473684210526313,0.843609022556391,0.22556390977443608,0.956390977443609,0.34887218045112783,0.9037593984962407,0.28421052631578947,0.8180451127819549,0.30526315789473685,0.7684210526315789,0.3293233082706767,0.9969924812030075,0.4120300751879699,0.9383458646616541,0.3458646616541353,0.8511278195488722,0.37593984962406013,0.8300751879699249,0.4,1.0,0.48120300751879697,0.9037593984962407,0.43007518796992483,0.8315789473684211,0.45263157894736844,0.8345864661654135,0.4691729323308271,0.9804511278195489,0.5458646616541354,0.8902255639097745,0.5067669172932331,0.8330827067669173,0.5097744360902255,0.8315789473684211,0.5157894736842106,0.166164368391037,0.06904520094394684,-0.02564290165901184,-0.01579931378364563,-0.01673915982246399,0.00486910343170166,-0.03910870850086212,0.04143664240837097,0.45408423244953156,0.7086009979248047,-0.31555768847465515,0.037735700607299805,-0.03061850368976593,-0.7868688702583313,-0.05787254869937897,-0.3446224629878998,-0.06502173244953158,-0.19471210903591585,-0.054865482449531544,-0.40443433125813805,-0.06502173244953158,0.18852466427617598,0.0,0.0,0.0,0.0,0.2099679973421894,0.1504791769219721,0.0,0.0,0.0,0.0,0.0,0.0,0.0,0.0,0.0,0.0
2,0.7425595238095238,0.5461309523809523,0.7336309523809523,0.46577380952380953,0.7797619047619048,0.37648809523809523,0.8184523809523809,0.3169642857142857,0.8407738095238095,0.2544642857142857,0.9538690476190477,0.34672619047619047,0.8958333333333334,0.31845238095238093,0.8065476190476191,0.34970238095238093,0.7604166666666666,0.37648809523809523,0.9955357142857143,0.4166666666666667,0.9255952380952381,0.39285714285714285,0.8422619047619048,0.4181547619047619,0.8303571428571429,0.43005952380952384,1.0,0.4895833333333333,0.9032738095238095,0.47619047619047616,0.8333333333333334,0.4851190476190476,0.8392857142857143,0.4836309523809524,0.9851190476190477,0.5595238095238095,0.8988095238095238,0.5461309523809523,0.8422619047619048,0.5476190476190477,0.8452380952380952,0.5446428571428571,0.1659097671508789,0.06966403126716614,-0.025287151336669922,-0.01548805832862854,-0.01647016406059265,0.004780024290084839,-0.039166346192359924,0.04103110730648041,0.45419277250766754,0.7084777355194092,-0.3154310882091522,0.038216590881347656,-0.03149048984050751,-0.7866641283035278,-0.05793951451778412,-0.34444355964660645,-0.06434902250766755,-0.198755513297187,-0.05497402250766753,-0.3570888466305203,-0.06434902250766755,0.18445311172140966,0.0,0.0,0.0,0.0,0.1586106398368169,0.11773166481526369,0.0,0.0,0.0,0.0,0.0,0.0,0.0,0.0,0.0,0.0
2,0.7342143906020558,0.5491923641703378,0.7268722466960352,0.47723935389133626,0.775330396475771,0.4023494860499266,0.8193832599118943,0.355359765051395,0.8443465491923642,0.2966226138032305,0.9632892804698973,0.37298091042584436,0.8986784140969163,0.3656387665198238,0.8046989720998532,0.3935389133627019,0.7577092511013216,0.4155653450807636,1.0,0.447870778267254,0.9177679882525698,0.4434654919236417,0.8223201174743024,0.4552129221732746,0.801762114537445,0.4581497797356828,0.9985315712187959,0.5256975036710719,0.9060205580029369,0.5286343612334802,0.8267254038179148,0.5227606461086637,0.8237885462555066,0.5110132158590308,0.9779735682819384,0.5976505139500734,0.8942731277533039,0.5976505139500734,0.8281938325991189,0.5829662261380323,0.8223201174743024,0.5653450807635829,0.1659110188484192,0.06965142488479614,-0.02539849281311035,-0.015547513961791992,-0.016545861959457397,0.005136549472808838,-0.03921741247177124,0.04109027981758118,0.4545261412858963,0.7093377411365509,-0.3160817325115204,0.03755158185958862,-0.03206987679004669,-0.7862299382686615,-0.05825583636760712,-0.34529566764831543,-0.0639011412858963,-0.18989329669210642,-0.05140114128589629,-0.31628218558099536,-0.0639011412858963,0.1939034920599726,0.0,0.0,0.0,0.0,0.12700551655171485,0.09330931016270633,0.0,0.0,0.0,0.0,0.0,0.0,0.0,0.0,0.0,0.0
2,0.7363112391930836,0.5518731988472623,0.7247838616714697,0.4884726224783862,0.7723342939481268,0.4250720461095101,0.8170028818443804,0.39337175792507206,0.8487031700288185,0.3414985590778098,0.9654178674351584,0.3976945244956772,0.8890489913544669,0.4106628242074928,0.7896253602305475,0.43948126801152737,0.7363112391930836,0.4610951008645533,1.0,0.4755043227665706,0.9077809798270894,0.49135446685878964,0.8097982708933718,0.4884726224783862,0.7824207492795389,0.47982708933717577,0.9956772334293948,0.5518731988472623,0.8847262247838616,0.569164265129683,0.8054755043227666,0.5504322766570605,0.8025936599423631,0.5302593659942363,0.9726224783861671,0.6195965417867435,0.8818443804034583,0.6268011527377522,0.8198847262247838,0.6066282420749279,0.8170028818443804,0.5835734870317003,0.1652223765850067,0.06945031881332397,-0.02697575092315674,-0.015505403280258179,-0.016439437866210938,0.004351586103439331,-0.0390501469373703,0.040812283754348755,0.45453816652297974,0.7105510830879211,-0.3160872459411621,0.03529787063598633,-0.032413363456726074,-0.7908968329429626,-0.058709174394607544,-0.34643158316612244,-0.055319416522979725,-0.1786066386434767,-0.055319416522979725,-0.2661066386434767,-0.055319416522979725,0.20602349009778764,0.0,0.0,0.0,0.0,0.08750000000000002,0.07380739030881342,0.0,0.0,0.0,0.0,0.0,0.0,0.0,0.0,0.0,0.0
2,0.7400568181818182,0.5838068181818182,0.7315340909090909,0.5184659090909091,0.7585227272727273,0.4474431818181818,0.7954545454545454,0.40767045454545453,0.8323863636363636,0.3778409090909091,0.96875,0.4147727272727273,0.8792613636363636,0.4303977272727273,0.7855113636363636,0.4602272727272727,0.7244318181818182,0.48295454545454547,1.0,0.4900568181818182,0.8963068181818182,0.5,0.7911931818181818,0.5028409090909091,0.7414772727272727,0.5071022727272727,0.9957386363636364,0.5639204545454546,0.8948863636363636,0.5809659090909091,0.8110795454545454,0.5653409090909091,0.7784090909090909,0.5553977272727273,0.96875,0.6349431818181818,0.8863636363636364,0.6463068181818182,0.8196022727272727,0.625,0.7954545454545454,0.6036931818181818,0.16511794924736023,0.06983682513237,-0.026207029819488525,-0.015287458896636963,-0.016072481870651245,0.004712909460067749,-0.03879860043525696,0.04083254933357239,0.45453351736068726,0.7112555205821991,-0.3162050247192383,0.03398925065994263,-0.03213074803352356,-0.7934968769550323,-0.05919146537780762,-0.34707051515579224,-0.047502267360687245,-0.1404221872488658,-0.056096017360687256,-0.2390332983599769,-0.047502267360687245,0.24480130573113756,0.0,0.0,0.0,0.0,0.09898486638688966,0.07500406890004364,0.0,0.0,0.0,0.0,0.0,0.0,0.0,0.0,0.0,0.0
2,0.7531914893617021,0.6056737588652482,0.7390070921985815,0.5432624113475177,0.7574468085106383,0.4666666666666667,0.7872340425531915,0.4226950354609929,0.8312056737588652,0.3943262411347518,0.9645390070921985,0.41418439716312055,0.8822695035460993,0.4269503546099291,0.798581560283688,0.46382978723404256,0.7390070921985815,0.48936170212765956,1.0,0.48652482269503544,0.8921985815602836,0.4921985815602837,0.7843971631205674,0.5035460992907801,0.7219858156028369,0.5163120567375886,1.0,0.5602836879432624,0.8879432624113475,0.5702127659574469,0.8070921985815603,0.5617021276595745,0.7702127659574468,0.5546099290780142,0.9744680851063829,0.6326241134751773,0.875177304964539,0.6354609929078014,0.8127659574468085,0.6156028368794326,0.7914893617021277,0.5985815602836879,0.16575348377227783,0.070632204413414,-0.02631869912147522,-0.015456855297088623,-0.01644265651702881,0.004860192537307739,-0.03813989460468292,0.0410776287317276,0.4543270617723465,0.7106951475143433,-0.3158101737499237,0.032984018325805664,-0.031311050057411194,-0.7922211289405823,-0.05998142063617706,-0.3461601436138153,-0.039483311772346485,-0.1176395919587877,-0.047295811772346485,-0.23152848084767658,-0.039483311772346485,0.26769869211647246,0.0,0.0,0.0,0.0,0.11415653362202129,0.08917208170862675,0.0,0.0,0.0,0.0,0.0,0.0,0.0,0.0,0.0,0.0
2,0.748587570621469,0.6129943502824858,0.7274011299435028,0.5508474576271186,0.7344632768361582,0.481638418079096,0.7669491525423728,0.4449152542372881,0.8163841807909604,0.423728813559322,0.9364406779661016,0.4209039548022599,0.8531073446327684,0.4576271186440678,0.7810734463276836,0.4971751412429379,0.7259887005649718,0.519774011299435,0.9858757062146892,0.4844632768361582,0.882768361581921,0.518361581920904,0.7853107344632768,0.538135593220339,0.7231638418079096,0.5522598870056498,1.0,0.5536723163841808,0.8912429378531074,0.5903954802259888,0.8149717514124294,0.5932203389830508,0.7725988700564972,0.5932203389830508,0.9872881355932204,0.6228813559322034,0.9011299435028248,0.6412429378531074,0.8403954802259888,0.6412429378531074,0.8121468926553672,0.6412429378531074,0.16599410772323608,0.07054416835308075,-0.026564210653305054,-0.015308082103729248,-0.016224712133407593,0.004647284746170044,-0.0381813645362854,0.041457563638687134,0.45425353944301605,0.7096777856349945,-0.315564900636673,0.0309332013130188,-0.02958625555038452,-0.7917458713054657,-0.06039021909236908,-0.3448231816291809,-0.04019103944301605,-0.10690000785721676,-0.05269103944301606,-0.19856667452388344,-0.04019103944301605,0.27813399450646503,0.0,0.0,0.0,0.0,0.0925150137965605,0.06135550287798556,0.0,0.0,0.0,0.0,0.0,0.0,0.0,0.0,0.0,0.0
2,0.7885714285714286,0.5971428571428572,0.7614285714285715,0.5528571428571428,0.7471428571428571,0.49,0.7557142857142857,0.45714285714285713,0.7985714285714286,0.45,0.9214285714285714,0.4157142857142857,0.84,0.4471428571428571,0.7742857142857142,0.48714285714285716,0.7257142857142858,0.5142857142857142,0.9771428571428571,0.46714285714285714,0.8685714285714285,0.5085714285714286,0.7657142857142857,0.5428571428571428,0.7057142857142857,0.5671428571428572,1.0,0.5328571428571428,0.8871428571428571,0.5828571428571429,0.8028571428571428,0.5914285714285714,0.7614285714285715,0.5914285714285714,0.9971428571428571,0.6014285714285714,0.8985714285714286,0.6428571428571429,0.8271428571428572,0.6442857142857142,0.7957142857142857,0.6342857142857142,0.16603195667266846,0.07086481153964996,-0.02614733576774597,-0.015279531478881836,-0.01622384786605835,0.004552006721496582,-0.0383073091506958,0.04127742350101471,0.4536195695400238,0.7068089842796326,-0.31402724981307983,0.025813579559326172,-0.027252167463302612,-0.7889851927757263,-0.06012663245201111,-0.3417414724826813,-0.02236956954002378,-0.12625342872407697,-0.056744569540023826,-0.20680898427963257,-0.02236956954002378,0.2572143796417449,0.0,0.0,0.0,0.0,0.08758332121964894,0.05388800516529117,0.0,0.0,0.0,0.0,0.0,0.0,0.0,0.0,0.0,0.0
2,0.8320950965824666,0.6136701337295691,0.7815750371471025,0.5676077265973254,0.7488855869242199,0.512630014858841,0.7399702823179792,0.48439821693907875,0.7488855869242199,0.4576523031203566,0.9257057949479941,0.4323922734026746,0.8707280832095097,0.45319465081723626,0.8216939078751857,0.48291233283803864,0.7756315007429421,0.5022288261515602,0.9836552748885586,0.4962852897473997,0.8588410104011887,0.524517087667162,0.75037147102526,0.5557206537890045,0.6775631500742942,0.575037147102526,1.0,0.5720653789004457,0.8974739970282318,0.5988112927191679,0.8469539375928677,0.6106983655274889,0.8187221396731055,0.6136701337295691,0.9925705794947994,0.6448736998514116,0.9153046062407132,0.6686478454680534,0.8662704309063893,0.674591381872214,0.8410104011887073,0.674591381872214,0.16628500819206238,0.07072776556015015,-0.02575838565826416,-0.01526784896850586,-0.016274988651275635,0.004360407590866089,-0.038217976689338684,0.0415264368057251,0.4532777667045593,0.7066307067871094,-0.31324613094329834,0.025574445724487305,-0.0279352068901062,-0.7900635600090027,-0.06010556221008301,-0.3415980339050293,-0.015777766704559326,-0.1330195956759983,-0.045465266704559304,-0.23718626234266493,-0.015777766704559326,0.2503485388225979,0.0,0.0,0.0,0.0,0.10831455165717317,0.08891329959954815,0.0,0.0,0.0,0.0,0.0,0.0,0.0,0.0,0.0,0.0
2,0.8752025931928687,0.6726094003241491,0.8346839546191248,0.6110210696920584,0.7990275526742301,0.5364667747163695,0.7585089141004863,0.49108589951377635,0.7309562398703403,0.4473257698541329,0.965964343598055,0.45705024311183146,0.8152350081037277,0.47974068071312803,0.7163695299837926,0.5218800648298217,0.6596434359805511,0.5510534846029174,1.0,0.539708265802269,0.8152350081037277,0.5623987034035657,0.7244732576985413,0.580226904376013,0.6774716369529984,0.5818476499189628,0.9951377633711507,0.6304700162074555,0.826580226904376,0.6515397082658023,0.7957860615883307,0.6418152350081038,0.807131280388979,0.6191247974068071,0.9675850891410048,0.7082658022690438,0.839546191247974,0.713128038897893,0.8168557536466775,0.6969205834683955,0.833063209076175,0.6742301458670988,0.1668063998222351,0.07052180171012878,-0.026132583618164062,-0.015324234962463379,-0.016323000192642212,0.004551231861114502,-0.038380786776542664,0.0416441410779953,0.45117002725601196,0.7027919292449951,-0.3075982332229614,0.0295943021774292,-0.04214027523994446,-0.7911896109580994,-0.05934464931488037,-0.3376833498477936,-0.029295027256011963,-0.12640304035610628,-0.13320127725601194,-0.2305697070227729,-0.029295027256011963,0.25466524892383147,0.0,0.0,0.0,0.0,0.14712988558925386,0.12301973570244482,0.0,0.0,0.0,0.0,0.0,0.0,0.0,0.0,0.0,0.0
2,0.9007220216606499,0.7472924187725631,0.8628158844765343,0.6407942238267148,0.8303249097472925,0.5595667870036101,0.7689530685920578,0.516245487364621,0.7111913357400722,0.48194945848375453,0.9765342960288809,0.5180505415162455,0.7689530685920578,0.5108303249097473,0.7472924187725631,0.5487364620938628,0.7906137184115524,0.5595667870036101,1.0,0.6119133574007221,0.7635379061371841,0.6137184115523465,0.7906137184115524,0.6371841155234657,0.855595667870036,0.6335740072202166,0.9909747292418772,0.7111913357400722,0.7707581227436823,0.6985559566787004,0.8014440433212996,0.7075812274368231,0.8628158844765343,0.6967509025270758,0.9620938628158845,0.8014440433212996,0.7978339350180506,0.7815884476534296,0.8158844765342961,0.7743682310469314,0.8646209386281588,0.7635379061371841,0.1667391061782837,0.0701262354850769,-0.025842368602752686,-0.015301913022994995,-0.016290634870529175,0.004707038402557373,-0.03843235969543457,0.04158979654312134,0.45105910301208496,0.7002772390842438,-0.3046630620956421,0.033743321895599365,-0.03935930132865906,-0.7938279807567596,-0.05980449914932251,-0.3345567584037781,-0.06121535301208497,-0.12527723908424382,-0.10887160301208498,-0.2697216835286882,-0.06121535301208497,0.2547636300325393,0.0,0.0,0.0,0.0,0.15210297727173744,0.08965333081688874,0.0,0.0,0.0,0.0,0.0,0.0,0.0,0.0,0.0,0.0
2,0.9308300395256917,0.7924901185770751,0.883399209486166,0.6679841897233202,0.8379446640316206,0.5830039525691699,0.7707509881422925,0.5296442687747036,0.7075098814229249,0.48023715415019763,0.9841897233201581,0.567193675889328,0.7312252964426877,0.541501976284585,0.7015810276679841,0.575098814229249,0.7529644268774703,0.5909090909090909,1.0,0.6739130434782609,0.7154150197628458,0.6482213438735178,0.733201581027668,0.66600790513834,0.7964426877470355,0.6699604743083004,0.9822134387351779,0.7766798418972332,0.7154150197628458,0.7450592885375494,0.7430830039525692,0.741106719367589,0.808300395256917,0.7351778656126482,0.9466403162055336,0.8675889328063241,0.7490118577075099,0.8300395256916996,0.7569169960474308,0.8023715415019763,0.8023715415019763,0.7845849802371542,0.1665356457233429,0.06985996663570404,-0.026047319173812866,-0.015359967947006226,-0.016378700733184814,0.004613935947418213,-0.03852169215679169,0.041474878787994385,0.45167461037635803,0.7008002996444702,-0.30323880910873413,0.03276240825653076,-0.03957253694534302,-0.8025106191635132,-0.06048521399497986,-0.33480578660964966,-0.08370586037635802,-0.14385585520002575,-0.15401836037635802,-0.2855225218666924,-0.08370586037635802,0.23678690161969929,0.0,0.0,0.0,0.0,0.1581559107358762,0.10117998360244052,0.0,0.0,0.0,0.0,0.0,0.0,0.0,0.0,0.0,0.0
2,0.9874739039665971,0.7807933194154488,0.9269311064718163,0.6597077244258872,0.8475991649269311,0.55741127348643,0.7369519832985386,0.4989561586638831,0.6450939457202505,0.4509394572025052,1.0,0.6116910229645094,0.7306889352818372,0.5845511482254697,0.6325678496868476,0.5741127348643006,0.6200417536534447,0.5720250521920668,1.0,0.7286012526096033,0.7181628392484343,0.6910229645093946,0.6826722338204593,0.6659707724425887,0.697286012526096,0.6430062630480167,0.9749478079331941,0.8308977035490606,0.7118997912317327,0.7891440501043842,0.6743215031315241,0.7494780793319415,0.6847599164926931,0.7223382045929019,0.9373695198329853,0.9144050104384134,0.7411273486430062,0.8768267223382046,0.6993736951983298,0.824634655532359,0.6910229645093946,0.7933194154488518,0.16580727696418762,0.07010333240032196,-0.02742907404899597,-0.015250325202941895,-0.01618129014968872,0.004478484392166138,-0.038519829511642456,0.04106348752975464,0.45165935158729553,0.7015257775783539,-0.30319923162460327,0.033576786518096924,-0.04350951313972473,-0.8170188367366791,-0.06035035848617554,-0.33462780714035034,-0.08212810158729555,-0.1820813331339094,-0.21962810158729554,-0.32097022202279835,-0.08212810158729555,0.19885673489835531,0.0,0.0,0.0,0.0,0.19543892513209885,0.14211045111757364,0.0,0.0,0.0,0.0,0.0,0.0,0.0,0.0,0.0,0.0
2,1.0,0.8312236286919831,0.9324894514767933,0.6814345991561181,0.8333333333333334,0.5654008438818565,0.7194092827004219,0.5084388185654009,0.6265822784810127,0.4282700421940928,0.9978902953586498,0.6075949367088608,0.7194092827004219,0.5675105485232067,0.5970464135021097,0.5590717299578059,0.5443037974683544,0.5632911392405063,0.9852320675105485,0.740506329113924,0.6877637130801688,0.6772151898734177,0.6814345991561181,0.6582278481012658,0.7320675105485233,0.6624472573839663,0.9493670886075949,0.8502109704641351,0.6729957805907173,0.7763713080168776,0.6814345991561181,0.7489451476793249,0.7341772151898734,0.7489451476793249,0.9029535864978903,0.930379746835443,0.689873417721519,0.8502109704641351,0.6877637130801688,0.8059071729957806,0.7215189873417721,0.7890295358649789,0.16569030284881592,0.06962548196315765,-0.026888877153396606,-0.015197664499282837,-0.016015440225601196,0.004478275775909424,-0.0387563556432724,0.04069302976131439,0.4506687819957733,0.7026634812355042,-0.30348044633865356,0.03618597984313965,-0.0428309440612793,-0.8149875998497009,-0.05924510955810547,-0.33575090765953064,-0.08035628199577333,-0.15544125901328187,-0.2491062819957733,-0.3318301479021708,-0.08035628199577333,0.22551303638352294,0.0,0.0,0.0,0.0,0.24410981672898122,0.1489632148011991,0.0,0.0,0.0,0.0,0.0,0.0,0.0,0.0,0.0,0.0
2,1.0,0.7983367983367984,0.9521829521829522,0.6465696465696466,0.8316008316008316,0.5467775467775468,0.7047817047817048,0.49272349272349275,0.6070686070686071,0.41995841995842,0.9688149688149689,0.6153846153846154,0.7110187110187111,0.5634095634095634,0.6070686070686071,0.5322245322245323,0.5488565488565489,0.5322245322245323,0.9521829521829522,0.7484407484407485,0.6652806652806653,0.6611226611226612,0.6902286902286903,0.6382536382536382,0.7567567567567568,0.6424116424116424,0.9147609147609148,0.8503118503118503,0.6486486486486487,0.7442827442827443,0.683991683991684,0.7172557172557172,0.7525987525987526,0.7234927234927235,0.8586278586278586,0.9230769230769231,0.656964656964657,0.817047817047817,0.6902286902286903,0.7817047817047817,0.7463617463617463,0.7837837837837838,0.16555973887443542,0.06921453773975372,-0.026671260595321655,-0.015474319458007812,-0.016361892223358154,0.004694104194641113,-0.03854857385158539,0.040984317660331726,0.450700581073761,0.7026031911373138,-0.30282557010650635,0.036360204219818115,-0.04381135106086731,-0.814446359872818,-0.05934417247772217,-0.3363804221153259,-0.07491933107376098,-0.16926985780398052,-0.244450581073761,-0.3470476355817583,-0.07491933107376098,0.2117038240035375,0.0,0.0,0.0,0.0,0.24565378685900088,0.13858498108924702,0.0,0.0,0.0,0.0,0.0,0.0,0.0,0.0,0.0,0.0
2,1.0,0.8104166666666667,0.95625,0.6708333333333333,0.8354166666666667,0.5645833333333333,0.7020833333333333,0.5083333333333333,0.6041666666666666,0.43333333333333335,0.9729166666666667,0.6208333333333333,0.7145833333333333,0.56875,0.6041666666666666,0.54375,0.5395833333333333,0.5375,0.9625,0.7479166666666667,0.6583333333333333,0.6583333333333333,0.6791666666666667,0.65,0.75,0.6708333333333333,0.925,0.8479166666666667,0.6458333333333334,0.7458333333333333,0.6708333333333333,0.7270833333333333,0.7416666666666667,0.7458333333333333,0.8708333333333333,0.9270833333333334,0.65625,0.8354166666666667,0.6770833333333334,0.7979166666666667,0.7354166666666667,0.80625,0.16594058275222778,0.06890030205249786,-0.02661457657814026,-0.01564270257949829,-0.01656457781791687,0.004847496747970581,-0.03866113722324371,0.04101268947124481,0.45080433785915375,0.7027358412742615,-0.3027400076389313,0.03610551357269287,-0.04185684025287628,-0.8147034645080566,-0.059742048382759094,-0.33663973212242126,-0.07580433785915375,-0.16245806349648373,-0.24846058785915376,-0.34440250794092814,-0.07580433785915375,0.21878088133202656,0.0,0.0,0.0,0.0,0.2508265566646802,0.1320923878191059,0.0,0.0,0.0,0.0,0.0,0.0,0.0,0.0,0.0,0.0
2,1.0,0.7925311203319502,0.970954356846473,0.6576763485477178,0.8506224066390041,0.549792531120332,0.7199170124481328,0.4896265560165975,0.6265560165975104,0.4170124481327801,0.9854771784232366,0.6099585062240664,0.7365145228215768,0.5560165975103735,0.6286307053941909,0.5311203319502075,0.5663900414937759,0.5269709543568465,0.970954356846473,0.7365145228215768,0.6804979253112033,0.6473029045643154,0.7074688796680498,0.6556016597510373,0.7821576763485477,0.6867219917012448,0.9315352697095436,0.8381742738589212,0.6618257261410788,0.7365145228215768,0.6970954356846473,0.7344398340248963,0.7697095435684648,0.7614107883817427,0.8692946058091287,0.91701244813278,0.6721991701244814,0.8257261410788381,0.6970954356846473,0.8008298755186722,0.7531120331950207,0.8153526970954357,0.16684022545814514,0.06963241100311279,-0.026042938232421875,-0.015988290309906006,-0.017138302326202393,0.005157589912414551,-0.03882706165313721,0.04151874780654907,0.45087818801403046,0.7017122805118561,-0.3026886284351349,0.03746610879898071,-0.03844650089740753,-0.8156091272830963,-0.05979178845882416,-0.3359059989452362,-0.07431568801403043,-0.17115672495630052,-0.23759693801403045,-0.3489345027340783,-0.07431568801403043,0.2095953095290396,0.0,0.0,0.0,0.0,0.24138290095441192,0.10838121187583027,0.0,0.0,0.0,0.0,0.0,0.0,0.0,0.0,0.0,0.0
2,0.98,0.772,0.95,0.646,0.86,0.516,0.754,0.434,0.68,0.354,1.0,0.55,0.776,0.482,0.67,0.452,0.594,0.44,0.974,0.664,0.702,0.558,0.742,0.574,0.82,0.612,0.926,0.758,0.674,0.642,0.71,0.654,0.782,0.688,0.856,0.832,0.666,0.73,0.692,0.718,0.748,0.74,0.16701087355613708,0.07034075260162354,-0.025841355323791504,-0.01593482494354248,-0.01723647117614746,0.004952520132064819,-0.03858378529548645,0.041994839906692505,0.4504692107439041,0.7003660202026367,-0.30262503027915955,0.04228651523590088,-0.03676106035709381,-0.8165721893310547,-0.059165969491004944,-0.3351719081401825,-0.06765671074390411,-0.16425490909152562,-0.21843796074390412,-0.39481046464708114,-0.06765671074390411,0.2155110857552952,0.0,0.0,0.0,0.0,0.2754829387622641,0.12748305382420708,0.0,0.0,0.0,0.0,0.0,0.0,0.0,0.0,0.0,0.0
2,0.9074074074074074,0.7037037037037037,0.8777777777777778,0.5592592592592592,0.8148148148148148,0.43333333333333335,0.7481481481481481,0.35185185185185186,0.7074074074074074,0.25925925925925924,1.0,0.46296296296296297,0.7944444444444444,0.3648148148148148,0.6814814814814815,0.34629629629629627,0.6055555555555555,0.35,0.9685185185185186,0.562962962962963,0.7407407407407407,0.44814814814814813,0.7666666666666667,0.4777777777777778,0.8222222222222222,0.5148148148148148,0.9074074074074074,0.65,0.6833333333333333,0.524074074074074,0.7277777777777777,0.5537037037037037,0.7925925925925926,0.587037037037037,0.8333333333333334,0.7185185185185186,0.6666666666666666,0.6055555555555555,0.7,0.6222222222222222,0.7518518518518519,0.6555555555555556,0.16677546501159668,0.06941325962543488,-0.02632126212120056,-0.0155792236328125,-0.016715526580810547,0.004783183336257935,-0.03857073187828064,0.04159502685070038,0.4487535059452057,0.6992459297180176,-0.29950517416000366,0.04433035850524902,-0.03251276910305023,-0.81305992603302,-0.05741754174232483,-0.3343043029308319,-0.06594100594520569,-0.1714681519402398,-0.19328475594520567,-0.43674592971801757,-0.06594100594520569,0.20686358378993142,0.0,0.0,0.0,0.0,0.2942596303382075,0.14615385164508818,0.0,0.0,0.0,0.0,0.0,0.0,0.0,0.0,0.0,0.0
2,0.7809694793536804,0.6319569120287253,0.7450628366247756,0.4883303411131059,0.7576301615798923,0.3734290843806104,0.7594254937163375,0.29443447037701975,0.7630161579892281,0.20287253141831238,0.9856373429084381,0.3752244165170557,0.8312387791741472,0.2980251346499102,0.7055655296229802,0.3123877917414722,0.6265709156193896,0.3303411131059246,1.0,0.4649910233393178,0.8150807899461401,0.37163375224416517,0.7504488330341114,0.40933572710951527,0.7396768402154399,0.44165170556552963,0.9694793536804309,0.5547576301615799,0.7648114901256733,0.4757630161579892,0.7307001795332136,0.5044883303411131,0.7630161579892281,0.5224416517055656,0.9102333931777379,0.6337522441651705,0.7522441651705566,0.5565529622980251,0.7217235188509874,0.5565529622980251,0.7504488330341114,0.5637342908438061,0.16669297218322754,0.06988784670829773,-0.025735437870025635,-0.015345484018325806,-0.016345351934432983,0.004619687795639038,-0.03838227689266205,0.041494354605674744,0.4488086402416229,0.698509156703949,-0.2996225953102112,0.046335577964782715,-0.03329432010650635,-0.8126274943351746,-0.057390302419662476,-0.33416739106178284,-0.10896489024162292,-0.2096202678150601,-0.17615239024162294,-0.44295360114839344,-0.10896489024162292,0.16832946174674562,0.0,0.0,0.0,0.0,0.24281392999721918,0.1483147285087084,0.0,0.0,0.0,0.0,0.0,0.0,0.0,0.0,0.0,0.0
2,0.8108108108108109,0.6504504504504505,0.7801801801801802,0.4990990990990991,0.7801801801801802,0.3855855855855856,0.7765765765765765,0.3099099099099099,0.7693693693693694,0.2126126126126126,0.990990990990991,0.37117117117117115,0.8378378378378378,0.2972972972972973,0.7171171171171171,0.3081081081081081,0.6378378378378379,0.33693693693693694,1.0,0.46306306306306305,0.8108108108108109,0.36576576576576575,0.7297297297297297,0.3891891891891892,0.7063063063063063,0.4126126126126126,0.9675675675675676,0.5585585585585585,0.7549549549549549,0.4666666666666667,0.7243243243243244,0.5063063063063064,0.7621621621621621,0.5405405405405406,0.9099099099099099,0.645045045045045,0.7495495495495496,0.554954954954955,0.7189189189189189,0.5621621621621622,0.7531531531531531,0.5855855855855856,0.16669297218322754,0.06988784670829773,-0.025735437870025635,-0.015345484018325806,-0.016345351934432983,0.004619687795639038,-0.03838227689266205,0.041494354605674744,0.4488086402416229,0.698509156703949,-0.2996225953102112,0.046335577964782715,-0.03329432010650635,-0.8126274943351746,-0.057390302419662476,-0.33416739106178284,-0.09724614024162292,-0.1971202678150601,-0.17224614024162294,-0.43878693448172673,-0.09724614024162292,0.18082946174674563,0.0,0.0,0.0,0.0,0.2530371075114829,0.1888500298315071,0.0,0.0,0.0,0.0,0.0,0.0,0.0,0.0,0.0,0.0
2,0.7402826855123675,0.5918727915194346,0.6908127208480566,0.47703180212014135,0.726148409893993,0.35335689045936397,0.7614840989399293,0.26855123674911663,0.773851590106007,0.18197879858657243,0.9363957597173145,0.32332155477031804,0.8445229681978799,0.24911660777385158,0.7438162544169611,0.28091872791519434,0.6802120141342756,0.31448763250883394,0.991166077738516,0.38869257950530034,0.8763250883392226,0.3215547703180212,0.7897526501766784,0.3869257950530035,0.7756183745583038,0.42579505300353354,1.0,0.4664310954063604,0.8568904593639576,0.41519434628975266,0.7862190812720848,0.46819787985865724,0.7968197879858657,0.49469964664310956,0.9770318021201413,0.5424028268551236,0.8462897526501767,0.5017667844522968,0.7950530035335689,0.5353356890459364,0.8091872791519434,0.558303886925795,0.16679301857948303,0.06942236423492432,-0.026159942150115967,-0.015437096357345581,-0.016395747661590576,0.004487544298171997,-0.03875032067298889,0.04141592979431152,0.4478115439414978,0.6969651281833649,-0.29786956310272217,0.049438416957855225,-0.03280824422836304,-0.7992935478687286,-0.056025177240371704,-0.3329828083515167,-0.12046779394149781,-0.23168735040558708,-0.1470302939414978,-0.44974290596114264,-0.12046779394149781,0.1448078023062812,0.0,0.0,0.0,0.0,0.2196674571139111,0.13148723782717378,0.0,0.0,0.0,0.0,0.0,0.0,0.0,0.0,0.0,0.0
2,0.7548845470692718,0.6412078152753108,0.6998223801065719,0.5079928952042628,0.7317939609236235,0.3623445825932504,0.7566607460035524,0.26287744227353466,0.7619893428063943,0.17406749555950266,0.9236234458259325,0.3197158081705151,0.8419182948490231,0.23623445825932504,0.7442273534635879,0.27708703374777977,0.6873889875666075,0.31616341030195383,0.9822380106571936,0.3765541740674956,0.8756660746003553,0.30550621669627,0.7957371225577264,0.38010657193605685,0.7975133214920072,0.4191829484902309,1.0,0.4511545293072824,0.8703374777975134,0.3960923623445826,0.8046181172291297,0.4547069271758437,0.8206039076376554,0.48312611012433393,0.9911190053285968,0.5239786856127886,0.866785079928952,0.48134991119005327,0.8170515097690941,0.5168738898756661,0.8312611012433393,0.5381882770870338,0.16657906770706177,0.06914086639881134,-0.026755541563034058,-0.015470802783966064,-0.016585558652877808,0.004720360040664673,-0.038585782051086426,0.04143311083316803,0.44762301445007324,0.6962298452854156,-0.29801297187805176,0.050650060176849365,-0.03355446457862854,-0.7988692820072174,-0.05534866452217102,-0.33311009407043457,-0.11559176445007324,-0.19484095639652677,-0.14527926445007322,-0.4490076230631934,-0.11559176445007324,0.18094829850726657,0.0,0.0,0.0,0.0,0.255894591776955,0.17462067575529125,0.0,0.0,0.0,0.0,0.0,0.0,0.0,0.0,0.0,0.0
2,0.7455197132616488,0.6308243727598566,0.6935483870967742,0.503584229390681,0.7204301075268817,0.3655913978494624,0.7455197132616488,0.2724014336917563,0.7544802867383512,0.1827956989247312,0.9193548387096774,0.3207885304659498,0.8387096774193549,0.23835125448028674,0.7491039426523297,0.27419354838709675,0.6935483870967742,0.3154121863799283,0.9767025089605734,0.3781362007168459,0.8709677419354839,0.3046594982078853,0.7921146953405018,0.3781362007168459,0.7903225806451613,0.41935483870967744,1.0,0.45161290322580644,0.8673835125448028,0.3978494623655914,0.8010752688172043,0.45878136200716846,0.8207885304659498,0.4874551971326165,0.9910394265232975,0.525089605734767,0.8709677419354839,0.4838709677419355,0.8189964157706093,0.521505376344086,0.8369175627240143,0.546594982078853,0.16664546728134155,0.06861396133899689,-0.026437073945999146,-0.015569746494293213,-0.01660335063934326,0.004903942346572876,-0.039422497153282166,0.04121863842010498,0.4474406838417053,0.6956124007701874,-0.2979391813278198,0.05191093683242798,-0.034516990184783936,-0.7964721024036407,-0.05440366268157959,-0.3330504894256592,-0.12244068384170531,-0.2067235118812985,-0.1450969338417053,-0.4511679563257429,-0.12244068384170531,0.16828451984458498,0.0,0.0,0.0,0.0,0.24549214261115482,0.16504859171709724,0.0,0.0,0.0,0.0,0.0,0.0,0.0,0.0,0.0,0.0
2,0.7454873646209387,0.6534296028880866,0.6967509025270758,0.5324909747292419,0.7274368231046932,0.3898916967509025,0.7490974729241877,0.2888086642599278,0.7581227436823105,0.1967509025270758,0.9223826714801444,0.34115523465703973,0.8375451263537906,0.259927797833935,0.7454873646209387,0.29783393501805056,0.6877256317689531,0.33754512635379064,0.9783393501805054,0.3971119133574007,0.8646209386281588,0.3231046931407942,0.7888086642599278,0.4007220216606498,0.7942238267148014,0.44404332129963897,1.0,0.4693140794223827,0.8646209386281588,0.40974729241877256,0.8014440433212996,0.4747292418772563,0.8194945848375451,0.5036101083032491,0.9909747292418772,0.5415162454873647,0.8646209386281588,0.4981949458483754,0.8140794223826715,0.5379061371841155,0.8321299638989169,0.5631768953068592,0.1669461727142334,0.06854376196861267,-0.026204288005828857,-0.01572999358177185,-0.016902893781661987,0.005123764276504517,-0.03937704861164093,0.04136393964290619,0.4474777281284332,0.6959458589553833,-0.29871219396591187,0.05268120765686035,-0.035398826003074646,-0.7963894009590149,-0.05339500308036804,-0.3339565694332123,-0.12482147812843325,-0.19316808117760553,-0.14982147812843322,-0.43622363673316106,-0.12482147812843325,0.18150234984027014,0.0,0.0,0.0,0.0,0.24433788712850027,0.16248611144500716,0.0,0.0,0.0,0.0,0.0,0.0,0.0,0.0,0.0,0.0
2,0.7352415026833632,0.6744186046511628,0.6887298747763864,0.5491949910554562,0.7227191413237924,0.4150268336314848,0.7531305903398927,0.31663685152057247,0.7638640429338104,0.22361359570661896,0.9320214669051878,0.37209302325581395,0.8425760286225402,0.2898032200357782,0.7495527728085868,0.3220035778175313,0.6923076923076923,0.3559928443649374,0.9838998211091234,0.4347048300536673,0.8658318425760286,0.3595706618962433,0.7942754919499105,0.4293381037567084,0.8032200357781754,0.46869409660107336,1.0,0.5062611806797853,0.8622540250447227,0.4472271914132379,0.7960644007155635,0.5080500894454383,0.813953488372093,0.5348837209302325,0.9821109123434705,0.5796064400715564,0.855098389982111,0.5330948121645797,0.8067978533094812,0.5706618962432916,0.8246869409660107,0.5974955277280859,0.16715195775032043,0.06830815970897675,-0.025941580533981323,-0.015784144401550293,-0.016839027404785156,0.005264908075332642,-0.03955933451652527,0.041152387857437134,0.44729986786842346,0.6965338587760925,-0.29917556047439575,0.05381882190704346,-0.03585061430931091,-0.7960600256919861,-0.05244499444961548,-0.3349098861217499,-0.12620611786842345,-0.1729227476649814,-0.14495611786842344,-0.4201449698872036,-0.12620611786842345,0.2015666789478726,0.0,0.0,0.0,0.0,0.24793222795855693,0.16245779737474883,0.0,0.0,0.0,0.0,0.0,0.0,0.0,0.0,0.0,0.0
2,0.7264653641207816,0.6856127886323268,0.6909413854351687,0.5612788632326821,0.7317939609236235,0.42984014209591476,0.7673179396092362,0.33747779751332146,0.7779751332149201,0.25044404973357015,0.9378330373001776,0.3978685612788632,0.8525754884547069,0.31616341030195383,0.7584369449378331,0.35168738898756663,0.7015985790408525,0.38898756660746003,0.9893428063943162,0.46181172291296624,0.8738898756660746,0.38898756660746003,0.7975133214920072,0.4564831261101243,0.8028419182948491,0.4955595026642984,1.0,0.5364120781527532,0.8632326820603907,0.48312611012433393,0.7957371225577264,0.5364120781527532,0.8117229129662522,0.5630550621669627,0.9804618117229129,0.61101243339254,0.8579040852575488,0.5701598579040853,0.8046181172291297,0.5985790408525755,0.8188277087033747,0.6198934280639432,0.16694825887680054,0.06844852864742279,-0.02582874894142151,-0.015813112258911133,-0.016858786344528198,0.005292057991027832,-0.039332687854766846,0.04108743369579315,0.44775110483169556,0.698676198720932,-0.3007580041885376,0.0548362135887146,-0.03703311085700989,-0.7996282279491425,-0.0520816445350647,-0.3370996117591858,-0.12821985483169557,-0.1625650876098209,-0.13915735483169556,-0.39450953205426537,-0.12821985483169557,0.21281383401817744,0.0,0.0,0.0,0.0,0.23220218391499245,0.15236076392805828,0.0,0.0,0.0,0.0,0.0,0.0,0.0,0.0,0.0,0.0
2,0.7287234042553191,0.6985815602836879,0.6932624113475178,0.5691489361702128,0.7375886524822695,0.4379432624113475,0.7730496453900709,0.3475177304964539,0.7872340425531915,0.26063829787234044,0.9397163120567376,0.41134751773049644,0.8617021276595744,0.32978723404255317,0.7588652482269503,0.3617021276595745,0.7039007092198581,0.39893617021276595,0.9911347517730497,0.4787234042553192,0.8900709219858156,0.39893617021276595,0.8014184397163121,0.4574468085106383,0.7943262411347518,0.4946808510638298,1.0,0.5549645390070922,0.8687943262411347,0.49645390070921985,0.7943262411347518,0.5425531914893617,0.8102836879432624,0.5673758865248227,0.9787234042553191,0.6276595744680851,0.8546099290780141,0.5815602836879432,0.8014184397163121,0.6099290780141844,0.8209219858156028,0.6312056737588653,0.16672822833061218,0.06857524812221527,-0.0257282555103302,-0.01563364267349243,-0.016660362482070923,0.005086332559585571,-0.03942304849624634,0.04081432521343231,0.4484366774559021,0.6993352472782135,-0.302298903465271,0.054620444774627686,-0.036337316036224365,-0.7990117967128754,-0.052219510078430176,-0.33775264024734497,-0.1273429274559021,-0.15211302505599122,-0.13828042745590208,-0.3868352472782135,-0.1273429274559021,0.22366435362233061,0.0,0.0,0.0,0.0,0.23497691484737027,0.16231684928148232,0.0,0.0,0.0,0.0,0.0,0.0,0.0,0.0,0.0,0.0
2,0.7353463587921847,0.7015985790408525,0.6980461811722913,0.5719360568383659,0.7406749555950266,0.43872113676731794,0.7761989342806395,0.34991119005328597,0.7904085257548845,0.26465364120781526,0.9396092362344582,0.41207815275310833,0.8650088809946714,0.3321492007104796,0.7637655417406749,0.3641207815275311,0.7051509769094139,0.3996447602131439,0.9928952042628775,0.477797513321492,0.8969804618117229,0.3978685612788632,0.8028419182948491,0.4547069271758437,0.7904085257548845,0.4937833037300178,1.0,0.5577264653641207,0.872113676731794,0.4991119005328597,0.7975133214920072,0.5470692717584369,0.8117229129662522,0.5754884547069272,0.9786856127886323,0.6323268206039077,0.8561278863232682,0.5861456483126111,0.8028419182948491,0.6127886323268206,0.8241563055062167,0.6341030195381883,0.16697612404823303,0.06846886873245239,-0.025608479976654053,-0.015871495008468628,-0.016962170600891113,0.005377322435379028,-0.03930564224720001,0.04134799540042877,0.449135422706604,0.6995906829833984,-0.30377769470214844,0.05443394184112549,-0.035730570554733276,-0.7973321676254272,-0.05246514081954956,-0.33776119351387024,-0.12569792270660402,-0.15097957187228728,-0.13897917270660398,-0.38709068298339844,-0.12569792270660402,0.22504834002918672,0.0,0.0,0.0,0.0,0.2364843512617399,0.1642948503501023,0.0,0.0,0.0,0.0,0.0,0.0,0.0,0.0,0.0,0.0
2,0.7300177619893428,0.6909413854351687,0.6891651865008881,0.5630550621669627,0.7335701598579041,0.4280639431616341,0.7690941385435168,0.33747779751332146,0.7779751332149201,0.25044404973357015,0.9396092362344582,0.40319715808170514,0.8525754884547069,0.3197158081705151,0.7584369449378331,0.35346358792184723,0.7033747779751333,0.38543516873889877,0.9911190053285968,0.46714031971580816,0.8792184724689165,0.3925399644760213,0.8028419182948491,0.4547069271758437,0.8028419182948491,0.4937833037300178,1.0,0.5470692717584369,0.8632326820603907,0.4849023090586146,0.7957371225577264,0.5346358792184724,0.8134991119005328,0.5595026642984015,0.9786856127886323,0.6234458259325044,0.8561278863232682,0.5754884547069272,0.8046181172291297,0.6021314387211367,0.8206039076376554,0.6234458259325044,0.1666882336139679,0.06891454756259918,-0.02523067593574524,-0.015712827444076538,-0.01685190200805664,0.005260735750198364,-0.03924764692783356,0.04122205078601837,0.4490629583597183,0.7001444697380066,-0.30433186888694763,0.053920745849609375,-0.035751476883888245,-0.7968412637710571,-0.052300259470939636,-0.33820411562919617,-0.1279692083597183,-0.15986669196022885,-0.1396879583597183,-0.3987555808491177,-0.1279692083597183,0.21635567264424427,0.0,0.0,0.0,0.0,0.23917614917907343,0.15745908067708764,0.0,0.0,0.0,0.0,0.0,0.0,0.0,0.0,0.0,0.0
2,0.738819320214669,0.6744186046511628,0.6887298747763864,0.5384615384615384,0.7280858676207513,0.40608228980322003,0.7638640429338104,0.31663685152057247,0.778175313059034,0.22719141323792486,0.9391771019677997,0.3828264758497317,0.8497316636851521,0.295169946332737,0.7477638640429338,0.32021466905187834,0.6815742397137746,0.35062611806797855,0.9892665474060823,0.44364937388193204,0.8676207513416816,0.36493738819320215,0.7960644007155635,0.43828264758497315,0.7996422182468694,0.4847942754919499,1.0,0.518783542039356,0.855098389982111,0.45080500894454384,0.7906976744186046,0.5098389982110912,0.8067978533094812,0.5402504472271914,0.9803220035778175,0.590339892665474,0.8461538461538461,0.5366726296958855,0.7960644007155635,0.5706618962432916,0.8121645796064401,0.5957066189624329,0.16657572984695435,0.0688098818063736,-0.024576276540756226,-0.015555083751678467,-0.01679721474647522,0.005707204341888428,-0.03901754319667816,0.04120752215385437,0.44895146787166595,0.6995959579944611,-0.30457034707069397,0.05523020029067993,-0.0365193635225296,-0.7969739735126495,-0.05219493806362152,-0.33770835399627686,-0.12629521787166598,-0.17598484688334992,-0.15129521787166594,-0.42737373577223886,-0.12629521787166598,0.19991060114569137,0.0,0.0,0.0,0.0,0.25262892442630186,0.14959929519319065,0.0,0.0,0.0,0.0,0.0,0.0,0.0,0.0,0.0,0.0
2,0.7414104882459313,0.6690777576853526,0.6835443037974683,0.5316455696202531,0.7179023508137432,0.3887884267631103,0.7540687160940326,0.29294755877034356,0.7739602169981917,0.2007233273056058,0.9349005424954792,0.36528028933092227,0.8426763110307414,0.27124773960216997,0.7450271247739603,0.29475587703435807,0.6799276672694394,0.321880650994575,0.9873417721518988,0.4231464737793852,0.8625678119349005,0.33273056057866185,0.7848101265822784,0.40867992766726946,0.7884267631103075,0.4593128390596745,1.0,0.4936708860759494,0.8517179023508138,0.4177215189873418,0.7848101265822784,0.484629294755877,0.8028933092224232,0.5207956600361664,0.9819168173598554,0.5641952983725136,0.8444846292947559,0.5045207956600362,0.7920433996383364,0.546112115732369,0.8083182640144665,0.5750452079566004,0.16675186157226562,0.06824953854084015,-0.024176210165023804,-0.016099125146865845,-0.01726892590522766,0.0056059956550598145,-0.03912198543548584,0.04128275811672211,0.44867444038391113,0.7000605165958405,-0.3055959939956665,0.056141674518585205,-0.03738698363304138,-0.7994146645069122,-0.051885366439819336,-0.338997483253479,-0.12836194038391113,-0.18617162770695161,-0.15492444038391112,-0.4528382943736182,-0.12836194038391113,0.18980131381087828,0.0,0.0,0.0,0.0,0.2679863383035805,0.16238653817267848,0.0,0.0,0.0,0.0,0.0,0.0,0.0,0.0,0.0,0.0
2,0.7454212454212454,0.673992673992674,0.6794871794871795,0.5347985347985348,0.7124542124542125,0.38644688644688646,0.7509157509157509,0.2875457875457875,0.7692307692307693,0.19230769230769232,0.9340659340659341,0.3534798534798535,0.8351648351648352,0.25824175824175827,0.7362637362637363,0.28205128205128205,0.6721611721611722,0.3131868131868132,0.9871794871794872,0.41025641025641024,0.8553113553113553,0.3241758241758242,0.7893772893772893,0.40476190476190477,0.7967032967032966,0.4597069597069597,1.0,0.47985347985347987,0.8461538461538461,0.40476190476190477,0.7838827838827839,0.4725274725274725,0.8040293040293041,0.5073260073260073,0.9798534798534798,0.5494505494505495,0.836996336996337,0.4908424908424908,0.7875457875457875,0.5311355311355311,0.8076923076923077,0.5604395604395604,0.16693547368049622,0.06787410378456116,-0.024266481399536133,-0.0161171555519104,-0.017225444316864014,0.005272120237350464,-0.03953123092651367,0.04112546145915985,0.4476117640733719,0.6988518834114075,-0.3040998876094818,0.057380080223083496,-0.03729276359081268,-0.7973195910453796,-0.05050663650035858,-0.33830690383911133,-0.12964301407337187,-0.1877407723002964,-0.16089301407337187,-0.4613518834114075,-0.12964301407337187,0.18693848765558663,0.0,0.0,0.0,0.0,0.27538991017002923,0.1639657452793113,0.0,0.0,0.0,0.0,0.0,0.0,0.0,0.0,0.0,0.0
2,0.7371323529411765,0.6672794117647058,0.6838235294117647,0.53125,0.7169117647058824,0.38786764705882354,0.7481617647058824,0.2867647058823529,0.7591911764705882,0.18933823529411764,0.9338235294117647,0.35661764705882354,0.8382352941176471,0.2610294117647059,0.7371323529411765,0.2849264705882353,0.6727941176470589,0.31985294117647056,0.9871323529411765,0.4172794117647059,0.8566176470588235,0.3235294117647059,0.7886029411764706,0.4025735294117647,0.7977941176470589,0.45588235294117646,1.0,0.4889705882352941,0.8382352941176471,0.4099264705882353,0.7794117647058824,0.47794117647058826,0.8033088235294118,0.5110294117647058,0.9761029411764706,0.5569852941176471,0.8290441176470589,0.4944852941176471,0.7849264705882353,0.5349264705882353,0.8088235294117647,0.5643382352941176,0.16653013229370117,0.06741049885749817,-0.023976624011993408,-0.016175061464309692,-0.017259865999221802,0.005395352840423584,-0.039425596594810486,0.041152507066726685,0.44748154282569885,0.6987852156162262,-0.3041500449180603,0.057199180126190186,-0.036455824971199036,-0.7981140315532684,-0.04980161786079407,-0.3388715088367462,-0.13420029282569884,-0.19461854894955954,-0.16154404282569884,-0.4571185489495595,-0.13420029282569884,0.1796748677889506,0.0,0.0,0.0,0.0,0.26392031120029863,0.16178955814009577,0.0,0.0,0.0,0.0,0.0,0.0,0.0,0.0,0.0,0.0
2,0.7416974169741697,0.6845018450184502,0.6900369003690037,0.5535055350553506,0.7214022140221402,0.4040590405904059,0.7490774907749077,0.2988929889298893,0.7638376383763837,0.1974169741697417,0.9428044280442804,0.37084870848708484,0.8413284132841329,0.27121771217712176,0.7380073800738007,0.2933579335793358,0.6697416974169742,0.3247232472324723,0.992619926199262,0.43357933579335795,0.8597785977859779,0.3339483394833948,0.7915129151291513,0.4151291512915129,0.7970479704797048,0.466789667896679,1.0,0.503690036900369,0.8357933579335793,0.42435424354243545,0.7785977859778598,0.4944649446494465,0.8025830258302583,0.5295202952029521,0.9760147601476015,0.5738007380073801,0.8247232472324724,0.511070110701107,0.7822878228782287,0.5553505535055351,0.8044280442804428,0.5830258302583026,0.16647934913635254,0.06733065843582153,-0.023674845695495605,-0.01595798134803772,-0.01700359582901001,0.005461275577545166,-0.03927448391914368,0.04113572835922241,0.44832414388656616,0.6992018222808838,-0.3058650493621826,0.056386590003967285,-0.035651177167892456,-0.8093361258506775,-0.050564467906951904,-0.3400641083717346,-0.13426164388656614,-0.18392404450310607,-0.16473039388656618,-0.4547573778364393,-0.13426164388656614,0.19095910059081178,0.0,0.0,0.0,0.0,0.27254181178492026,0.16555628742963693,0.0,0.0,0.0,0.0,0.0,0.0,0.0,0.0,0.0,0.0
2,0.7377049180327869,0.6903460837887068,0.692167577413479,0.5573770491803278,0.7158469945355191,0.4134790528233151,0.7358834244080146,0.30965391621129323,0.7449908925318761,0.21311475409836064,0.9453551912568307,0.3861566484517304,0.8451730418943534,0.28415300546448086,0.7377049180327869,0.29326047358834245,0.663023679417122,0.3205828779599271,0.9927140255009107,0.453551912568306,0.8561020036429873,0.36065573770491804,0.7723132969034608,0.4335154826958106,0.7741347905282332,0.4790528233151184,1.0,0.5355191256830601,0.8397085610200364,0.46083788706739526,0.7704918032786885,0.5209471766848816,0.7887067395264117,0.5519125683060109,0.9781420765027322,0.6174863387978142,0.8397085610200364,0.5555555555555556,0.7868852459016393,0.5883424408014571,0.8014571948998178,0.6138433515482696,0.1662997007369995,0.06847155094146729,-0.022525489330291748,-0.015587151050567627,-0.016656219959259033,0.005309969186782837,-0.038583189249038696,0.04138810932636261,0.44822099804878235,0.6996406614780426,-0.3061625361442566,0.056476891040802,-0.035770952701568604,-0.8105570375919342,-0.05065107345581055,-0.34078091382980347,-0.13181474804878235,-0.1732517725891537,-0.16384599804878236,-0.45519621703359814,-0.13181474804878235,0.20189409487777288,0.0,0.0,0.0,0.0,0.28375812011226903,0.16186701562843742,0.0,0.0,0.0,0.0,0.0,0.0,0.0,0.0,0.0,0.0
2,0.7615658362989324,0.7419928825622776,0.7224199288256228,0.604982206405694,0.7366548042704626,0.46619217081850534,0.7508896797153025,0.3612099644128114,0.7508896797153025,0.26334519572953735,0.9466192170818505,0.46619217081850534,0.8825622775800712,0.37544483985765126,0.7846975088967971,0.3736654804270463,0.7135231316725978,0.3861209964412811,0.9928825622775801,0.5373665480427047,0.902135231316726,0.46619217081850534,0.8078291814946619,0.49110320284697506,0.7864768683274022,0.5142348754448398,1.0,0.6209964412811388,0.8772241992882562,0.5693950177935944,0.797153024911032,0.5925266903914591,0.7935943060498221,0.608540925266904,0.9786476868327402,0.702846975088968,0.8594306049822064,0.6672597864768683,0.806049822064057,0.6797153024911032,0.8131672597864769,0.6903914590747331,0.16605985164642334,0.06800596415996552,-0.019463926553726196,-0.015191912651062012,-0.016257554292678833,0.005404174327850342,-0.0376691073179245,0.04213860630989075,0.44934090971946716,0.6997319459915161,-0.307264506816864,0.05729949474334717,-0.03538057208061218,-0.8124006390571594,-0.05165666341781616,-0.34091490507125854,-0.11496590971946719,-0.1205652793248494,-0.13605965971946715,-0.39834305710262724,-0.11496590971946719,0.25512902537981674,0.0,0.0,0.0,0.0,0.27857752981212075,0.1781139162947549,0.0,0.0,0.0,0.0,0.0,0.0,0.0,0.0,0.0,0.0
2,0.9595782073813708,0.6959578207381371,0.8787346221441125,0.616871704745167,0.836555360281195,0.523725834797891,0.8224956063268892,0.44991212653778556,0.8137082601054482,0.37082601054481545,0.9507908611599297,0.5272407732864675,0.8488576449912126,0.539543057996485,0.7926186291739895,0.5500878734622144,0.7592267135325131,0.5500878734622144,0.9824253075571178,0.5887521968365553,0.8664323374340949,0.5905096660808435,0.8137082601054482,0.5957820738137083,0.7855887521968365,0.5992970123022847,0.9982425307557118,0.6520210896309314,0.8857644991212654,0.6502636203866432,0.8471001757469244,0.6537785588752196,0.8312829525483304,0.6537785588752196,1.0,0.7152899824253075,0.9138840070298769,0.7082601054481547,0.8857644991212654,0.7082601054481547,0.8787346221441125,0.70298769771529,0.1663222312927246,0.06864117085933685,-0.018328040838241577,-0.015358984470367432,-0.01614457368850708,0.0051559507846832275,-0.03924916684627533,0.041191473603248596,0.45072536170482635,0.7034084796905518,-0.309929758310318,0.05050098896026611,-0.03430140018463135,-0.8169187307357788,-0.05040229856967926,-0.34474289417266846,-0.024162861704826344,-0.1534084796905517,-0.11322536170482633,-0.2686862574683295,-0.024162861704826344,0.2234969094395638,0.0,0.0,0.0,0.0,0.14567462014926527,0.10870748828733705,0.0,0.0,0.0,0.0,0.0,0.0,0.0,0.0,0.0,0.0
2,0.7457627118644068,0.7779661016949152,0.7203389830508474,0.6661016949152543,0.747457627118644,0.5406779661016949,0.7677966101694915,0.44745762711864406,0.7796610169491526,0.36271186440677966,0.964406779661017,0.5474576271186441,0.9,0.5203389830508475,0.8050847457627118,0.5288135593220339,0.7440677966101695,0.5406779661016949,1.0,0.6254237288135593,0.9135593220338983,0.6084745762711864,0.811864406779661,0.611864406779661,0.7610169491525424,0.6186440677966102,0.9983050847457627,0.7067796610169491,0.9067796610169492,0.6949152542372882,0.811864406779661,0.6949152542372882,0.764406779661017,0.7,0.9694915254237289,0.7779661016949152,0.8932203389830509,0.7711864406779662,0.8101694915254237,0.764406779661017,0.7627118644067796,0.7627118644067796,0.1663222312927246,0.06864117085933685,-0.018328040838241577,-0.015358984470367432,-0.01614457368850708,0.0051559507846832275,-0.03924916684627533,0.041191473603248596,0.45072536170482635,0.7034084796905518,-0.309929758310318,0.05050098896026611,-0.03430140018463135,-0.8169187307357788,-0.05040229856967926,-0.34474289417266846,-0.10697536170482635,-0.0659084796905518,-0.10775661170482637,-0.2603529241349962,-0.10697536170482635,0.3109969094395637,0.0,0.0,0.0,0.0,0.19444601391355681,0.13074475730591362,0.0,0.0,0.0,0.0,0.0,0.0,0.0,0.0,0.0,0.0
2,0.7557377049180328,0.7540983606557377,0.7344262295081967,0.7,0.7672131147540984,0.5934426229508196,0.8098360655737705,0.5262295081967213,0.8426229508196721,0.4524590163934426,0.9819672131147541,0.6245901639344262,0.9426229508196722,0.6065573770491803,0.8491803278688524,0.6032786885245902,0.7819672131147541,0.6114754098360655,1.0,0.7163934426229508,0.9475409836065574,0.7065573770491803,0.8508196721311475,0.6934426229508197,0.7868852459016393,0.6918032786885245,0.9819672131147541,0.7540983606557377,0.9295081967213115,0.7540983606557377,0.8459016393442623,0.7540983606557377,0.7901639344262295,0.7540983606557377,0.9393442622950819,0.7540983606557377,0.9,0.7540983606557377,0.8377049180327869,0.7540983606557377,0.7934426229508197,0.7540983606557377,0.16640189290046692,0.06883494555950165,-0.013929277658462524,-0.016123473644256592,-0.017173349857330322,0.0046478211879730225,-0.03841902315616608,0.04195058345794678,0.4554990530014038,0.7048214972019196,-0.31376612186431885,0.04412168264389038,-0.029544025659561157,-0.8149536550045013,-0.05364173650741577,-0.34594815969467163,-0.0953428030014038,-0.06593260831303072,-0.08284280300140379,-0.18676594164636395,-0.0953428030014038,0.31329900854163695,0.0,0.0,0.0,0.0,0.12147816447594366,0.054825457054392034,0.0,0.0,0.0,0.0,0.0,0.0,0.0,0.0,0.0,0.0
2,0.7571428571428571,0.7317460317460317,0.746031746031746,0.726984126984127,0.7936507936507936,0.6301587301587301,0.8396825396825397,0.5650793650793651,0.8714285714285714,0.4936507936507937,0.9873015873015873,0.6714285714285714,0.9619047619047619,0.6603174603174603,0.8698412698412699,0.6698412698412698,0.7936507936507936,0.6873015873015873,1.0,0.7317460317460317,0.973015873015873,0.7317460317460317,0.8857142857142857,0.7317460317460317,0.8222222222222222,0.7317460317460317,0.9809523809523809,0.7317460317460317,0.9587301587301588,0.7317460317460317,0.8920634920634921,0.7317460317460317,0.8396825396825397,0.7317460317460317,0.9476190476190476,0.7317460317460317,0.9396825396825397,0.7317460317460317,0.8888888888888888,0.7317460317460317,0.8507936507936508,0.7317460317460317,0.166517972946167,0.0684303492307663,-0.009402304887771606,-0.016745328903198242,-0.017286568880081177,0.004353076219558716,-0.038922712206840515,0.04262317717075348,0.4589882642030716,0.6969178915023804,-0.31188520789146423,0.027065396308898926,-0.023794889450073242,-0.8118024468421936,-0.05189506709575653,-0.33767059445381165,-0.08633201420307157,-0.05664011372460265,-0.0683632642030716,-0.09552900261349151,-0.08633201420307157,0.3177663655744658,0.0,0.0,0.0,0.0,0.04283948710681353,0.032031249999999956,0.0,0.0,0.0,0.0,0.0,0.0,0.0,0.0,0.0,0.0
2,0.7309486780715396,0.7153965785381027,0.7247278382581649,0.7153965785381027,0.776049766718507,0.6531881804043546,0.8475894245723172,0.5940902021772939,0.8911353032659409,0.5225505443234837,0.9751166407465007,0.7107309486780715,0.9922239502332815,0.6920684292379471,0.9160186625194401,0.6951788491446346,0.8662519440124417,0.7060653188180405,0.9984447900466563,0.7153965785381027,1.0,0.7153965785381027,0.9237947122861586,0.7153965785381027,0.8786936236391913,0.7153965785381027,0.9922239502332815,0.7153965785381027,0.9984447900466563,0.7153965785381027,0.942457231726283,0.7153965785381027,0.9051321928460342,0.7153965785381027,0.9766718506998445,0.7153965785381027,0.9891135303265941,0.7153965785381027,0.9455676516329704,0.7153965785381027,0.9160186625194401,0.7153965785381027,0.16736829280853271,0.07091233134269714,-0.004795193672180176,-0.017428040504455566,-0.018182605504989624,0.003684103488922119,-0.0384429395198822,0.0423981249332428,0.46223971247673035,0.691043496131897,-0.3086450695991516,0.012484073638916016,-0.018331676721572876,-0.8110324740409851,-0.046625882387161255,-0.33169037103652954,-0.09505221247673035,-0.05215460724300813,-0.027083462476730324,-0.06048794057634144,-0.09505221247673035,0.316680082016521,0.0,0.0,0.0,0.0,0.06847770017317278,0.07421875,0.0,0.0,0.0,0.0,0.0,0.0,0.0,0.0,0.0,0.0
2,0.7181008902077152,0.6824925816023739,0.7091988130563798,0.6824925816023739,0.7596439169139466,0.642433234421365,0.8249258160237388,0.5979228486646885,0.8620178041543026,0.5370919881305638,0.9243323442136498,0.6824925816023739,0.983679525222552,0.6824925816023739,0.93026706231454,0.6765578635014837,0.8827893175074184,0.6780415430267063,0.9406528189910979,0.6824925816023739,1.0,0.6824925816023739,0.9480712166172107,0.6824925816023739,0.9050445103857567,0.6824925816023739,0.9376854599406528,0.6824925816023739,1.0,0.6824925816023739,0.9599406528189911,0.6824925816023739,0.9213649851632048,0.6824925816023739,0.93026706231454,0.6824925816023739,0.9866468842729971,0.6824925816023739,0.956973293768546,0.6824925816023739,0.9258160237388724,0.6824925816023739,0.16821810603141785,0.07208654284477234,-0.0013673901557922363,-0.017189830541610718,-0.018120169639587402,0.004108935594558716,-0.038468390703201294,0.04375751316547394,0.4683019518852234,0.6873011589050293,-0.3060929775238037,0.0009871721267700195,-0.013652607798576355,-0.8074790835380554,-0.04228252172470093,-0.328675240278244,-0.0901769518852234,-0.04841227001614046,-0.0034582018852233887,-0.05257893668280711,-0.0901769518852234,0.31637957029872465,0.0,0.0,0.0,0.0,0.08681879239354584,0.09843750000000001,0.0,0.0,0.0,0.0,0.0,0.0,0.0,0.0,0.0,0.0
2,0.9465478841870824,0.45657015590200445,0.8240534521158129,0.34743875278396436,0.7861915367483296,0.2182628062360802,0.7572383073496659,0.12694877505567928,0.732739420935412,0.053452115812917596,0.9866369710467706,0.133630289532294,0.8797327394209354,0.0022271714922048997,0.7750556792873051,-0.053452115812917596,0.6948775055679287,-0.0645879732739421,1.0,0.1514476614699332,0.8841870824053452,0.0022271714922048997,0.7683741648106904,-0.04899777282850779,0.6770601336302895,-0.05790645879732739,0.9821826280623608,0.19376391982182628,0.8685968819599109,0.0400890868596882,0.7572383073496659,-0.011135857461024499,0.6726057906458798,-0.028953229398663696,0.9242761692650334,0.2516703786191537,0.821826280623608,0.1358574610244989,0.7461024498886414,0.08240534521158129,0.6837416481069042,0.053452115812917596,0.19056850671768188,0.10184052586555481,0.03047579526901245,-0.02089640498161316,-0.02211660146713257,0.0035047531127929688,-0.03709395229816437,0.055579155683517456,0.5230398178100586,0.8818710446357727,-0.33471834659576416,-0.027481436729431152,-0.0007475912570953369,-0.836593508720398,0.006338596343994141,-0.29729729890823364,-0.1910085678100586,-0.5971488224135505,-0.27928981781005857,-0.9221488224135505,-0.1910085678100586,-0.1593825982676612,0.0,0.0,0.0,0.0,0.3367767496451656,0.33447000613558797,0.0,0.0,0.0,0.0,0.0,0.0,0.0,0.0,0.0,0.0
2,0.9673843864264856,0.25236114428517015,0.917437909953379,0.07886285758911568,0.8596051477213609,-0.052575238392743785,0.7965148616500684,-0.12880933406222228,0.7334245755787757,-0.17612704861569167,0.9095516241944674,-0.15772571517823136,0.7360533374984131,-0.3180801922760999,0.596728955757642,-0.32070895419573703,0.5073510504899775,-0.2944213349993652,0.9016653384355559,-0.13932438174077102,0.7045081944627667,-0.32070895419573703,0.5520400031238097,-0.32070895419573703,0.4626620978561453,-0.28127752540117923,0.862233909640998,-0.09200666718730163,0.6939931467842179,-0.28127752540117923,0.5467824792845353,-0.2891638111600908,0.45214705017759654,-0.26813371580299333,0.8070299093286171,-0.023658857276734703,0.6834780991056693,-0.18138457245496606,0.5756988604005444,-0.22081600124952389,0.49157847897215434,-0.22607352508879827,0.18362578242186467,0.10030377533936671,0.03128707548725065,-0.018451537020053952,-0.019751783611259385,0.002688194959139179,-0.036374456049574705,0.05358284489026097,0.5086949837621785,0.8495179843336579,-0.3272100818584897,-0.009685366759111264,-0.0011021103451287293,-0.8130154785006056,0.00888215456330232,-0.27826447562031364,-0.23057197266456392,-0.7205333994767932,-0.36283155674631,-1.0,-0.23057197266456392,-0.3002154845916154,0.0,0.0,0.0,0.0,0.3091830823144665,0.30894669496323945,0.0,0.0,0.0,0.0,0.0,0.0,0.0,0.0,0.0,0.0
2,0.9673843864264856,0.35931420067269465,0.8995418450407321,0.17337538354137016,0.841750050526942,0.022614180461917845,0.7940090028851156,-0.06532985466776266,0.7362172083713254,-0.13568508277150707,0.8643642309888598,-0.09045672184767138,0.7337045216533346,-0.1859388171313245,0.6482731732416449,-0.2387052382091328,0.5955067521638366,-0.28142091241497763,0.8568261708348872,-0.07035522810374441,0.7186284013453893,-0.1859388171313245,0.6357097396516905,-0.25126867179908713,0.5829433185738823,-0.26885747882502326,0.8291866169369876,-0.03769030076986307,0.7010395943194533,-0.16583732338739754,0.6156082459077635,-0.23116717805516018,0.5578164513939735,-0.2638321053890415,0.7764201958591794,0.010050746871963487,0.6834507872935172,-0.1231216491815527,0.6130955591897727,-0.1884515038493154,0.5578164513939735,-0.2110656843112332,0.18362578242186467,0.10030377533936671,0.03128707548725065,-0.018451537020053952,-0.019751783611259385,0.002688194959139179,-0.036374456049574705,0.05358284489026097,0.5086949837621785,0.8495179843336579,-0.3272100818584897,-0.009685366759111264,-0.0011021103451287293,-0.8130154785006056,0.00888215456330232,-0.27826447562031364,-0.21772389878233714,-0.6573846964739531,-0.3295777184628995,-1.0,-0.21772389878233714,-0.23706678158877534,0.0,0.0,0.0,0.0,0.36041160245943393,0.3552435041437888,0.0,0.0,0.0,0.0,0.0,0.0,0.0,0.0,0.0,0.0
2,0.9686649814051668,0.28945314533112976,0.7995784905681702,0.12036665449413314,0.722199926964799,-0.017195236356304735,0.6763459633479862,-0.09457379995967605,0.6218943815530212,-0.15475712720674262,0.7995784905681702,-0.1920134726454029,0.6419554906353768,-0.34103885440004394,0.5072594725109897,-0.3439047271260947,0.41268567255131366,-0.32670949076979,0.8196395996505257,-0.19487934537145368,0.6218943815530212,-0.3639658362084502,0.47860074525048185,-0.3639658362084502,0.4012221816471105,-0.32957536349584077,0.7995784905681702,-0.163354745384895,0.624760254279072,-0.3525023453042471,0.4728689997983802,-0.34103885440004394,0.3840269452908058,-0.3009166362353328,0.747992781499256,-0.10890316358992999,0.624760254279072,-0.2779896544269266,0.5129912179630913,-0.2951848907832313,0.43561265435971996,-0.26939203624877417,0.18386865874889582,0.10184968037296273,0.03290912751920477,-0.019119354124808034,-0.021048114079309486,0.0024531845089747983,-0.033785198858773346,0.05713124283657884,0.5093117537135856,0.8466280446108487,-0.3257419268911255,-0.0012794504158460196,-0.007757115607290448,-0.8063444674362318,0.010613015217823278,-0.2803039139696925,-0.2535236570612838,-0.7107458736081795,-0.4003369433055044,-1.0,-0.2535236570612838,-0.2927383589116668,0.0,0.0,0.0,0.0,0.3243795472167177,0.3269559617669437,0.0,0.0,0.0,0.0,0.0,0.0,0.0,0.0,0.0,0.0
2,0.9861870409847717,0.2746343658438605,0.7739695764690613,0.15916309838678278,0.6990692948752812,0.018725070398445034,0.6522566188791686,-0.059296056261742607,0.6054439428830561,-0.12171295758989271,0.8332656327308039,-0.21845915464852536,0.6522566188791686,-0.39010563330093817,0.5055769007580159,-0.36825971783608563,0.42131408396501324,-0.31208450664075055,0.858232393262064,-0.22782168984774792,0.6366523935471311,-0.42443492903142077,0.47436845009394085,-0.3932264783673457,0.40258901356656823,-0.3276887319727881,0.839507322863619,-0.19349239411726532,0.6335315484807236,-0.3963473234337532,0.48061014022675586,-0.3651388727696781,0.40258901356656823,-0.30584281650793554,0.7770904215354688,-0.13731718292193024,0.6335315484807236,-0.3089636615743431,0.518060281023646,-0.315205351707158,0.44003915436345825,-0.277755210910268,0.1868643436146405,0.10236459714504052,0.03236670399847054,-0.019292355232234448,-0.021213887462389423,0.003531758545845034,-0.03634162967339971,0.05697744685834832,0.5179824753789182,0.863029577641004,-0.33226145798959866,0.006223649473511318,-0.007588066969750162,-0.8219361976490552,0.014115454261712918,-0.28544653863013536,-0.27451754963580266,-0.7424956059650875,-0.4139705609000555,-1.0,-0.27451754963580266,-0.31803854427544187,0.0,0.0,0.0,0.0,0.29284066537616565,0.30106525744310947,0.0,0.0,0.0,0.0,0.0,0.0,0.0,0.0,0.0,0.0
2,1.0,0.18181818181818182,0.9057239057239057,0.06397306397306397,0.8215488215488216,-0.050505050505050504,0.7508417508417509,-0.10101010101010101,0.6868686868686869,-0.14814814814814814,0.8855218855218855,-0.2222222222222222,0.7138047138047138,-0.3434343434343434,0.5925925925925926,-0.30976430976430974,0.5488215488215489,-0.24242424242424243,0.8855218855218855,-0.2222222222222222,0.6801346801346801,-0.36363636363636365,0.5488215488215489,-0.3265993265993266,0.5050505050505051,-0.25252525252525254,0.8552188552188552,-0.18518518518518517,0.6666666666666666,-0.3501683501683502,0.5387205387205387,-0.31313131313131315,0.48484848484848486,-0.25252525252525254,0.7878787878787878,-0.12457912457912458,0.6565656565656566,-0.27946127946127947,0.5622895622895623,-0.29292929292929293,0.5151515151515151,-0.25925925925925924,0.19072717428207397,0.10574446618556976,0.03216323256492615,-0.01949414610862732,-0.021784424781799316,0.0035208463668823242,-0.03530731797218323,0.05829864740371704,0.5251737087965012,0.8730838298797607,-0.33630719780921936,0.000775456428527832,-0.006858929991722107,-0.8329072594642639,0.013786152005195618,-0.29046332836151123,-0.29314245879650114,-0.7980838298797608,-0.3978299587965012,-0.9730838298797607,-0.29314245879650114,-0.36843499094247817,0.0,0.0,0.0,0.0,0.20392271245805357,0.21281395950103213,0.0,0.0,0.0,0.0,0.0,0.0,0.0,0.0,0.0,0.0
2,1.0,0.31212121212121213,0.8303030303030303,0.1787878787878788,0.7393939393939394,0.048484848484848485,0.6727272727272727,-0.024242424242424242,0.603030303030303,-0.08181818181818182,0.8181818181818182,-0.17575757575757575,0.6363636363636364,-0.3090909090909091,0.5121212121212121,-0.2727272727272727,0.45454545454545453,-0.20606060606060606,0.8272727272727273,-0.18787878787878787,0.6151515151515151,-0.3242424242424242,0.48484848484848486,-0.27575757575757576,0.4303030303030303,-0.19696969696969696,0.8,-0.15757575757575756,0.603030303030303,-0.3181818181818182,0.47878787878787876,-0.2727272727272727,0.42424242424242425,-0.20909090909090908,0.7333333333333333,-0.10303030303030303,0.593939393939394,-0.2606060606060606,0.4909090909090909,-0.2606060606060606,0.42424242424242425,-0.21818181818181817,0.19072717428207397,0.10574446618556976,0.03216323256492615,-0.01949414610862732,-0.021784424781799316,0.0035208463668823242,-0.03530731797218323,0.05829864740371704,0.5251737087965012,0.8730838298797607,-0.33630719780921936,0.000775456428527832,-0.006858929991722107,-0.8329072594642639,0.013786152005195618,-0.29046332836151123,-0.26736120879650116,-0.7300282743242053,-0.40798620879650116,-0.9675282743242052,-0.26736120879650116,-0.30037943538692263,0.0,0.0,0.0,0.0,0.27601021833439426,0.2757112802723974,0.0,0.0,0.0,0.0,0.0,0.0,0.0,0.0,0.0,0.0
2,0.9999290940443956,0.2492130972849109,0.8676307831400601,0.09537785204731158,0.7876364556165085,-0.030767049047519868,0.7230256526167168,-0.09845455695206357,0.664568259426429,-0.14768183542809538,0.8553239635210522,-0.20921593352313508,0.667644964331181,-0.3845881130939983,0.5261165387125897,-0.3476676542369745,0.461505735712798,-0.2799801463324308,0.8614773733305563,-0.21844604823739103,0.6338012103789092,-0.4153551621415182,0.48611937495081387,-0.3630511787607344,0.43689209647478205,-0.28921026104668673,0.8337870291877882,-0.1815255893803672,0.6214943907599012,-0.39689493271300624,0.4830426700460619,-0.34151424442747047,0.4276619817605261,-0.27382673652292683,0.7722529310927486,-0.11999149128532746,0.6091875711408934,-0.29536367085619075,0.5045796043793257,-0.29536367085619075,0.44919891609379003,-0.2553665070944149,0.19032445985703614,0.10622633240894232,0.03377239831405727,-0.020066060282649872,-0.022181249333269985,0.0032637785148003787,-0.03413903028815918,0.06037993232401623,0.5255021641203319,0.8736200728360556,-0.33455616129947857,-0.004775781530486191,-0.006025647005719479,-0.8319525858910372,0.013151040932698551,-0.2915033818284014,-0.27161391758562214,-0.761128049756061,-0.40832297341200435,-1.0,-0.27161391758562214,-0.3308935338043826,0.0,0.0,0.0,0.0,0.27522567932204967,0.28196593878940496,0.0,0.0,0.0,0.0,0.0,0.0,0.0,0.0,0.0,0.0
2,0.9881028285355876,0.26472536839271193,0.8157235188845194,0.12004987636413682,0.7418466718912045,-0.00923460587416437,0.6925954405623278,-0.08618965482553412,0.6371878053173415,-0.16314470377690388,0.8311145286747933,-0.2216305409799449,0.6648916229398346,-0.3940098506310131,0.5202161309112595,-0.3693842349665748,0.4463392839179446,-0.30474199384742423,0.8495837404231221,-0.2216305409799449,0.6402660072753963,-0.4309482741276706,0.47712130349849247,-0.40016625454712274,0.41555726433739665,-0.32321120559575295,0.8280363267167385,-0.1846921174832874,0.6402660072753963,-0.3940098506310131,0.48019950545654727,-0.36014962909241044,0.4094008604212871,-0.3016637918893694,0.7726286914717523,-0.12004987636413682,0.6248749974851224,-0.3016637918893694,0.5079033230790403,-0.30474199384742423,0.4463392839179446,-0.26164716643465713,0.18852926506809586,0.10161594165508432,0.03500013401675143,-0.019322323786038074,-0.0218068606646947,0.0030699877762941146,-0.03428132894226412,0.06037656368999315,0.5230610201091267,0.8641358610763568,-0.3341466078004393,-0.00794211951082066,-0.003071842985114152,-0.8327072101724905,0.008829174356629926,-0.286951184985775,-0.27526335764043636,-0.7461124676679393,-0.41112749656407965,-1.0,-0.27526335764043636,-0.3184591243080759,0.0,0.0,0.0,0.0,0.28795475915345836,0.2988713337363226,0.0,0.0,0.0,0.0,0.0,0.0,0.0,0.0,0.0,0.0
2,1.0,0.1465798045602606,0.9413680781758957,-0.013029315960912053,0.8566775244299675,-0.13029315960912052,0.7785016286644951,-0.18566775244299674,0.7003257328990228,-0.20846905537459284,0.8925081433224755,-0.24104234527687296,0.7068403908794788,-0.38436482084690554,0.5700325732899023,-0.34527687296416937,0.5179153094462541,-0.2768729641693811,0.8859934853420195,-0.23127035830618892,0.6742671009771987,-0.40716612377850164,0.5374592833876222,-0.36156351791530944,0.49185667752442996,-0.28338762214983715,0.8469055374592834,-0.18892508143322476,0.6612377850162866,-0.3713355048859935,0.5276872964169381,-0.3322475570032573,0.4723127035830619,-0.2736156351791531,0.7850162866449512,-0.12052117263843648,0.6449511400651465,-0.28013029315960913,0.5439739413680782,-0.28338762214983715,0.495114006514658,-0.247557003257329,0.19023045897483826,0.10372048616409302,0.03358197212219238,-0.019902825355529785,-0.022495895624160767,0.0027787089347839355,-0.03281061351299286,0.06098952889442444,0.5297357589006424,0.8743830919265747,-0.3381741940975189,-0.011977076530456543,-0.0024753808975219727,-0.8454956412315369,0.00779317319393158,-0.2903934717178345,-0.2898920089006424,-0.8118830919265747,-0.4055170089006424,-0.9924386474821303,-0.2898920089006424,-0.37858813256025314,0.0,0.0,0.0,0.0,0.2144048723023227,0.22014682994790344,0.0,0.0,0.0,0.0,0.0,0.0,0.0,0.0,0.0,0.0
2,1.0,0.26865671641791045,0.8716417910447761,0.11044776119402985,0.7820895522388059,-0.020895522388059702,0.7074626865671642,-0.09850746268656717,0.6328358208955224,-0.15223880597014924,0.8208955223880597,-0.19701492537313434,0.6417910447761194,-0.3582089552238806,0.5104477611940299,-0.31343283582089554,0.45671641791044776,-0.23880597014925373,0.8238805970149253,-0.19701492537313434,0.608955223880597,-0.3701492537313433,0.4716417910447761,-0.3074626865671642,0.42686567164179107,-0.2298507462686567,0.7940298507462686,-0.16417910447761194,0.6029850746268657,-0.35522388059701493,0.4746268656716418,-0.29253731343283584,0.4298507462686567,-0.21791044776119403,0.7373134328358208,-0.10746268656716418,0.591044776119403,-0.26865671641791045,0.48955223880597015,-0.2537313432835821,0.43582089552238806,-0.20597014925373133,0.19023045897483826,0.10372048616409302,0.03358197212219238,-0.019902825355529785,-0.022495895624160767,0.0027787089347839355,-0.03281061351299286,0.06098952889442444,0.5297357589006424,0.8743830919265747,-0.3381741940975189,-0.011977076530456543,-0.0024753808975219727,-0.8454956412315369,0.00779317319393158,-0.2903934717178345,-0.2680170089006424,-0.7493830919265747,-0.4102045089006424,-0.9854942030376859,-0.2680170089006424,-0.31608813256025314,0.0,0.0,0.0,0.0,0.2756188345276379,0.2762213339129365,0.0,0.0,0.0,0.0,0.0,0.0,0.0,0.0,0.0,0.0
2,1.0,0.23283582089552238,0.9432835820895522,0.014925373134328358,0.8597014925373134,-0.11343283582089553,0.7820895522388059,-0.19402985074626866,0.6985074626865672,-0.23283582089552238,0.8567164179104477,-0.208955223880597,0.6656716417910448,-0.373134328358209,0.5343283582089552,-0.3253731343283582,0.48059701492537316,-0.2537313432835821,0.844776119402985,-0.2,0.6208955223880597,-0.373134328358209,0.48656716417910445,-0.31343283582089554,0.4417910447761194,-0.23582089552238805,0.8059701492537313,-0.16119402985074627,0.6029850746268657,-0.3492537313432836,0.47761194029850745,-0.28955223880597014,0.43283582089552236,-0.2208955223880597,0.7522388059701492,-0.0955223880597015,0.591044776119403,-0.25671641791044775,0.4925373134328358,-0.2507462686567164,0.44477611940298506,-0.21194029850746268,0.190329909324646,0.10313895344734192,0.03676408529281616,-0.02072232961654663,-0.023352622985839844,0.002674877643585205,-0.03193303942680359,0.062036603689193726,0.5293039381504059,0.8744973540306091,-0.33815568685531616,-0.014155983924865723,-0.0010721534490585327,-0.853064239025116,0.00808069109916687,-0.2906217575073242,-0.2675851881504059,-0.7661640206972757,-0.4035226881504059,-0.9925529095861647,-0.2675851881504059,-0.33295568923155466,0.0,0.0,0.0,0.0,0.26406615254249394,0.2624721110855484,0.0,0.0,0.0,0.0,0.0,0.0,0.0,0.0,0.0,0.0
2,1.0,0.26153846153846155,0.8584615384615385,0.1076923076923077,0.7753846153846153,-0.027692307692307693,0.72,-0.11692307692307692,0.6646153846153846,-0.17846153846153845,0.8676923076923077,-0.19692307692307692,0.6861538461538461,-0.35384615384615387,0.5384615384615384,-0.3292307692307692,0.4553846153846154,-0.27692307692307694,0.88,-0.19384615384615383,0.6584615384615384,-0.37538461538461537,0.5015384615384615,-0.3353846153846154,0.4307692307692308,-0.27076923076923076,0.8523076923076923,-0.15692307692307692,0.6523076923076923,-0.35384615384615387,0.5046153846153846,-0.3169230769230769,0.4307692307692308,-0.25846153846153846,0.7938461538461539,-0.09230769230769231,0.64,-0.25846153846153846,0.5261538461538462,-0.26461538461538464,0.4553846153846154,-0.23384615384615384,0.18927714228630066,0.10270881652832031,0.036556124687194824,-0.020575225353240967,-0.023198962211608887,0.00209653377532959,-0.031298860907554626,0.06297025084495544,0.5293081700801849,0.8743727803230286,-0.33846622705459595,-0.015615344047546387,0.002424299716949463,-0.855193018913269,0.009319692850112915,-0.2911806106567383,-0.27540192008018494,-0.756317224767473,-0.41368317008018496,-0.9993727803230286,-0.27540192008018494,-0.32379068103101516,0.0,0.0,0.0,0.0,0.2796385295126232,0.28039738358335237,0.0,0.0,0.0,0.0,0.0,0.0,0.0,0.0,0.0,0.0
2,1.0,0.24411764705882352,0.9382352941176471,0.061764705882352944,0.8558823529411764,-0.061764705882352944,0.7794117647058824,-0.1264705882352941,0.6970588235294117,-0.1676470588235294,0.8470588235294118,-0.2,0.6558823529411765,-0.31176470588235294,0.538235294117647,-0.27647058823529413,0.48823529411764705,-0.2235294117647059,0.8294117647058824,-0.19411764705882353,0.611764705882353,-0.3235294117647059,0.4852941176470588,-0.27647058823529413,0.4411764705882353,-0.20588235294117646,0.7911764705882353,-0.15588235294117647,0.5911764705882353,-0.31470588235294117,0.47058823529411764,-0.2647058823529412,0.4235294117647059,-0.19705882352941176,0.7294117647058823,-0.09411764705882353,0.5794117647058824,-0.24705882352941178,0.48823529411764705,-0.2411764705882353,0.43823529411764706,-0.20294117647058824,0.1897100806236267,0.10370555520057678,0.03785175085067749,-0.01961618661880493,-0.022113710641860962,0.001896202564239502,-0.031217172741889954,0.06308403611183167,0.5295957177877426,0.8757615089416504,-0.3381177484989166,-0.018538713455200195,0.003419250249862671,-0.8621983528137207,0.009420230984687805,-0.2918568253517151,-0.2639707177877426,-0.7604837311638726,-0.3999082177877426,-0.9813170644972059,-0.2639707177877426,-0.3273130921853913,0.0,0.0,0.0,0.0,0.25931904098496333,0.2592102262763759,0.0,0.0,0.0,0.0,0.0,0.0,0.0,0.0,0.0,0.0
2,0.9808873106069815,0.19153420858006148,0.9576710429003075,-0.01741220078000559,0.888022239780285,-0.13639557277671044,0.8212754701235969,-0.20024030897006428,0.7458226000769062,-0.2263586101400727,0.8706100390002794,-0.23796674399340972,0.6819778638835523,-0.38306841716012296,0.5571904249601789,-0.35114604906344604,0.5020517891568278,-0.296007413260095,0.853197838220274,-0.23216267706674118,0.6326432950068698,-0.39177451755012577,0.5078558560834964,-0.35404808252678033,0.4556192537434796,-0.29020334633342654,0.8096673362702599,-0.1828281081900587,0.6094270273001956,-0.35985214945344884,0.4846395883768223,-0.3250277478934377,0.426598919110137,-0.26988911209008665,0.7458226000769062,-0.11027727160670207,0.5949168599835243,-0.26988911209008665,0.49624772223015934,-0.28730131287009225,0.4353050195001397,-0.26698707862675236,0.18656061641344762,0.1025330779284891,0.03701859169606434,-0.019865942527502237,-0.022568799805453524,0.002121009221923356,-0.02969708161163251,0.0635623982821934,0.5221917922384296,0.8610409643306777,-0.33328130363930036,-0.019526229090047423,0.005842349076042301,-0.8537984410552987,0.008519642340478894,-0.28659749777701243,-0.2631762367812735,-0.7711262941917043,-0.38961874166420474,-1.0,-0.2631762367812735,-0.34486563319660496,0.0,0.0,0.0,0.0,0.26147825961538823,0.26529618605766664,0.0,0.0,0.0,0.0,0.0,0.0,0.0,0.0,0.0,0.0
2,0.9936580670828205,0.21166680718923986,0.9818988000167516,-0.00881945029955166,0.9231024646864071,-0.14111120479282657,0.8349079616908904,-0.21166680718923986,0.7437736419288568,-0.22342607425530875,0.9113431976203382,-0.2293057077883432,0.7143754742636845,-0.3410187449159975,0.6085420706690646,-0.31456039401734254,0.5585651856382718,-0.2734029592861015,0.855486679056511,-0.2175464407222743,0.6496995054003056,-0.35571782874858365,0.546805918572203,-0.3086807604843081,0.5027086670744447,-0.24400479162092928,0.7878708934266151,-0.17050937245799874,0.6056022539025474,-0.3292594778499287,0.505648483840962,-0.28222240958565314,0.46155123234320355,-0.22636589102182594,0.7143754742636845,-0.09407413652855104,0.5791439030038923,-0.252824241920481,0.49976885030792745,-0.252824241920481,0.4556715988101691,-0.2293057077883432,0.19075605391181152,0.10488747045745778,0.03555256512811634,-0.01937578671234309,-0.021667146810424927,0.003881713731086734,-0.031219988629591428,0.06245454701166756,0.5310713574120355,0.871652499668469,-0.335462924429821,-0.01953709045580685,0.007738596694981553,-0.8654420538319109,0.008652567336875017,-0.2845938181622081,-0.2686835240729782,-0.772286692960187,-0.3835752380794293,-1.0,-0.2686835240729782,-0.34078672679439004,0.0,0.0,0.0,0.0,0.25505579027018443,0.2501308283359969,0.0,0.0,0.0,0.0,0.0,0.0,0.0,0.0,0.0,0.0
2,0.908001821982794,0.2225742627701556,0.9560576287172593,0.060702071664587895,0.9383528578150879,-0.07840684256675937,0.882709292122549,-0.17704770902171468,0.8194779674719366,-0.23269127471425358,0.9257065928849654,-0.15681368513351873,0.8245364734439856,-0.29845185235089045,0.7385418719191527,-0.321215129225111,0.6904860651846872,-0.29845185235089045,0.852358256290255,-0.14922592617544522,0.7334833659471037,-0.295922599364866,0.6550765233803444,-0.306039611308964,0.617137728589977,-0.280747081448719,0.7714221607374712,-0.11887489034315128,0.6601350293523933,-0.26557156353257205,0.5943744517157565,-0.27063006950462104,0.566552668869487,-0.24280828665835158,0.6930153181707118,-0.06828983062266138,0.607020716645879,-0.19981098589593516,0.561494162897438,-0.2225742627701556,0.5336723800511687,-0.21245725082605763,0.18622568415204094,0.09993907518206213,0.03922561004053075,-0.01972090646699388,-0.021088443904311062,0.003986247971298082,-0.03137534794254853,0.06232484342784765,0.5112382113324031,0.8433127775157824,-0.32697040564951063,-0.01611754390453546,0.007574794310166937,-0.8360017689709851,0.009476485100625737,-0.2785660881097668,-0.24309392327810928,-0.7264612895614507,-0.30732904520755017,-1.0,-0.24309392327810928,-0.30954314335387234,0.0,0.0,0.0,0.0,0.28097967363792453,0.27785396328075157,0.0,0.0,0.0,0.0,0.0,0.0,0.0,0.0,0.0,0.0
2,0.8859511487316294,0.222547537360816,0.9410581579828791,0.0953775160117783,0.9219826547805234,-0.03179250533725943,0.8668756455292738,-0.11445301921413395,0.8181271373454759,-0.1780380298886528,0.9325801565596099,-0.11233351885831665,0.8753536469525429,-0.24798154163062353,0.790573632719851,-0.2776545466120657,0.7142716199104285,-0.2649375444771619,0.8859511487316294,-0.10385551743504746,0.8287246391245624,-0.2543400426980754,0.7375861238244187,-0.279774046967883,0.6634036113708134,-0.2649375444771619,0.8287246391245624,-0.07842151316523992,0.7842151316523993,-0.23314503913990248,0.7057936184871593,-0.2628180441213446,0.6443281081684578,-0.24798154163062353,0.7630201280942264,-0.03391200569307672,0.7312276227569668,-0.15684302633047983,0.6845986149289863,-0.186516031311922,0.6443281081684578,-0.1801575302444701,0.18638130069037714,0.09833995646481797,0.03695763833809348,-0.018193566165066705,-0.02020127502318477,0.0037175160931630907,-0.0309276966541171,0.05911238179960501,0.4990404687130127,0.8366218475724168,-0.32959384601646524,-0.027087676862066506,0.00895389014621654,-0.8213759144789562,0.013683842658333258,-0.2813073640117015,-0.19172616399672882,-0.6993841995332469,-0.2512775005565828,-1.0,-0.19172616399672882,-0.2879151970762051,0.0,0.0,0.0,0.0,0.3064575356820773,0.31036931104264115,0.0,0.0,0.0,0.0,0.0,0.0,0.0,0.0,0.0,0.0
