path,target,input_lengths,english_gloss,chinese_gloss,cantonese_gloss
data\features\HKSLLEX-2023-00000003.pt,2398,55,surprise,驚喜,驚喜
data\features\HKSLLEX-2023-00000008.pt,358,68,bath,洗澡,沖涼
data\features\HKSLLEX-2023-00000007.pt,2022,72,responsibility,責任,責任
data\features\HKSLLEX-2023-00000006.pt,443,76,bored,悶,悶
data\features\HKSLLEX-2023-00000005.pt,417,78,blind,盲,盲
data\features\HKSLLEX-2023-00000004.pt,1256,80,hearing aid,助聽器,助聽器
data\features\HKSLLEX-2023-00000001.pt,2314,83,start,開始,開始
data\features\HKSLLEX-2023-00000002.pt,1954,83,puzzled,疑惑,疑惑
data\features\HKSLLEX-2023-00000009.pt,2255,90,some,一些,一啲
data\features\HKSLLEX-2023-00000010.pt,317,80,awkward,尷尬,尷尬
data\features\HKSLLEX-2023-00000012.pt,1014,75,favorite,最鍾意,最鍾意
data\features\HKSLLEX-2023-00000011.pt,1999,86,relationship,關係,關係
data\features\HKSLLEX-2023-00000013.pt,1322,76,hunt,打獵,打獵
data\features\HKSLLEX-2023-00000016.pt,1292,82,honest,老實,老實
data\features\HKSLLEX-2023-00000014.pt,2064,91,rude,粗魯,粗魯
data\features\HKSLLEX-2023-00000015.pt,1248,98,headache,頭痛,頭痛
data\features\HKSLLEX-2023-00000017.pt,612,80,city,城市,城市
data\features\HKSLLEX-2023-00000018.pt,613,76,city2,城市,城市
data\features\HKSLLEX-2023-00000019.pt,2433,81,tall,高,高
data\features\HKSLLEX-2023-00000021.pt,2651,82,warn,警告,警告
data\features\HKSLLEX-2023-00000020.pt,1350,89,impossible,不可能,冇可能
data\features\HKSLLEX-2023-00000022.pt,1674,80,new york,紐約,紐約
data\features\HKSLLEX-2023-00000024.pt,1058,90,flag,旗,旗
data\features\HKSLLEX-2023-00000023.pt,1282,111,hockey,曲棍球,曲棍球
data\features\HKSLLEX-2023-00000025.pt,1032,74,film,電影,電影
data\features\HKSLLEX-2023-00000026.pt,1454,84,last,最後,最後
data\features\HKSLLEX-2023-00000028.pt,2185,80,shy,怕醜,怕醜
data\features\HKSLLEX-2023-00000027.pt,2622,88,videophone,視訊電話,視訊電話
data\features\HKSLLEX-2023-00000029.pt,1525,88,look at,望住,望住
data\features\HKSLLEX-2023-00000030.pt,1470,94,learn,學習,學習
data\features\HKSLLEX-2023-00000031.pt,2537,84,traffic,交通,交通
data\features\HKSLLEX-2023-00000032.pt,2484,76,three,三,三
data\features\HKSLLEX-2023-00000034.pt,1919,63,print,影印,影印
data\features\HKSLLEX-2023-00000033.pt,2484,93,three,三,三
data\features\HKSLLEX-2023-00000035.pt,1603,82,mind,心智,心智
data\features\HKSLLEX-2023-00000036.pt,432,71,body,身體,身體
data\features\HKSLLEX-2023-00000038.pt,1839,72,pill,藥丸,藥丸
data\features\HKSLLEX-2023-00000037.pt,371,76,because,因為,因為
data\features\HKSLLEX-2023-00000039.pt,335,100,bake,烤焗,烤焗
data\features\HKSLLEX-2023-00000040.pt,1168,89,good,好,好
data\features\HKSLLEX-2023-00000041.pt,1311,90,hotel,酒店,酒店
data\features\HKSLLEX-2023-00000042.pt,2743,77,wrong,錯,錯
data\features\HKSLLEX-2023-00000044.pt,863,95,doubt,懷疑,懷疑
data\features\HKSLLEX-2023-00000043.pt,2577,92,type,種類,種類
data\features\HKSLLEX-2023-00000045.pt,1418,82,judge,法官,法官
data\features\HKSLLEX-2023-00000046.pt,1791,92,patient,病人,病人
data\features\HKSLLEX-2023-00000047.pt,1638,76,much,好多,好多
data\features\HKSLLEX-2023-00000048.pt,2,84,5 dollars,五蚊,五蚊
data\features\HKSLLEX-2023-00000049.pt,2740,91,wristwatch,手錶,手錶
data\features\HKSLLEX-2023-00000050.pt,472,99,breakdown,分解,分解
data\features\HKSLLEX-2023-00000052.pt,481,91,brother,弟弟,弟弟
data\features\HKSLLEX-2023-00000053.pt,1821,92,person,人,人
data\features\HKSLLEX-2023-00000051.pt,481,102,brother,哥哥,哥哥
data\features\HKSLLEX-2023-00000054.pt,489,92,bug,蟲,蟲
data\features\HKSLLEX-2023-00000055.pt,2080,74,salt,鹽,鹽
data\features\HKSLLEX-2023-00000056.pt,270,79,angry,嬲,嬲
data\features\HKSLLEX-2023-00000057.pt,2139,76,serious,嚴重,嚴重
data\features\HKSLLEX-2023-00000059.pt,509,72,cabbage,椰菜,椰菜
data\features\HKSLLEX-2023-00000062.pt,1011,60,father,爸爸,爸爸
data\features\HKSLLEX-2023-00000060.pt,1606,76,minute,分鐘,分鐘
data\features\HKSLLEX-2023-00000061.pt,2275,77,speakers,喇叭,喇叭
data\features\HKSLLEX-2023-00000058.pt,2187,97,sick,不舒服,唔舒服
data\features\HKSLLEX-2023-00000064.pt,1905,71,prefer,偏心,偏心
data\features\HKSLLEX-2023-00000063.pt,1905,99,prefer,比較喜歡,比較鐘意
data\features\HKSLLEX-2023-00000065.pt,1707,89,nothing,沒有東西,冇嘢
data\features\HKSLLEX-2023-00000066.pt,562,68,certificate,證書,證書
data\features\HKSLLEX-2023-00000067.pt,1349,72,important,重要,重要
data\features\HKSLLEX-2023-00000068.pt,776,72,delicious,美味,好味
data\features\HKSLLEX-2023-00000070.pt,944,76,engagement,訂婚,訂婚
data\features\HKSLLEX-2023-00000069.pt,1097,81,freckles,雀斑,雀斑
data\features\HKSLLEX-2023-00000071.pt,944,73,engagement,訂婚,訂婚
data\features\HKSLLEX-2023-00000072.pt,1006,81,farm,農場,農場
data\features\HKSLLEX-2023-00000074.pt,1797,71,peace,和平,和平
data\features\HKSLLEX-2023-00000073.pt,2693,85,which,哪個,哪個
data\features\HKSLLEX-2023-00000075.pt,2197,77,silly,傻,傻
data\features\HKSLLEX-2023-00000077.pt,1894,68,possible,有可能,有可能
data\features\HKSLLEX-2023-00000076.pt,912,82,eat,吃,食
data\features\HKSLLEX-2023-00000078.pt,410,80,black,黑色,黑色
data\features\HKSLLEX-2023-00000079.pt,1865,88,please,欣慰,欣慰
data\features\HKSLLEX-2023-00000080.pt,1629,80,mother,媽媽,媽咪
data\features\HKSLLEX-2023-00000081.pt,2085,72,same,類似,類似
data\features\HKSLLEX-2023-00000084.pt,2746,73,year,年,年
data\features\HKSLLEX-2023-00000083.pt,2103,78,scarcely,幾乎不會,幾乎不會
data\features\HKSLLEX-2023-00000086.pt,2403,66,swallow,吞下,吞
data\features\HKSLLEX-2023-00000082.pt,882,91,drink,喝,飲
data\features\HKSLLEX-2023-00000085.pt,2637,76,wait,讓,等
data\features\HKSLLEX-2023-00000087.pt,1103,68,friday,星期五,星期五
data\features\HKSLLEX-2023-00000088.pt,1978,85,really,真的,真嘅
data\features\HKSLLEX-2023-00000089.pt,687,80,congratulations,恭喜,恭喜
data\features\HKSLLEX-2023-00000091.pt,2375,64,subtract,減,減
data\features\HKSLLEX-2023-00000094.pt,2669,58,wear,身穿,身穿
data\features\HKSLLEX-2023-00000093.pt,237,60,after,之後,之後
data\features\HKSLLEX-2023-00000092.pt,2710,75,win,贏,贏
data\features\HKSLLEX-2023-00000090.pt,1306,88,hospital,醫院,醫院
data\features\HKSLLEX-2023-00000095.pt,1430,81,key,鑰匙,鎖匙
data\features\HKSLLEX-2023-00000096.pt,2558,76,try,嘗試,嘗試
data\features\HKSLLEX-2023-00000098.pt,2692,76,where,哪裡,邊度
data\features\HKSLLEX-2023-00000099.pt,1182,69,grandfather,公公,公公
data\features\HKSLLEX-2023-00000097.pt,2558,84,try,嘗試,嘗試
data\features\HKSLLEX-2023-00000100.pt,1182,77,grandfather,爺爺,爺爺
data\features\HKSLLEX-2023-00000101.pt,2383,73,summer,夏天,夏天
data\features\HKSLLEX-2023-00000102.pt,221,73,act,扮演,扮演
data\features\HKSLLEX-2023-00000103.pt,1777,74,parade,遊行,遊行
data\features\HKSLLEX-2023-00000104.pt,2636,60,vote,投票,投票
data\features\HKSLLEX-2023-00000105.pt,2224,74,slow,慢,慢
data\features\HKSLLEX-2023-00000107.pt,1749,68,other,其他,其他
data\features\HKSLLEX-2023-00000106.pt,1201,73,grow,成長,成長
data\features\HKSLLEX-2023-00000110.pt,2650,56,warm,溫暖,暖
data\features\HKSLLEX-2023-00000109.pt,2489,67,thursday,週四,星期四
data\features\HKSLLEX-2023-00000108.pt,876,78,dream,夢,夢
data\features\HKSLLEX-2023-00000111.pt,445,72,boss,老闆,老闆
data\features\HKSLLEX-2023-00000112.pt,2073,66,sad,不開心,唔開心
data\features\HKSLLEX-2023-00000114.pt,2761,60,zoom in,放大,放大
data\features\HKSLLEX-2023-00000117.pt,215,53,accident,意外,意外
data\features\HKSLLEX-2023-00000113.pt,609,71,cigar,雪茄,雪茄
data\features\HKSLLEX-2023-00000116.pt,215,72,accident,意外,意外
data\features\HKSLLEX-2023-00000118.pt,215,74,accident,意外,意外
data\features\HKSLLEX-2023-00000115.pt,726,86,credit card,信用卡,信用卡
data\features\HKSLLEX-2023-00000119.pt,1175,61,government,政府,政府
data\features\HKSLLEX-2023-00000121.pt,978,70,experience,經驗,經驗
data\features\HKSLLEX-2023-00000122.pt,978,68,experience,體驗,體驗
data\features\HKSLLEX-2023-00000120.pt,746,80,dance,跳舞,跳舞
data\features\HKSLLEX-2023-00000123.pt,2683,64,wet,濕,濕
data\features\HKSLLEX-2023-00000124.pt,821,60,disagreement,分歧,分歧
data\features\HKSLLEX-2023-00000126.pt,1524,81,look appearance,看似,看似
data\features\HKSLLEX-2023-00000125.pt,1948,80,purple,紫色,紫色
data\features\HKSLLEX-2023-00000127.pt,1576,61,mean,刻薄,刻薄
data\features\HKSLLEX-2023-00000129.pt,242,60,age,年紀,年紀
data\features\HKSLLEX-2023-00000132.pt,761,61,decide,決定,決定
data\features\HKSLLEX-2023-00000131.pt,2147,70,sew,縫紉,縫紉
data\features\HKSLLEX-2023-00000128.pt,1672,78,new,新的,新的
data\features\HKSLLEX-2023-00000130.pt,210,80,about,關於,關於
data\features\HKSLLEX-2023-00000135.pt,1838,61,pile,堆,堆
data\features\HKSLLEX-2023-00000133.pt,2359,72,stress,壓力,壓力
data\features\HKSLLEX-2023-00000134.pt,2725,71,wonder,想,諗
data\features\HKSLLEX-2023-00000138.pt,2673,62,week,星期,星期
data\features\HKSLLEX-2023-00000139.pt,2673,59,week,星期,星期
data\features\HKSLLEX-2023-00000136.pt,1838,80,pile,堆,堆
data\features\HKSLLEX-2023-00000137.pt,1220,81,hairdryer,風筒,風筒
data\features\HKSLLEX-2023-00000140.pt,2497,72,time,時間,時間
data\features\HKSLLEX-2023-00000142.pt,331,67,bad,糟糕,衰
data\features\HKSLLEX-2023-00000143.pt,1250,62,health,健康,健康
data\features\HKSLLEX-2023-00000145.pt,1194,44,green,綠色,綠色
data\features\HKSLLEX-2023-00000141.pt,418,77,blinds,窗簾,窗簾
data\features\HKSLLEX-2023-00000144.pt,1473,55,leave,離開,離開
data\features\HKSLLEX-2023-00000146.pt,2259,67,son,兒子,兒子
data\features\HKSLLEX-2023-00000147.pt,2388,66,sunset,日落,日落
data\features\HKSLLEX-2023-00000148.pt,573,67,character,性格,性格
data\features\HKSLLEX-2023-00000150.pt,458,55,boy,男孩,男仔
data\features\HKSLLEX-2023-00000151.pt,1099,66,freeway,高速公路,高速公路
data\features\HKSLLEX-2023-00000152.pt,271,68,animal,動物,動物
data\features\HKSLLEX-2023-00000149.pt,2546,80,travel,旅行,旅行
data\features\HKSLLEX-2023-00000153.pt,2538,70,train,火車,火車
data\features\HKSLLEX-2023-00000154.pt,2008,61,remote control,遠程控制,遠端控制
data\features\HKSLLEX-2023-00000155.pt,935,60,emotion,感情,感情
data\features\HKSLLEX-2023-00000157.pt,1136,61,get,拿,攞
data\features\HKSLLEX-2023-00000160.pt,462,57,brag,吹牛,吹牛
data\features\HKSLLEX-2023-00000156.pt,2620,86,videocamera,攝像機,攝錄機
data\features\HKSLLEX-2023-00000158.pt,697,76,cookie,餅乾,餅乾
data\features\HKSLLEX-2023-00000159.pt,2311,71,starbucks,星巴克,星巴克
data\features\HKSLLEX-2023-00000162.pt,667,68,communication,溝通,溝通
data\features\HKSLLEX-2023-00000161.pt,1491,71,lie,說謊,講大話
data\features\HKSLLEX-2023-00000163.pt,2732,66,worm,蠕蟲,蠕蟲
data\features\HKSLLEX-2023-00000164.pt,2068,72,run,跑,跑
data\features\HKSLLEX-2023-00000165.pt,2601,65,vacation,假期,假期
data\features\HKSLLEX-2023-00000167.pt,1341,61,imagine,想像,想像
data\features\HKSLLEX-2023-00000166.pt,2157,71,shave,剃鬚,剃
data\features\HKSLLEX-2023-00000168.pt,2471,72,thief,賊,賊
data\features\HKSLLEX-2023-00000170.pt,2143,68,set up shop,設定,設定
data\features\HKSLLEX-2023-00000171.pt,1572,64,maybe,可能,可能
data\features\HKSLLEX-2023-00000169.pt,2142,83,set up,設定,設定
data\features\HKSLLEX-2023-00000173.pt,2433,60,tall,高,高
data\features\HKSLLEX-2023-00000172.pt,2731,67,world,世界,世界
data\features\HKSLLEX-2023-00000174.pt,1039,56,finish,完成,完成
data\features\HKSLLEX-2023-00000175.pt,517,61,call tty,用電傳打字機,用電傳打字機
data\features\HKSLLEX-2023-00000176.pt,1846,56,pipe,管,管
data\features\HKSLLEX-2023-00000177.pt,2004,67,religion,宗教,宗教
data\features\HKSLLEX-2023-00000179.pt,2532,64,tournament,比賽,比賽
data\features\HKSLLEX-2023-00000178.pt,510,77,cabinet,櫃,櫃
data\features\HKSLLEX-2023-00000181.pt,855,58,dont mind,不介意,唔介意
data\features\HKSLLEX-2023-00000182.pt,1148,64,glass,玻璃,玻璃
data\features\HKSLLEX-2023-00000183.pt,1149,68,glasses,眼鏡,眼鏡
data\features\HKSLLEX-2023-00000180.pt,1625,80,more,多一點,多啲
data\features\HKSLLEX-2023-00000184.pt,2218,76,sleep,睡覺,訓覺
data\features\HKSLLEX-2023-00000185.pt,1382,75,interest,興趣,興趣
data\features\HKSLLEX-2023-00000187.pt,580,67,check,檢查,檢查
data\features\HKSLLEX-2023-00000186.pt,542,72,careful,小心,小心
data\features\HKSLLEX-2023-00000189.pt,1781,65,parents,家長,家長
data\features\HKSLLEX-2023-00000188.pt,2473,80,things,東西,東西
data\features\HKSLLEX-2023-00000190.pt,1527,73,look for,尋找,搵
data\features\HKSLLEX-2023-00000191.pt,1511,87,live,生活,生活
data\features\HKSLLEX-2023-00000192.pt,2554,74,trouble,麻煩,麻煩
data\features\HKSLLEX-2023-00000193.pt,1074,68,for,為了,為咗
data\features\HKSLLEX-2023-00000194.pt,467,70,brave,勇敢,勇敢
data\features\HKSLLEX-2023-00000195.pt,565,69,challenge,挑戰,挑戰
data\features\HKSLLEX-2023-00000196.pt,2460,54,text,傳訊息,傳訊息
data\features\HKSLLEX-2023-00000197.pt,444,68,borrow,借方,借
data\features\HKSLLEX-2023-00000198.pt,2672,65,wednesday,週三,星期三
data\features\HKSLLEX-2023-00000199.pt,1244,60,have,有,有
data\features\HKSLLEX-2023-00000202.pt,1511,55,live,居住,居住
data\features\HKSLLEX-2023-00000200.pt,1028,74,fight,打架,打架
data\features\HKSLLEX-2023-00000203.pt,379,57,beer,啤酒,啤酒
data\features\HKSLLEX-2023-00000201.pt,2728,68,work,工作,工作
data\features\HKSLLEX-2023-00000204.pt,1290,62,home,家,屋企
data\features\HKSLLEX-2023-00000206.pt,1257,71,heart,心,心
data\features\HKSLLEX-2023-00000205.pt,1461,90,lawnmower,剪草機,剪草機
data\features\HKSLLEX-2023-00000207.pt,1310,86,hotdog,熱狗,熱狗
data\features\HKSLLEX-2023-00000210.pt,268,72,and,並且,同埋
data\features\HKSLLEX-2023-00000208.pt,618,84,class,類別,類別
data\features\HKSLLEX-2023-00000209.pt,1431,83,keyboard,鍵盤,鍵盤
data\features\HKSLLEX-2023-00000212.pt,520,72,camera,有鏡頭的相機,有鏡頭的相機
data\features\HKSLLEX-2023-00000211.pt,520,84,camera,相機,相機
data\features\HKSLLEX-2023-00000214.pt,998,73,fall,秋天,秋天
data\features\HKSLLEX-2023-00000213.pt,1032,89,film,膠片,菲林
data\features\HKSLLEX-2023-00000215.pt,2649,65,war,戰爭,戰爭
data\features\HKSLLEX-2023-00000220.pt,1179,53,graduate,畢業,畢業
data\features\HKSLLEX-2023-00000217.pt,1519,62,lonely,孤單一人,孤單
data\features\HKSLLEX-2023-00000218.pt,2104,64,scared,怕,驚
data\features\HKSLLEX-2023-00000216.pt,1637,82,movies,電影,電影
data\features\HKSLLEX-2023-00000219.pt,1235,68,happen,發生,發生
data\features\HKSLLEX-2023-00000221.pt,933,62,email,電子郵件,電郵
data\features\HKSLLEX-2023-00000222.pt,2015,70,research,研究,研究
data\features\HKSLLEX-2023-00000223.pt,2366,67,stubborn,固執,硬頸
data\features\HKSLLEX-2023-00000224.pt,743,65,cute,可愛,可愛
data\features\HKSLLEX-2023-00000228.pt,2586,53,understand,明白,明白
data\features\HKSLLEX-2023-00000225.pt,1986,77,recording,錄影,錄影
data\features\HKSLLEX-2023-00000227.pt,1041,68,fire,火,火
data\features\HKSLLEX-2023-00000226.pt,1986,84,recording,錄影,錄影
data\features\HKSLLEX-2023-00000230.pt,2431,50,talk,說話,講嘢
data\features\HKSLLEX-2023-00000229.pt,891,67,dryer,乾衣機,乾衣機
data\features\HKSLLEX-2023-00000231.pt,1321,77,hungry,肚子餓,肚餓
data\features\HKSLLEX-2023-00000232.pt,1010,68,fat,肥,肥
data\features\HKSLLEX-2023-00000235.pt,934,72,embarrass,出醜,出醜
data\features\HKSLLEX-2023-00000233.pt,1495,76,light weight,輕,輕
data\features\HKSLLEX-2023-00000234.pt,1456,75,late,遲到,遲到
data\features\HKSLLEX-2023-00000236.pt,1614,73,mock,恥笑,恥笑
data\features\HKSLLEX-2023-00000237.pt,1029,54,figure,計數,計數
data\features\HKSLLEX-2023-00000238.pt,2580,77,ugly,醜,樣衰
data\features\HKSLLEX-2023-00000240.pt,1912,64,pretty,美麗,靚
data\features\HKSLLEX-2023-00000239.pt,2262,87,sorry,對不起,對唔住
data\features\HKSLLEX-2023-00000241.pt,708,73,cousin,表哥,表哥
data\features\HKSLLEX-2023-00000243.pt,708,73,cousin,表姐,表姐
data\features\HKSLLEX-2023-00000242.pt,708,73,cousin,表哥,表弟
data\features\HKSLLEX-2023-00000245.pt,708,76,cousin,堂兄,堂兄
data\features\HKSLLEX-2023-00000244.pt,708,87,cousin,表哥,表妹
data\features\HKSLLEX-2023-00000246.pt,708,84,cousin,堂弟,堂弟
data\features\HKSLLEX-2023-00000247.pt,708,80,cousin,堂姐,堂家姐
data\features\HKSLLEX-2023-00000249.pt,1001,64,family,家人,屋企人
data\features\HKSLLEX-2023-00000250.pt,222,59,action,動作,動作
data\features\HKSLLEX-2023-00000248.pt,708,75,cousin,堂妹,堂妹
data\features\HKSLLEX-2023-00000251.pt,559,79,center,中間,中間
data\features\HKSLLEX-2023-00000253.pt,1088,56,four,四,四
data\features\HKSLLEX-2023-00000252.pt,2596,65,upload,上傳,上載
data\features\HKSLLEX-2023-00000254.pt,2657,68,waste,浪費,浪費
data\features\HKSLLEX-2023-00000256.pt,1553,62,make,製作,製作
data\features\HKSLLEX-2023-00000255.pt,1485,71,letter,信,信
data\features\HKSLLEX-2023-00000257.pt,353,74,basement,地下室,地牢
data\features\HKSLLEX-2023-00000259.pt,1237,63,hard,難,難
data\features\HKSLLEX-2023-00000258.pt,1573,80,mcdonalds,麥當勞,麥當勞
data\features\HKSLLEX-2023-00000261.pt,1960,76,quiet,靜,靜
data\features\HKSLLEX-2023-00000260.pt,1237,80,hard,硬,硬
data\features\HKSLLEX-2023-00000262.pt,516,68,call attention,引起注意,引起注意
data\features\HKSLLEX-2023-00000263.pt,1114,80,front,前面,前面
data\features\HKSLLEX-2023-00000264.pt,1558,84,man,男人,男人
data\features\HKSLLEX-2023-00000265.pt,1618,75,money,錢,錢
data\features\HKSLLEX-2023-00000267.pt,755,76,day,日,日
data\features\HKSLLEX-2023-00000266.pt,1037,85,fine,挺好,幾好
data\features\HKSLLEX-2023-00000269.pt,1447,73,know,知道,知道
data\features\HKSLLEX-2023-00000268.pt,2361,81,strict,嚴格,嚴格
data\features\HKSLLEX-2023-00000271.pt,2178,68,show,出示,出示
data\features\HKSLLEX-2023-00000270.pt,1790,88,past,過去,過去
data\features\HKSLLEX-2023-00000272.pt,1013,72,fault,過錯,過錯
data\features\HKSLLEX-2023-00000274.pt,2719,71,wish,願望,願望
data\features\HKSLLEX-2023-00000273.pt,954,85,equal,平等,平等
data\features\HKSLLEX-2023-00000276.pt,1249,80,headphones,耳機,耳機
data\features\HKSLLEX-2023-00000275.pt,1249,89,headphones,耳筒,耳筒
data\features\HKSLLEX-2023-00000277.pt,867,84,downsize,減少,減少
data\features\HKSLLEX-2023-00000278.pt,1438,64,king,國王,國王
data\features\HKSLLEX-2023-00000280.pt,1204,68,guess,猜,估
data\features\HKSLLEX-2023-00000279.pt,1438,83,king,國王,國王
data\features\HKSLLEX-2023-00000281.pt,2372,75,stupid,蠢,蠢
data\features\HKSLLEX-2023-00000282.pt,610,84,cigarette,香煙,香煙
data\features\HKSLLEX-2023-00000285.pt,838,55,divorce,離婚,離婚
data\features\HKSLLEX-2023-00000284.pt,673,75,complex,複雜,複雜
data\features\HKSLLEX-2023-00000283.pt,1647,79,my,我的,我嘅
data\features\HKSLLEX-2023-00000287.pt,1862,66,play,玩,玩
data\features\HKSLLEX-2023-00000286.pt,977,80,expensive,貴,貴
data\features\HKSLLEX-2023-00000288.pt,730,86,cross,十字架,十字架
data\features\HKSLLEX-2023-00000289.pt,1278,67,hippo,河馬,河馬
data\features\HKSLLEX-2023-00000290.pt,2303,87,staff,職員,職員
data\features\HKSLLEX-2023-00000293.pt,1980,74,reason,原因,原因
data\features\HKSLLEX-2023-00000291.pt,956,88,eraser,擦字膠,擦字膠
data\features\HKSLLEX-2023-00000292.pt,675,77,computer mouse,滑鼠,滑鼠
data\features\HKSLLEX-2023-00000294.pt,1077,81,foreigner,外國人,外國人
data\features\HKSLLEX-2023-00000296.pt,2012,64,requirement,要求,要求
data\features\HKSLLEX-2023-00000295.pt,1077,88,foreigner,外國人,外國人
data\features\HKSLLEX-2023-00000297.pt,577,83,chat,傾談,傾計
data\features\HKSLLEX-2023-00000299.pt,2456,76,temptation,引誘,引誘
data\features\HKSLLEX-2023-00000301.pt,975,78,exercise,運動,運動
data\features\HKSLLEX-2023-00000298.pt,713,84,cracker,梳打餅,蘇打餅
data\features\HKSLLEX-2023-00000300.pt,585,87,cherry,車厘子,車厘子
data\features\HKSLLEX-2023-00000303.pt,420,64,blood,血,血
data\features\HKSLLEX-2023-00000302.pt,272,71,announce,公佈,公佈
data\features\HKSLLEX-2023-00000304.pt,420,65,blood,血,血
data\features\HKSLLEX-2023-00000305.pt,282,82,appointment,預約,預約
data\features\HKSLLEX-2023-00000308.pt,1759,59,owe,欠,欠
data\features\HKSLLEX-2023-00000311.pt,2385,52,sun,太陽,太陽
data\features\HKSLLEX-2023-00000307.pt,1759,76,owe,欠,欠
data\features\HKSLLEX-2023-00000306.pt,282,79,appointment,預約,預約
data\features\HKSLLEX-2023-00000309.pt,1020,83,feel,感覺,感覺
data\features\HKSLLEX-2023-00000310.pt,2472,82,thin,瘦,瘦
data\features\HKSLLEX-2023-00000312.pt,1913,78,price,價格,價錢
data\features\HKSLLEX-2023-00000314.pt,265,62,america,美國,美國
data\features\HKSLLEX-2023-00000313.pt,2573,71,two,二,二
data\features\HKSLLEX-2023-00000317.pt,1530,61,lose game,輸,輸
data\features\HKSLLEX-2023-00000316.pt,1402,68,jacket,夾克,外套
data\features\HKSLLEX-2023-00000315.pt,1394,81,invite,邀請,邀請
data\features\HKSLLEX-2023-00000318.pt,963,61,europe,歐洲,歐洲
data\features\HKSLLEX-2023-00000320.pt,1885,62,poor,窮,窮
data\features\HKSLLEX-2023-00000319.pt,1885,81,poor,窮,窮
data\features\HKSLLEX-2023-00000321.pt,1626,56,morning,早上,早上
data\features\HKSLLEX-2023-00000322.pt,2733,67,worry,擔心,擔心
data\features\HKSLLEX-2023-00000324.pt,527,56,cancellation,取消,取消
data\features\HKSLLEX-2023-00000323.pt,2444,74,tear,眼淚,眼淚
data\features\HKSLLEX-2023-00000326.pt,1226,68,hammer,槌,槌
data\features\HKSLLEX-2023-00000325.pt,608,75,church,教堂,教堂
data\features\HKSLLEX-2023-00000327.pt,1255,63,hearing,健聽,健聽
data\features\HKSLLEX-2023-00000328.pt,1509,72,listen,聽,聽
data\features\HKSLLEX-2023-00000329.pt,1962,63,rabbit,兔子,兔仔
data\features\HKSLLEX-2023-00000331.pt,1183,60,grandmother,嬤嬤,嫲嫲
data\features\HKSLLEX-2023-00000330.pt,702,80,corn,玉米,粟米
data\features\HKSLLEX-2023-00000332.pt,1185,67,granny,婆婆,婆婆
data\features\HKSLLEX-2023-00000333.pt,2724,84,woman,女人,女人
data\features\HKSLLEX-2023-00000336.pt,383,68,behavior,行為,行為
data\features\HKSLLEX-2023-00000335.pt,786,84,department,部門,部門
data\features\HKSLLEX-2023-00000334.pt,1384,88,internet,互聯網,互聯網
data\features\HKSLLEX-2023-00000337.pt,1577,90,measure,量度,量度
data\features\HKSLLEX-2023-00000339.pt,658,69,color,顏色,顏色
data\features\HKSLLEX-2023-00000338.pt,2568,89,tv,電視,電視
data\features\HKSLLEX-2023-00000340.pt,1409,89,jelly,啫喱,啫喱
data\features\HKSLLEX-2023-00000341.pt,1947,81,punish,懲罰,懲罰
data\features\HKSLLEX-2023-00000343.pt,923,68,egypt,埃及,埃及
data\features\HKSLLEX-2023-00000342.pt,923,85,egypt,埃及,埃及
data\features\HKSLLEX-2023-00000344.pt,338,88,ball,波,波
data\features\HKSLLEX-2023-00000345.pt,1271,76,high,高,高
data\features\HKSLLEX-2023-00000346.pt,336,73,balance,平衡,平衡
data\features\HKSLLEX-2023-00000347.pt,1192,83,greece,希臘,希臘
data\features\HKSLLEX-2023-00000348.pt,1192,64,greece,希臘,希臘
data\features\HKSLLEX-2023-00000349.pt,1117,78,frustrate,令人灰心,令人灰心
data\features\HKSLLEX-2023-00000350.pt,1710,84,numbers,數字,數字
data\features\HKSLLEX-2023-00000352.pt,981,68,explanation,解釋,解釋
data\features\HKSLLEX-2023-00000351.pt,2210,81,skateboarding,踩滑板,踩滑板
data\features\HKSLLEX-2023-00000353.pt,2686,61,what for,為什麼,點解
data\features\HKSLLEX-2023-00000354.pt,3,87,8 hour,八小時,八個鐘
data\features\HKSLLEX-2023-00000355.pt,390,76,benefit,好處,好處
data\features\HKSLLEX-2023-00000356.pt,2656,81,wash machine,洗衣機,洗衣機
data\features\HKSLLEX-2023-00000357.pt,1209,72,gullible,容易上當的,容易上當嘅
data\features\HKSLLEX-2023-00000360.pt,425,68,blue,藍色,藍色
data\features\HKSLLEX-2023-00000359.pt,1273,84,high school,高中,高中
data\features\HKSLLEX-2023-00000361.pt,2592,76,university,大學,大學
data\features\HKSLLEX-2023-00000358.pt,1122,108,furniture,傢俱,傢俬
data\features\HKSLLEX-2023-00000362.pt,2667,65,weak,弱,弱
data\features\HKSLLEX-2023-00000363.pt,591,68,children,孩子們,小朋友
data\features\HKSLLEX-2023-00000364.pt,1026,52,few,幾個,幾個
data\features\HKSLLEX-2023-00000366.pt,704,62,cough,咳嗽,咳嗽
data\features\HKSLLEX-2023-00000365.pt,655,79,cold,冷,凍
data\features\HKSLLEX-2023-00000367.pt,704,73,cough,咳嗽,咳嗽
data\features\HKSLLEX-2023-00000368.pt,1312,71,hour,小時,小時
data\features\HKSLLEX-2023-00000369.pt,244,63,agreement,同意,同意
data\features\HKSLLEX-2023-00000370.pt,4,68,9 oclock,九點,九點
data\features\HKSLLEX-2023-00000372.pt,1413,69,jigsaw puzzle,拼圖,拼圖
data\features\HKSLLEX-2023-00000371.pt,1116,69,fruit,水果,水果
data\features\HKSLLEX-2023-00000373.pt,216,68,accomplish,成功,成功
data\features\HKSLLEX-2023-00000374.pt,536,68,caption,說明文字,說明文字
data\features\HKSLLEX-2023-00000378.pt,1988,54,red,紅色,紅色
data\features\HKSLLEX-2023-00000376.pt,1843,78,pineapple,菠蘿,菠蘿
data\features\HKSLLEX-2023-00000375.pt,1634,73,mouth,嘴巴,嘴巴
data\features\HKSLLEX-2023-00000377.pt,1423,75,jump,跳,跳
data\features\HKSLLEX-2023-00000379.pt,905,64,earth,地球,地球
data\features\HKSLLEX-2023-00000380.pt,1546,83,magnet,磁石,磁石
data\features\HKSLLEX-2023-00000382.pt,937,60,emperor,皇帝,皇帝
data\features\HKSLLEX-2023-00000381.pt,937,79,emperor,皇帝,皇帝
data\features\HKSLLEX-2023-00000383.pt,764,56,deep,深,深
data\features\HKSLLEX-2023-00000384.pt,998,72,fall,摔親,跌親
data\features\HKSLLEX-2023-00000385.pt,1361,89,indian,印度,印度
data\features\HKSLLEX-2023-00000388.pt,1922,60,problem,問題,問題
data\features\HKSLLEX-2023-00000387.pt,1361,76,indian,印度,印度
data\features\HKSLLEX-2023-00000386.pt,1361,97,indian,印度,印度
data\features\HKSLLEX-2023-00000389.pt,904,81,earring,耳環,耳環
data\features\HKSLLEX-2023-00000391.pt,418,70,blinds,百葉簾,百葉簾
data\features\HKSLLEX-2023-00000390.pt,2400,76,suspect,懷疑,懷疑
data\features\HKSLLEX-2023-00000392.pt,439,69,bone,骨頭,骨頭
data\features\HKSLLEX-2023-00000393.pt,1009,55,fast,快,快
data\features\HKSLLEX-2023-00000394.pt,2354,64,strange,奇怪,奇怪
data\features\HKSLLEX-2023-00000395.pt,2299,74,squirrel,松鼠,松鼠
data\features\HKSLLEX-2023-00000396.pt,2299,76,squirrel,松鼠,松鼠
data\features\HKSLLEX-2023-00000397.pt,1443,79,kneel,跪下,跪下
data\features\HKSLLEX-2023-00000399.pt,570,68,channel,頻道,頻道
data\features\HKSLLEX-2023-00000398.pt,1850,75,pity,同情,同情
data\features\HKSLLEX-2023-00000401.pt,1611,57,misunderstand,誤解,誤解
data\features\HKSLLEX-2023-00000402.pt,1459,54,laugh,笑,笑
data\features\HKSLLEX-2023-00000400.pt,1742,73,oral,口語,口語
data\features\HKSLLEX-2023-00000403.pt,1766,77,pain,痛,痛
data\features\HKSLLEX-2023-00000404.pt,525,79,canada,加拿大,加拿大
data\features\HKSLLEX-2023-00000406.pt,1746,73,order,命令,命令
data\features\HKSLLEX-2023-00000405.pt,2288,78,sports,運動,運動
data\features\HKSLLEX-2023-00000407.pt,1935,88,protection,保護,保護
data\features\HKSLLEX-2023-00000410.pt,1580,80,medicine,藥,藥
data\features\HKSLLEX-2023-00000408.pt,709,90,cover up,掩飾,掩飾
data\features\HKSLLEX-2023-00000409.pt,2101,89,scan,掃描,掃描
data\features\HKSLLEX-2023-00000411.pt,1685,76,no,不,唔係
data\features\HKSLLEX-2023-00000412.pt,1453,88,laptop,手提電腦,手提電腦
data\features\HKSLLEX-2023-00000413.pt,288,80,arm,手臂,手臂
data\features\HKSLLEX-2023-00000414.pt,866,74,download,下載,下載
data\features\HKSLLEX-2023-00000416.pt,1475,68,lecture,講座,講座
data\features\HKSLLEX-2023-00000418.pt,885,66,drop,丟下,丟低
data\features\HKSLLEX-2023-00000417.pt,1407,79,jealous,妒忌,妒忌
data\features\HKSLLEX-2023-00000415.pt,1126,86,game,遊戲,遊戲
data\features\HKSLLEX-2023-00000419.pt,885,69,drop,丟下,丟低
data\features\HKSLLEX-2023-00000422.pt,1433,52,kid,小童,小童
data\features\HKSLLEX-2023-00000424.pt,2462,55,that,那個,嗰個
data\features\HKSLLEX-2023-00000421.pt,903,71,earn,賺錢,賺錢
data\features\HKSLLEX-2023-00000420.pt,2347,76,stomach,胃,胃
data\features\HKSLLEX-2023-00000423.pt,707,75,country,國家,國家
data\features\HKSLLEX-2023-00000425.pt,529,72,candle,蠟燭,蠟燭
data\features\HKSLLEX-2023-00000426.pt,2632,80,voice,聲音,聲音
data\features\HKSLLEX-2023-00000427.pt,2306,80,stamp,郵票,郵票
data\features\HKSLLEX-2023-00000428.pt,280,69,appear,出現,出現
data\features\HKSLLEX-2023-00000431.pt,1617,72,monday,星期一,星期一
data\features\HKSLLEX-2023-00000430.pt,1899,81,power,力量,力量
data\features\HKSLLEX-2023-00000429.pt,1711,85,nurse,護士,護士
data\features\HKSLLEX-2023-00000433.pt,1144,62,girl,女孩,女仔
data\features\HKSLLEX-2023-00000432.pt,2670,82,weather,天氣,天氣
data\features\HKSLLEX-2023-00000434.pt,2167,76,shop,買東西,買嘢
data\features\HKSLLEX-2023-00000435.pt,2125,69,secret,秘密,秘密
data\features\HKSLLEX-2023-00000436.pt,2125,76,secret,秘密,秘密
data\features\HKSLLEX-2023-00000437.pt,889,60,drunk,醉,醉
data\features\HKSLLEX-2023-00000439.pt,1297,69,honor,尊重,尊重
data\features\HKSLLEX-2023-00000440.pt,1123,69,future,未來,未來
data\features\HKSLLEX-2023-00000438.pt,1236,80,happy,開心,開心
data\features\HKSLLEX-2023-00000441.pt,2486,77,throw,扔,扔
data\features\HKSLLEX-2023-00000442.pt,1583,70,meeting,會議,會議
data\features\HKSLLEX-2023-00000443.pt,2119,95,scroll down,碌下去,碌落去
data\features\HKSLLEX-2023-00000444.pt,369,76,beard,鬍鬚,鬍鬚
data\features\HKSLLEX-2023-00000445.pt,2231,74,smoking,吸菸,吸煙
data\features\HKSLLEX-2023-00000447.pt,1901,58,prayer,祈禱,祈禱
data\features\HKSLLEX-2023-00000448.pt,2502,57,tired,累,攰
data\features\HKSLLEX-2023-00000446.pt,2108,80,school,學校,學校
data\features\HKSLLEX-2023-00000450.pt,1648,63,myself,自己,自己
data\features\HKSLLEX-2023-00000449.pt,1390,78,introduction,介紹,介紹
data\features\HKSLLEX-2023-00000451.pt,1264,64,hello,你好,你好
data\features\HKSLLEX-2023-00000454.pt,1238,74,hard of hearing,弱聽,弱聽
data\features\HKSLLEX-2023-00000453.pt,1255,82,hearing,健聽,健聽
data\features\HKSLLEX-2023-00000452.pt,757,94,deaf,聾人,聾人
data\features\HKSLLEX-2023-00000456.pt,239,73,again,再來,再來
data\features\HKSLLEX-2023-00000455.pt,857,84,dont understand,不明白,不明白
data\features\HKSLLEX-2023-00000457.pt,2461,73,thank you,謝謝,謝謝
data\features\HKSLLEX-2023-00000458.pt,2192,91,sign language,手語,手語
data\features\HKSLLEX-2023-00000459.pt,436,73,bold,臉皮厚.,臉皮厚
data\features\HKSLLEX-2023-00000460.pt,1794,74,pay attention to,專心,專心
data\features\HKSLLEX-2023-00000461.pt,1652,66,name,姓名,姓名
data\features\HKSLLEX-2023-00000463.pt,35,68,English,英文,英文
data\features\HKSLLEX-2023-00000464.pt,2685,64,what,什麼,甚麼
data\features\HKSLLEX-2023-00000462.pt,1653,77,name2,姓名,姓名
data\features\HKSLLEX-2023-00000465.pt,1787,81,passing notes,筆談,筆談
data\features\HKSLLEX-2023-00000466.pt,128,64,SMS,短訊,短訊
data\features\HKSLLEX-2023-00000467.pt,852,83,dont have,沒有,沒有
data\features\HKSLLEX-2023-00000472.pt,193,63,WC,廁所,廁所
data\features\HKSLLEX-2023-00000469.pt,524,78,can,可以,可以
data\features\HKSLLEX-2023-00000471.pt,2023,68,rest,休息,休息
data\features\HKSLLEX-2023-00000470.pt,532,75,cannot,不可以,唔可以
data\features\HKSLLEX-2023-00000468.pt,2006,89,remember,記得,記得
data\features\HKSLLEX-2023-00000474.pt,2441,70,teach,教,教
data\features\HKSLLEX-2023-00000475.pt,1081,63,forget,忘記,忘記
data\features\HKSLLEX-2023-00000473.pt,194,96,WC2,廁所,廁所
data\features\HKSLLEX-2023-00000477.pt,752,70,dating,拍拖,拍拖
data\features\HKSLLEX-2023-00000478.pt,1565,77,marriage,結婚,結婚
data\features\HKSLLEX-2023-00000480.pt,319,68,baby,嬰兒,嬰兒
data\features\HKSLLEX-2023-00000479.pt,403,75,birth,出生,出生
data\features\HKSLLEX-2023-00000476.pt,1107,89,friend,朋友,朋友
data\features\HKSLLEX-2023-00000481.pt,320,76,baby2,嬰兒,嬰兒
data\features\HKSLLEX-2023-00000482.pt,321,78,baby3,嬰兒,嬰兒
data\features\HKSLLEX-2023-00000483.pt,1202,85,grow up,成長,成長
data\features\HKSLLEX-2023-00000484.pt,2448,69,teenage,青年,青年
data\features\HKSLLEX-2023-00000485.pt,233,65,adult,成人,成人
data\features\HKSLLEX-2023-00000486.pt,926,83,elder,年老,年老
data\features\HKSLLEX-2023-00000487.pt,2186,89,sibling,兄弟姐妹,兄弟姐妹
data\features\HKSLLEX-2023-00000488.pt,2000,80,relative,親戚,親戚
data\features\HKSLLEX-2023-00000489.pt,2442,72,teacher,老師,老師
data\features\HKSLLEX-2023-00000490.pt,2368,64,student,學生,學生
data\features\HKSLLEX-2023-00000491.pt,619,67,classmate,同學,同學
data\features\HKSLLEX-2023-00000492.pt,657,68,colleague,同事,同事
data\features\HKSLLEX-2023-00000493.pt,1706,79,not yet,尚未,尚未
data\features\HKSLLEX-2023-00000494.pt,2700,79,who,誰,誰
data\features\HKSLLEX-2023-00000496.pt,238,68,afternoon,下午,下午
data\features\HKSLLEX-2023-00000495.pt,751,80,date,日期,日期
data\features\HKSLLEX-2023-00000498.pt,1709,64,now,現在,現在
data\features\HKSLLEX-2023-00000497.pt,1683,76,night,晚上,晚上
data\features\HKSLLEX-2023-00000500.pt,2519,63,tomorrow,明天,聽日
data\features\HKSLLEX-2023-00000499.pt,2749,71,yesterday,昨天,噚日
data\features\HKSLLEX-2023-00000501.pt,1621,76,month,一個月,一個月
data\features\HKSLLEX-2023-00000502.pt,1315,74,how many,多少,幾多
data\features\HKSLLEX-2023-00000503.pt,404,76,birthday,生日,生日
data\features\HKSLLEX-2023-00000504.pt,1539,71,lunar calendar,農曆,農曆
data\features\HKSLLEX-2023-00000505.pt,1673,76,new year,新年,新年
data\features\HKSLLEX-2023-00000506.pt,2606,77,valentines day,情人節,情人節
data\features\HKSLLEX-2023-00000507.pt,909,85,easter,復活節,復活節
data\features\HKSLLEX-2023-00000508.pt,1596,85,mid autumn festival,中秋節,中秋節
data\features\HKSLLEX-2023-00000509.pt,2518,72,tomb sweeping day,清明節,清明節
data\features\HKSLLEX-2023-00000511.pt,1335,61,idle,有空,得閒
data\features\HKSLLEX-2023-00000510.pt,606,74,christmas,聖誕節,聖誕節
data\features\HKSLLEX-2023-00000512.pt,502,66,busy,忙碌,忙碌
data\features\HKSLLEX-2023-00000513.pt,1829,64,photograph,攝影,攝影
data\features\HKSLLEX-2023-00000514.pt,1829,71,photograph,攝影,攝影
data\features\HKSLLEX-2023-00000517.pt,2168,60,shopping,購物,購物
data\features\HKSLLEX-2023-00000515.pt,872,78,draw,繪畫,繪畫
data\features\HKSLLEX-2023-00000516.pt,2647,79,wander,逛街,行街
data\features\HKSLLEX-2023-00000519.pt,397,67,bicycle,自行車,單車
data\features\HKSLLEX-2023-00000518.pt,1275,74,hike,徒步,行山
data\features\HKSLLEX-2023-00000520.pt,431,80,boat trip,遊船河,遊船河
data\features\HKSLLEX-2023-00000521.pt,2457,80,tennis,網球,網球
data\features\HKSLLEX-2023-00000524.pt,2633,61,volleyball,排球,排球
data\features\HKSLLEX-2023-00000522.pt,2297,96,squash,壁球,壁球
data\features\HKSLLEX-2023-00000523.pt,333,69,badminton,羽毛球,羽毛球
data\features\HKSLLEX-2023-00000525.pt,454,76,bowling,保齡球,保齡球
data\features\HKSLLEX-2023-00000527.pt,1332,72,iceskating,溜冰,溜冰
data\features\HKSLLEX-2023-00000526.pt,1073,83,football,足球,足球
data\features\HKSLLEX-2023-00000528.pt,2416,73,swim,游泳,游水
data\features\HKSLLEX-2023-00000529.pt,2121,86,scuba diving,潛水,潛水
data\features\HKSLLEX-2023-00000532.pt,1975,83,read,閱讀,閱讀
data\features\HKSLLEX-2023-00000531.pt,2640,88,walk,走路,行路
data\features\HKSLLEX-2023-00000530.pt,836,95,dive,跳水,跳水
data\features\HKSLLEX-2023-00000535.pt,346,75,barbecue,燒烤,燒烤
data\features\HKSLLEX-2023-00000533.pt,1510,84,listen to music,聽音樂,聽音樂
data\features\HKSLLEX-2023-00000534.pt,1863,89,play video game,打機,打機
data\features\HKSLLEX-2023-00000536.pt,522,82,camp,露營,露營
data\features\HKSLLEX-2023-00000537.pt,224,76,activities,活動,活動
data\features\HKSLLEX-2023-00000540.pt,828,66,dislike,不喜歡,唔鍾意
data\features\HKSLLEX-2023-00000539.pt,2507,64,to like,喜歡,鍾意
data\features\HKSLLEX-2023-00000538.pt,253,80,all kinds,各式各樣,各式各樣
data\features\HKSLLEX-2023-00000541.pt,2702,76,why,為甚麼,點解
data\features\HKSLLEX-2023-00000542.pt,1065,76,flower,花,花
data\features\HKSLLEX-2023-00000544.pt,2548,65,tree,樹,樹
data\features\HKSLLEX-2023-00000543.pt,1188,80,grass,草,草
data\features\HKSLLEX-2023-00000545.pt,2726,88,wood,木,木
data\features\HKSLLEX-2023-00000547.pt,1467,76,leaf,葉,葉
data\features\HKSLLEX-2023-00000548.pt,640,72,cloud,雲,雲
data\features\HKSLLEX-2023-00000549.pt,640,68,cloud,雲,雲
data\features\HKSLLEX-2023-00000546.pt,1632,82,mountain,山,山
data\features\HKSLLEX-2023-00000551.pt,1497,60,lightning,閃電,閃電
data\features\HKSLLEX-2023-00000550.pt,1966,78,rain,雨,雨
data\features\HKSLLEX-2023-00000552.pt,1967,76,rainbow,彩虹,彩虹
data\features\HKSLLEX-2023-00000553.pt,1622,64,moon,月亮,月亮
data\features\HKSLLEX-2023-00000555.pt,2659,71,water,水,水
data\features\HKSLLEX-2023-00000556.pt,2348,68,stone,石,石
data\features\HKSLLEX-2023-00000558.pt,1308,68,hot,炎熱,炎熱
data\features\HKSLLEX-2023-00000554.pt,2310,85,star,星星,星星
data\features\HKSLLEX-2023-00000557.pt,2254,92,soil,泥土,泥土
data\features\HKSLLEX-2023-00000560.pt,328,70,backpacking,自助旅遊,自助旅遊
data\features\HKSLLEX-2023-00000559.pt,2531,84,tour,旅遊,旅遊
data\features\HKSLLEX-2023-00000561.pt,328,84,backpacking,自助旅遊,自助旅遊
data\features\HKSLLEX-2023-00000563.pt,33,75,East Rail Line,東鐵綫,東鐵綫
data\features\HKSLLEX-2023-00000562.pt,90,76,MTR,港鐵,港鐵
data\features\HKSLLEX-2023-00000564.pt,246,72,airplane,飛機,飛機
data\features\HKSLLEX-2023-00000565.pt,1263,74,helicopter,直升機,直升機
data\features\HKSLLEX-2023-00000566.pt,2439,67,taxi,計程車,的士
data\features\HKSLLEX-2023-00000567.pt,1604,68,minibus,小巴,小巴
data\features\HKSLLEX-2023-00000568.pt,499,92,bus,公車,巴士
data\features\HKSLLEX-2023-00000570.pt,538,49,car,私家車,私家車
data\features\HKSLLEX-2023-00000569.pt,1631,72,motorcycle,摩托車,電單車
data\features\HKSLLEX-2023-00000572.pt,2541,73,tram,電車,電車
data\features\HKSLLEX-2023-00000573.pt,714,76,crane,吊車,吊車
data\features\HKSLLEX-2023-00000571.pt,2611,84,van,客貨車,客貨車
data\features\HKSLLEX-2023-00000574.pt,511,72,cable car,纜車,纜車
data\features\HKSLLEX-2023-00000575.pt,430,72,boat,船,船
data\features\HKSLLEX-2023-00000577.pt,110,81,Octopus Card,八達通,八達通
data\features\HKSLLEX-2023-00000576.pt,1024,100,ferry,渡海小輪,渡海小輪
data\features\HKSLLEX-2023-00000579.pt,2490,61,ticket,票,票
data\features\HKSLLEX-2023-00000578.pt,110,77,Octopus Card,八達通,八達通
data\features\HKSLLEX-2023-00000580.pt,1743,64,orange,橙色,橙色
data\features\HKSLLEX-2023-00000581.pt,2747,73,yellow,黃,黃
data\features\HKSLLEX-2023-00000582.pt,482,73,brown,棕色,啡色
data\features\HKSLLEX-2023-00000583.pt,2697,72,white,白,白
data\features\HKSLLEX-2023-00000585.pt,370,56,beautiful,美麗,美麗
data\features\HKSLLEX-2023-00000586.pt,578,57,cheap,便宜,便宜
data\features\HKSLLEX-2023-00000587.pt,1358,64,increase,增加,增加
data\features\HKSLLEX-2023-00000584.pt,1190,89,gray,灰色,灰色
data\features\HKSLLEX-2023-00000588.pt,2588,77,unhappy,傷心,傷心
data\features\HKSLLEX-2023-00000590.pt,2555,63,troublesome,麻煩,麻煩
data\features\HKSLLEX-2023-00000589.pt,2504,67,tiring,辛苦,辛苦
data\features\HKSLLEX-2023-00000591.pt,2470,68,thick,厚,厚
data\features\HKSLLEX-2023-00000593.pt,2169,56,short,短,短
data\features\HKSLLEX-2023-00000592.pt,1520,72,long,長,長
data\features\HKSLLEX-2023-00000595.pt,2226,54,small,小,細
data\features\HKSLLEX-2023-00000594.pt,398,72,big,大,大
data\features\HKSLLEX-2023-00000596.pt,2149,68,shallow,淺,淺
data\features\HKSLLEX-2023-00000598.pt,1660,70,near,近,近
data\features\HKSLLEX-2023-00000597.pt,1005,75,far,遠,遠
data\features\HKSLLEX-2023-00000599.pt,1927,67,progress,進步,進步
data\features\HKSLLEX-2023-00000600.pt,999,71,fall behind,退步,退步
data\features\HKSLLEX-2023-00000601.pt,2214,61,skinny,瘦,瘦
data\features\HKSLLEX-2023-00000603.pt,993,60,failure,失敗,失敗
data\features\HKSLLEX-2023-00000602.pt,2376,70,success,成功,成功
data\features\HKSLLEX-2023-00000604.pt,1538,74,lucky,幸運,好彩
data\features\HKSLLEX-2023-00000605.pt,2593,68,unlucky,不幸,唔好彩
data\features\HKSLLEX-2023-00000606.pt,1119,70,full,飽,飽
data\features\HKSLLEX-2023-00000607.pt,1992,74,refined demeanor,斯文,斯文
data\features\HKSLLEX-2023-00000608.pt,1119,56,full,飽,飽
data\features\HKSLLEX-2023-00000610.pt,910,47,easy,傾向的,容易
data\features\HKSLLEX-2023-00000609.pt,807,74,difficult,困難,困難
data\features\HKSLLEX-2023-00000611.pt,1108,68,friendly,友好,友好
data\features\HKSLLEX-2023-00000613.pt,2225,59,sly,狡猾,狡猾
data\features\HKSLLEX-2023-00000612.pt,1725,68,old,舊,舊
data\features\HKSLLEX-2023-00000614.pt,1536,68,loyal,忠誠,忠誠
data\features\HKSLLEX-2023-00000615.pt,623,64,clean,乾淨,乾淨
data\features\HKSLLEX-2023-00000617.pt,2193,70,sign name,手語名,手語名
data\features\HKSLLEX-2023-00000616.pt,819,85,dirty,骯髒,骯髒
data\features\HKSLLEX-2023-00000619.pt,818,62,direct,直接,直接
data\features\HKSLLEX-2023-00000618.pt,2540,75,trait,特徵,特徵
data\features\HKSLLEX-2023-00000620.pt,2199,67,simply,簡潔,簡潔
data\features\HKSLLEX-2023-00000623.pt,1146,63,give me,給我,畀我
data\features\HKSLLEX-2023-00000622.pt,228,68,address,地址,地址
data\features\HKSLLEX-2023-00000621.pt,1015,80,fax,傳真,傳真
data\features\HKSLLEX-2023-00000624.pt,853,65,dont know,不知道,唔知道
data\features\HKSLLEX-2023-00000626.pt,1582,57,meet,見面,見面
data\features\HKSLLEX-2023-00000625.pt,805,65,different,不同,唔同
data\features\HKSLLEX-2023-00000627.pt,1381,72,interact,交流,交流
data\features\HKSLLEX-2023-00000628.pt,2727,71,word,詞彙,詞彙
data\features\HKSLLEX-2023-00000629.pt,2137,78,sentence,句子,句子
data\features\HKSLLEX-2023-00000630.pt,961,80,essay,文章,文章
data\features\HKSLLEX-2023-00000634.pt,1721,61,office admin,文職,文職
data\features\HKSLLEX-2023-00000631.pt,2508,83,to video,攝錄,攝錄
data\features\HKSLLEX-2023-00000632.pt,1342,85,imitate,模仿,模仿
data\features\HKSLLEX-2023-00000633.pt,1342,84,imitate,模仿,模仿
data\features\HKSLLEX-2023-00000635.pt,614,84,civil servant,公務員,公務員
data\features\HKSLLEX-2023-00000636.pt,2246,83,social worker,社工,社工
data\features\HKSLLEX-2023-00000638.pt,1878,63,policeman,警察,警察
data\features\HKSLLEX-2023-00000637.pt,2246,78,social worker,社工,社工
data\features\HKSLLEX-2023-00000639.pt,1856,73,plain clothes policeman,便衣警探,便衣警探
data\features\HKSLLEX-2023-00000640.pt,840,75,doctor,醫生,醫生
data\features\HKSLLEX-2023-00000641.pt,229,80,administrative assistant,秘書,秘書
data\features\HKSLLEX-2023-00000642.pt,219,81,accounting,會計,會計
data\features\HKSLLEX-2023-00000643.pt,500,74,business,生意,生意
data\features\HKSLLEX-2023-00000644.pt,674,72,computer,電腦,電腦
data\features\HKSLLEX-2023-00000645.pt,2506,61,to design,設計,設計
data\features\HKSLLEX-2023-00000647.pt,1828,68,photocopy,影印,影印
data\features\HKSLLEX-2023-00000646.pt,2578,90,typesetting,排版,排版
data\features\HKSLLEX-2023-00000648.pt,624,88,cleaner,清潔,清潔
data\features\HKSLLEX-2023-00000649.pt,1378,85,insurance,保險,保險
data\features\HKSLLEX-2023-00000650.pt,946,78,engineer,工程師,工程師
data\features\HKSLLEX-2023-00000652.pt,1043,65,firefighter,消防員,消防員
data\features\HKSLLEX-2023-00000651.pt,946,80,engineer,工程師,工程師
data\features\HKSLLEX-2023-00000653.pt,2079,66,salesperson,售貨員,售貨員
data\features\HKSLLEX-2023-00000654.pt,1550,63,mailman,郵差,郵差
data\features\HKSLLEX-2023-00000655.pt,1517,65,logistics,搬運,搬運
data\features\HKSLLEX-2023-00000657.pt,344,54,bank,銀行,銀行
data\features\HKSLLEX-2023-00000656.pt,1462,69,lawyer,律師,律師
data\features\HKSLLEX-2023-00000658.pt,990,64,factory,工廠,工廠
data\features\HKSLLEX-2023-00000659.pt,69,77,Labor Department,勞工處,勞工處
data\features\HKSLLEX-2023-00000660.pt,150,74,Social Welfare Department,社會福利署,社會福利署
data\features\HKSLLEX-2023-00000661.pt,263,68,always,經常,經常
data\features\HKSLLEX-2023-00000662.pt,2258,65,sometimes,間中,間中
data\features\HKSLLEX-2023-00000664.pt,773,53,delay,拖延,拖延
data\features\HKSLLEX-2023-00000663.pt,2013,75,reschedule,改期,改期
data\features\HKSLLEX-2023-00000665.pt,1457,60,late night,深夜,深夜
data\features\HKSLLEX-2023-00000666.pt,1048,62,first day Lunar New Year,年初一,年初一
data\features\HKSLLEX-2023-00000669.pt,1858,60,plan,安排,安排
data\features\HKSLLEX-2023-00000667.pt,380,60,before,之前,之前
data\features\HKSLLEX-2023-00000668.pt,381,66,before2,以前,以前
data\features\HKSLLEX-2023-00000670.pt,1367,60,initially,最初,最初
data\features\HKSLLEX-2023-00000671.pt,1034,63,finally,最後,最後
data\features\HKSLLEX-2023-00000673.pt,1157,57,go on,繼續,繼續
data\features\HKSLLEX-2023-00000672.pt,2595,69,until,直到,直到
data\features\HKSLLEX-2023-00000674.pt,1728,91,on time,準時,準時
data\features\HKSLLEX-2023-00000676.pt,245,73,ahead of time,提早,提早
data\features\HKSLLEX-2023-00000677.pt,1345,69,immediately,立即,立即
data\features\HKSLLEX-2023-00000675.pt,2017,77,reserve a court,訂場,訂場
data\features\HKSLLEX-2023-00000678.pt,1050,76,first time,第一次,第一次
data\features\HKSLLEX-2023-00000679.pt,2570,60,twice,兩次,兩次
data\features\HKSLLEX-2023-00000680.pt,1562,62,many times,很多次,好多次
data\features\HKSLLEX-2023-00000681.pt,1983,64,recently,最近,最近
data\features\HKSLLEX-2023-00000684.pt,1169,46,good at,精於,精於
data\features\HKSLLEX-2023-00000683.pt,1783,58,participate,參加,參加
data\features\HKSLLEX-2023-00000685.pt,1140,56,get together,集合,集合
data\features\HKSLLEX-2023-00000682.pt,671,64,competition,比賽,比賽
data\features\HKSLLEX-2023-00000687.pt,2681,61,well behaved,乖,乖
data\features\HKSLLEX-2023-00000688.pt,1657,57,naughty,頑皮,曳
data\features\HKSLLEX-2023-00000686.pt,2107,71,scatter,解散,解散
data\features\HKSLLEX-2023-00000689.pt,1436,54,kindergarten,幼稚園,幼稚園
data\features\HKSLLEX-2023-00000690.pt,1437,52,kindergarten2,幼稚園,幼稚園
data\features\HKSLLEX-2023-00000691.pt,1916,57,primary school,小學,小學
data\features\HKSLLEX-2023-00000692.pt,669,69,community college,大專,大專
data\features\HKSLLEX-2023-00000693.pt,2746,71,year,一年級,一年級
data\features\HKSLLEX-2023-00000694.pt,1085,57,form2 school,中二,中二
data\features\HKSLLEX-2023-00000696.pt,2459,58,test,測驗,測驗
data\features\HKSLLEX-2023-00000695.pt,2369,58,study,學習,學習
data\features\HKSLLEX-2023-00000697.pt,817,66,diploma,文憑,文憑
data\features\HKSLLEX-2023-00000699.pt,1925,55,professional,專業,專業
data\features\HKSLLEX-2023-00000698.pt,817,79,diploma,文憑,文憑
data\features\HKSLLEX-2023-00000700.pt,2539,64,training,訓練,訓練
data\features\HKSLLEX-2023-00000704.pt,2109,59,science,科學,科學
data\features\HKSLLEX-2023-00000701.pt,2493,75,tie game,打和,打和
data\features\HKSLLEX-2023-00000702.pt,1147,73,give up,放棄,放棄
data\features\HKSLLEX-2023-00000703.pt,1571,68,math,數學,數學
data\features\HKSLLEX-2023-00000705.pt,1280,77,history,歷史,歷史
data\features\HKSLLEX-2023-00000706.pt,1831,71,physical education,體育,體育
data\features\HKSLLEX-2023-00000707.pt,1644,70,music,音樂,音樂
data\features\HKSLLEX-2023-00000708.pt,1816,62,perform,表演,表演
data\features\HKSLLEX-2023-00000709.pt,323,56,bachelor degree,學士,學士
data\features\HKSLLEX-2023-00000711.pt,841,56,doctoral degree,博士,博士
data\features\HKSLLEX-2023-00000710.pt,1569,64,master degree,碩士,碩士
data\features\HKSLLEX-2023-00000712.pt,2212,57,skill,技術,技術
data\features\HKSLLEX-2023-00000713.pt,1981,56,rebel,反叛,反叛
data\features\HKSLLEX-2023-00000715.pt,1049,63,first place,第一名,第一名
data\features\HKSLLEX-2023-00000714.pt,1337,68,ignorance,無知,無知
data\features\HKSLLEX-2023-00000716.pt,1002,66,famous,出名,出名
data\features\HKSLLEX-2023-00000717.pt,1002,63,famous,出名,出名
data\features\HKSLLEX-2023-00000718.pt,2614,65,vegetables,菜,菜
data\features\HKSLLEX-2023-00000719.pt,1585,63,melon,瓜,瓜
data\features\HKSLLEX-2023-00000720.pt,1578,72,meat,肉,肉
data\features\HKSLLEX-2023-00000722.pt,2410,53,sweet,甜,甜
data\features\HKSLLEX-2023-00000721.pt,2213,75,skin,皮,皮
data\features\HKSLLEX-2023-00000723.pt,2266,61,sour,酸,酸
data\features\HKSLLEX-2023-00000724.pt,409,60,bitter,苦,苦
data\features\HKSLLEX-2023-00000726.pt,2083,68,salty,鹹,鹹
data\features\HKSLLEX-2023-00000725.pt,2280,80,spicy,辣,辣
data\features\HKSLLEX-2023-00000727.pt,1723,75,oil,油,油
data\features\HKSLLEX-2023-00000728.pt,1092,64,fragrant,香,香
data\features\HKSLLEX-2023-00000729.pt,2342,76,stinky,臭,臭
data\features\HKSLLEX-2023-00000731.pt,1691,78,noodle,麵,麵
data\features\HKSLLEX-2023-00000730.pt,2034,80,rice,飯,飯
data\features\HKSLLEX-2023-00000734.pt,2090,63,sandwich,三明治,三文治
data\features\HKSLLEX-2023-00000732.pt,683,79,congee,粥,粥
data\features\HKSLLEX-2023-00000736.pt,917,58,egg,蛋,蛋
data\features\HKSLLEX-2023-00000733.pt,468,80,bread,麵包,麵包
data\features\HKSLLEX-2023-00000735.pt,2090,76,sandwich,三明治,三文治
data\features\HKSLLEX-2023-00000738.pt,2264,65,soup,湯,湯
data\features\HKSLLEX-2023-00000737.pt,2438,91,tastes bad,不好吃,唔好味
data\features\HKSLLEX-2023-00000740.pt,2250,65,soda,汽水,汽水
data\features\HKSLLEX-2023-00000739.pt,2481,86,thirsty,渴,渴
data\features\HKSLLEX-2023-00000742.pt,1599,76,milk tea,奶茶,奶茶
data\features\HKSLLEX-2023-00000741.pt,248,86,alcohol,酒,酒
data\features\HKSLLEX-2023-00000744.pt,2025,72,restaurant,餐廳,餐廳
data\features\HKSLLEX-2023-00000743.pt,649,88,coffee,咖啡,咖啡
data\features\HKSLLEX-2023-00000746.pt,745,67,dai pai dong,大排檔,大排檔
data\features\HKSLLEX-2023-00000745.pt,597,84,chinese restaurant,酒樓,酒樓
data\features\HKSLLEX-2023-00000748.pt,281,75,apple,蘋果,蘋果
data\features\HKSLLEX-2023-00000747.pt,340,81,banana,香蕉,香蕉
data\features\HKSLLEX-2023-00000749.pt,1802,69,pear,梨,梨
data\features\HKSLLEX-2023-00000751.pt,588,65,chicken,雞,雞
data\features\HKSLLEX-2023-00000750.pt,2662,71,watermelon,西瓜,西瓜
data\features\HKSLLEX-2023-00000752.pt,892,87,duck,鴨,鴨
data\features\HKSLLEX-2023-00000753.pt,1171,78,goose,鵝,鵝
data\features\HKSLLEX-2023-00000755.pt,2180,62,shrimp,蝦,蝦
data\features\HKSLLEX-2023-00000756.pt,711,58,crab,螃蟹,蟹
data\features\HKSLLEX-2023-00000754.pt,1051,68,fish,魚,魚
data\features\HKSLLEX-2023-00000759.pt,710,64,cow,牛,牛
data\features\HKSLLEX-2023-00000757.pt,711,81,crab,螃蟹,蟹
data\features\HKSLLEX-2023-00000758.pt,615,75,clam,蜆,蜆
data\features\HKSLLEX-2023-00000760.pt,1836,76,pig,豬,豬
data\features\HKSLLEX-2023-00000763.pt,1619,60,monkey,猴,猴
data\features\HKSLLEX-2023-00000764.pt,844,64,dog,狗,狗
data\features\HKSLLEX-2023-00000761.pt,2158,89,sheep,羊,羊
data\features\HKSLLEX-2023-00000766.pt,1503,64,lion,獅子,獅子
data\features\HKSLLEX-2023-00000762.pt,2234,92,snake,蛇,蛇
data\features\HKSLLEX-2023-00000767.pt,2496,66,tiger,虎,虎
data\features\HKSLLEX-2023-00000765.pt,1304,82,horse,馬,馬
data\features\HKSLLEX-2023-00000769.pt,869,62,dragon,龍,龍
data\features\HKSLLEX-2023-00000768.pt,1633,72,mouse,鼠,鼠
data\features\HKSLLEX-2023-00000770.pt,1791,72,patient,耐性,耐性
data\features\HKSLLEX-2023-00000771.pt,689,67,conservative,保守,保守
data\features\HKSLLEX-2023-00000773.pt,951,72,enthusiastic,熱心,熱心
data\features\HKSLLEX-2023-00000772.pt,1266,65,help,幫助,幫助
data\features\HKSLLEX-2023-00000774.pt,988,64,face,面子,面子
data\features\HKSLLEX-2023-00000775.pt,2594,68,unreliable,卸責,卸責
data\features\HKSLLEX-2023-00000777.pt,828,70,dislike,討厭,討厭
data\features\HKSLLEX-2023-00000776.pt,627,70,clever,聰明,聰明
data\features\HKSLLEX-2023-00000778.pt,584,80,cherish,愛惜,愛惜
data\features\HKSLLEX-2023-00000782.pt,1820,68,persistent,堅持,堅持
data\features\HKSLLEX-2023-00000780.pt,682,72,confused,糊塗,糊塗
data\features\HKSLLEX-2023-00000781.pt,973,75,excited,興奮,興奮
data\features\HKSLLEX-2023-00000779.pt,725,78,creative,創作力,創作力
data\features\HKSLLEX-2023-00000783.pt,1319,64,humble,屈就,屈就
data\features\HKSLLEX-2023-00000785.pt,1426,56,justice,公正,公正
data\features\HKSLLEX-2023-00000784.pt,2515,88,tolerant,忍讓,忍讓
data\features\HKSLLEX-2023-00000786.pt,1815,62,perfect,完美,完美
data\features\HKSLLEX-2023-00000787.pt,483,65,brown nose,拍馬屁,拍馬屁
data\features\HKSLLEX-2023-00000790.pt,1023,69,ferocious,兇惡,兇惡
data\features\HKSLLEX-2023-00000788.pt,493,80,bully,欺侮,欺侮
data\features\HKSLLEX-2023-00000791.pt,1667,78,nervous,緊張,緊張
data\features\HKSLLEX-2023-00000789.pt,2005,84,rely,依靠,依靠
data\features\HKSLLEX-2023-00000793.pt,2704,41,wicked,黑心,黑心
data\features\HKSLLEX-2023-00000792.pt,1435,70,kind,善良,善良
data\features\HKSLLEX-2023-00000794.pt,1555,52,make fun,取笑,取笑
data\features\HKSLLEX-2023-00000795.pt,2217,54,slander,中傷,中傷
data\features\HKSLLEX-2023-00000796.pt,997,67,fake,虛偽,虛偽
data\features\HKSLLEX-2023-00000797.pt,2131,64,selfish,自私,自私
data\features\HKSLLEX-2023-00000800.pt,2544,64,translate,翻譯,翻譯
data\features\HKSLLEX-2023-00000798.pt,2393,85,support,支持,支持
data\features\HKSLLEX-2023-00000799.pt,2616,81,vernacular sign,自然手語,自然手語
data\features\HKSLLEX-2023-00000801.pt,1504,95,lip-read,唇讀,唇讀
data\features\HKSLLEX-2023-00000803.pt,1355,78,inaudible,聽不到,聽不到
data\features\HKSLLEX-2023-00000802.pt,2263,85,sound,聲音,聲音
data\features\HKSLLEX-2023-00000805.pt,2274,64,speak,說話,說話
data\features\HKSLLEX-2023-00000804.pt,1931,78,pronounce,讀音,發音
data\features\HKSLLEX-2023-00000807.pt,2232,58,smooth,流暢,流暢
data\features\HKSLLEX-2023-00000808.pt,1347,69,impact,影響,影響
data\features\HKSLLEX-2023-00000806.pt,936,72,emotions,表情,表情
data\features\HKSLLEX-2023-00000809.pt,625,62,clear,清楚,清楚
data\features\HKSLLEX-2023-00000810.pt,663,73,comfortable,舒服,舒服
data\features\HKSLLEX-2023-00000811.pt,1124,77,fuzzy,矇查查,矇查查
data\features\HKSLLEX-2023-00000812.pt,223,70,active,主動,主動
data\features\HKSLLEX-2023-00000813.pt,1788,66,passive,被動,被動
data\features\HKSLLEX-2023-00000814.pt,804,72,difference,差異,差異
data\features\HKSLLEX-2023-00000816.pt,2374,70,substantial,內涵,內涵
data\features\HKSLLEX-2023-00000815.pt,2389,73,superficial,表面,表面
data\features\HKSLLEX-2023-00000817.pt,283,70,appropriate,適合,適合
data\features\HKSLLEX-2023-00000818.pt,568,61,change,改變,改變
data\features\HKSLLEX-2023-00000819.pt,938,76,employ,招聘,招聘
data\features\HKSLLEX-2023-00000820.pt,1388,87,interview,面試,面試
data\features\HKSLLEX-2023-00000821.pt,1365,80,information,資料,資料
data\features\HKSLLEX-2023-00000822.pt,694,70,contract,合約,合約
data\features\HKSLLEX-2023-00000823.pt,1357,72,income,收入,收入
data\features\HKSLLEX-2023-00000824.pt,2679,70,welfare,福利,福利
data\features\HKSLLEX-2023-00000826.pt,1474,61,leave of absence,事假,事假
data\features\HKSLLEX-2023-00000825.pt,273,73,annual leave,年假,年假
data\features\HKSLLEX-2023-00000827.pt,2188,59,sick leave,病假,病假
data\features\HKSLLEX-2023-00000830.pt,1796,60,pay salary,出糧,出糧
data\features\HKSLLEX-2023-00000828.pt,2426,69,take leave,請假,請假
data\features\HKSLLEX-2023-00000831.pt,2373,60,subsidy,津貼,津貼
data\features\HKSLLEX-2023-00000829.pt,1560,76,mandatory provident fund,強積金,強積金
data\features\HKSLLEX-2023-00000832.pt,440,69,bonus,花紅,花紅
data\features\HKSLLEX-2023-00000833.pt,940,60,end of year bonus,雙糧,雙糧
data\features\HKSLLEX-2023-00000834.pt,665,68,commission,佣金,佣金
data\features\HKSLLEX-2023-00000835.pt,2547,82,travel allowance,交通津貼,交通津貼
data\features\HKSLLEX-2023-00000837.pt,782,72,dental,牙科,牙科
data\features\HKSLLEX-2023-00000836.pt,1575,76,meal allowance,膳食津貼,膳食津貼
data\features\HKSLLEX-2023-00000838.pt,1251,68,healthcare,醫療,醫療
data\features\HKSLLEX-2023-00000839.pt,1953,76,putonghua,普通話,普通話
data\features\HKSLLEX-2023-00000840.pt,535,81,cantonese,粵語,粵語
data\features\HKSLLEX-2023-00000841.pt,2161,81,shift work,輪班,輪班
data\features\HKSLLEX-2023-00000842.pt,756,72,day off rotation,輪休,輪休
data\features\HKSLLEX-2023-00000847.pt,2018,60,resign,辭職,辭職
data\features\HKSLLEX-2023-00000843.pt,978,76,experience,經驗,經驗
data\features\HKSLLEX-2023-00000848.pt,829,48,dismiss,解僱,解僱
data\features\HKSLLEX-2023-00000846.pt,470,80,break contract,毀約,毀約
data\features\HKSLLEX-2023-00000845.pt,656,82,collaboration,合作,合作
data\features\HKSLLEX-2023-00000844.pt,1739,95,opportunity,機會,機會
data\features\HKSLLEX-2023-00000850.pt,2028,76,retire,退休,退休
data\features\HKSLLEX-2023-00000849.pt,829,89,dismiss,解僱,解僱
data\features\HKSLLEX-2023-00000852.pt,1910,56,pressure,壓力,壓力
data\features\HKSLLEX-2023-00000855.pt,962,56,establish,成立,成立
data\features\HKSLLEX-2023-00000853.pt,1757,64,overtime,加班,加班
data\features\HKSLLEX-2023-00000851.pt,2134,80,send letter,寄信,寄信
data\features\HKSLLEX-2023-00000856.pt,634,69,close down,倒閉,倒閉
data\features\HKSLLEX-2023-00000854.pt,134,90,Selective Placement Division,展能就業科,展能就業科
data\features\HKSLLEX-2023-00000857.pt,2338,68,still,仍然,仍然
data\features\HKSLLEX-2023-00000858.pt,2600,70,used to be,本來,本來
data\features\HKSLLEX-2023-00000860.pt,2648,60,want,想,想
data\features\HKSLLEX-2023-00000859.pt,503,68,but,但是,但是
data\features\HKSLLEX-2023-00000862.pt,266,68,an instant,彈指間,彈指間
data\features\HKSLLEX-2023-00000863.pt,2379,55,suddenly,突然,忽然
data\features\HKSLLEX-2023-00000861.pt,2497,86,time,光陰,光陰
data\features\HKSLLEX-2023-00000865.pt,1679,60,next time,下次,下次
data\features\HKSLLEX-2023-00000866.pt,1079,58,forever,永遠,永遠
data\features\HKSLLEX-2023-00000864.pt,2454,74,temporarily,暫時,暫時
data\features\HKSLLEX-2023-00000867.pt,1075,77,for a long time,很長時間,很久
data\features\HKSLLEX-2023-00000868.pt,895,81,dusk,黃昏,黃昏
data\features\HKSLLEX-2023-00000870.pt,751,64,date,約會,約會
data\features\HKSLLEX-2023-00000871.pt,392,63,best friends,死黨,死黨
data\features\HKSLLEX-2023-00000872.pt,590,60,childhood,小時候,小時候
data\features\HKSLLEX-2023-00000869.pt,754,94,dawn,清晨,清晨
data\features\HKSLLEX-2023-00000874.pt,691,68,contact,聯繫,聯絡
data\features\HKSLLEX-2023-00000873.pt,972,72,exchange,交換,交換
data\features\HKSLLEX-2023-00000876.pt,2062,59,round,圓,圓
data\features\HKSLLEX-2023-00000875.pt,2295,72,square,方,方
data\features\HKSLLEX-2023-00000877.pt,741,66,curved,彎,彎
data\features\HKSLLEX-2023-00000878.pt,2352,67,straight,直,直
data\features\HKSLLEX-2023-00000880.pt,1656,61,narrow,窄,窄
data\features\HKSLLEX-2023-00000879.pt,2705,67,wide,寬,闊
data\features\HKSLLEX-2023-00000881.pt,211,64,above,上,上
data\features\HKSLLEX-2023-00000882.pt,389,74,beneath,下,下
data\features\HKSLLEX-2023-00000885.pt,1114,52,front,前,前
data\features\HKSLLEX-2023-00000883.pt,1476,65,left,左,左
data\features\HKSLLEX-2023-00000884.pt,2040,65,right,右,右
data\features\HKSLLEX-2023-00000889.pt,908,53,east,東,東
data\features\HKSLLEX-2023-00000887.pt,1371,78,inside,內,內
data\features\HKSLLEX-2023-00000886.pt,324,87,back,後,後
data\features\HKSLLEX-2023-00000888.pt,1751,84,outside,外,外
data\features\HKSLLEX-2023-00000890.pt,2267,59,south,南,南
data\features\HKSLLEX-2023-00000892.pt,1695,68,north,北,北
data\features\HKSLLEX-2023-00000893.pt,559,60,center,中,中
data\features\HKSLLEX-2023-00000891.pt,2682,77,west,西,西
data\features\HKSLLEX-2023-00000894.pt,260,71,almost,差不多,差唔多
data\features\HKSLLEX-2023-00000896.pt,2417,82,swimming pool,泳池,泳池
data\features\HKSLLEX-2023-00000895.pt,1782,92,park,公園,公園
data\features\HKSLLEX-2023-00000898.pt,32,82,Disneyland Resort,迪士尼樂園,迪士尼樂園
data\features\HKSLLEX-2023-00000899.pt,108,72,Ocean Park,海洋公園,海洋公園
data\features\HKSLLEX-2023-00000897.pt,2289,100,sports ground,運動場,運動場
data\features\HKSLLEX-2023-00000901.pt,1877,85,police station,警署,警署
data\features\HKSLLEX-2023-00000902.pt,2304,79,staircase,樓梯,樓梯
data\features\HKSLLEX-2023-00000900.pt,1306,101,hospital,醫院,醫院
data\features\HKSLLEX-2023-00000905.pt,1340,59,illness,病,病
data\features\HKSLLEX-2023-00000903.pt,1492,73,lift,升降機,升降機
data\features\HKSLLEX-2023-00000907.pt,1922,60,problem,問題,問題
data\features\HKSLLEX-2023-00000906.pt,1340,69,illness,病,病
data\features\HKSLLEX-2023-00000904.pt,959,85,escalator,扶手電梯,扶手電梯
data\features\HKSLLEX-2023-00000908.pt,2430,73,take temperature,探熱,探熱
data\features\HKSLLEX-2023-00000909.pt,420,68,blood,血,血
data\features\HKSLLEX-2023-00000910.pt,873,78,draw blood,抽血,抽血
data\features\HKSLLEX-2023-00000911.pt,1369,70,injection,打針,打針
data\features\HKSLLEX-2023-00000915.pt,2516,67,tolerate,忍耐,忍耐
data\features\HKSLLEX-2023-00000914.pt,941,68,endure,忍受,忍受
data\features\HKSLLEX-2023-00000912.pt,1369,84,injection,打針,打針
data\features\HKSLLEX-2023-00000913.pt,1766,86,pain,痛,痛
data\features\HKSLLEX-2023-00000917.pt,1839,47,pill,藥丸,藥丸
data\features\HKSLLEX-2023-00000916.pt,1580,72,medicine,藥水,藥水
data\features\HKSLLEX-2023-00000918.pt,2219,68,sleepy,眼瞓,眼睏
data\features\HKSLLEX-2023-00000919.pt,2668,76,weak and frail,衰弱,衰弱
data\features\HKSLLEX-2023-00000924.pt,1213,64,habit,習慣,習慣
data\features\HKSLLEX-2023-00000920.pt,1252,78,healthy and strong,壯健,壯健
data\features\HKSLLEX-2023-00000922.pt,810,85,digest,消化,消化
data\features\HKSLLEX-2023-00000923.pt,2347,74,stomach,胃,胃
data\features\HKSLLEX-2023-00000921.pt,839,88,dizzy,暈眩,暈眩
data\features\HKSLLEX-2023-00000925.pt,825,83,discomfort,不適,不適
data\features\HKSLLEX-2023-00000926.pt,1348,78,impairment,障礙,障礙
data\features\HKSLLEX-2023-00000928.pt,2598,51,urinate,小便,小便
data\features\HKSLLEX-2023-00000927.pt,770,72,defecate,大便,大便
data\features\HKSLLEX-2023-00000931.pt,655,53,cold,感冒,感冒
data\features\HKSLLEX-2023-00000929.pt,800,84,diarrhea,腹瀉,肚瀉
data\features\HKSLLEX-2023-00000932.pt,2690,75,wheelchair,輪椅,輪椅
data\features\HKSLLEX-2023-00000930.pt,2635,80,vomit,嘔吐,嘔吐
data\features\HKSLLEX-2023-00000933.pt,417,70,blind,盲,盲
data\features\HKSLLEX-2023-00000934.pt,820,67,disabled person,殘疾人,殘疾人士
data\features\HKSLLEX-2023-00000935.pt,1047,60,first aid,急救,急救
data\features\HKSLLEX-2023-00000936.pt,2014,67,rescue,拯救,拯救
data\features\HKSLLEX-2023-00000938.pt,2397,54,surgery,手術,手術
data\features\HKSLLEX-2023-00000937.pt,1307,72,hospitalize,送院,送院
data\features\HKSLLEX-2023-00000939.pt,528,60,cancer,癌,癌
data\features\HKSLLEX-2023-00000940.pt,1025,72,fever,發燒,發燒
data\features\HKSLLEX-2023-00000941.pt,1987,61,recover,康復,康復
data\features\HKSLLEX-2023-00000942.pt,2185,56,shy,害羞,害羞
data\features\HKSLLEX-2023-00000943.pt,428,77,blushing,面紅,面紅
data\features\HKSLLEX-2023-00000945.pt,2104,63,scared,害怕,害怕
data\features\HKSLLEX-2023-00000944.pt,1770,72,pale faced,面色青青,面青青
data\features\HKSLLEX-2023-00000946.pt,2106,65,scary,恐怖,恐怖
data\features\HKSLLEX-2023-00000947.pt,1193,64,greedy,貪心,貪心
data\features\HKSLLEX-2023-00000948.pt,1193,55,greedy,貪心,貪心
data\features\HKSLLEX-2023-00000950.pt,1826,60,petty,小氣,小氣
data\features\HKSLLEX-2023-00000949.pt,2341,87,stingy,吝嗇,孤寒
data\features\HKSLLEX-2023-00000953.pt,2706,64,wide eyed,眼睛凸凸,眼凸凸
data\features\HKSLLEX-2023-00000954.pt,1875,66,pointless,無謂,無謂
data\features\HKSLLEX-2023-00000955.pt,1407,60,jealous,嫉妒,嫉妒
data\features\HKSLLEX-2023-00000952.pt,1542,80,lustful,好色,好色
data\features\HKSLLEX-2023-00000951.pt,1203,88,grudgeful,記仇,記仇
data\features\HKSLLEX-2023-00000956.pt,2587,69,unexpected,出乎意料,出乎意料
data\features\HKSLLEX-2023-00000957.pt,1408,64,jealous in love,呷醋,呷醋
data\features\HKSLLEX-2023-00000959.pt,1276,60,hilarious,搞笑,搞笑
data\features\HKSLLEX-2023-00000958.pt,297,76,asking for trouble,自討苦吃,自討苦吃
data\features\HKSLLEX-2023-00000963.pt,947,59,engrossed,投入,投入
data\features\HKSLLEX-2023-00000961.pt,1416,74,joking,玩東西,玩嘢
data\features\HKSLLEX-2023-00000960.pt,1616,75,moleitau,無厘頭,無厘頭
data\features\HKSLLEX-2023-00000962.pt,2529,72,touching,感人,感人
data\features\HKSLLEX-2023-00000964.pt,275,70,anticipating,期待,期待
data\features\HKSLLEX-2023-00000965.pt,1376,88,instinct,直覺,直覺
data\features\HKSLLEX-2023-00000967.pt,2582,64,unafraid,不怕,不怕
data\features\HKSLLEX-2023-00000966.pt,2514,77,toil,捱過苦,捱苦
data\features\HKSLLEX-2023-00000968.pt,1997,72,regretful,後悔,後悔
data\features\HKSLLEX-2023-00000969.pt,336,78,balance,平衡,平衡
data\features\HKSLLEX-2023-00000970.pt,984,86,express delivery,速遞,速遞
data\features\HKSLLEX-2023-00000971.pt,317,97,awkward,靦腆,靦腆
data\features\HKSLLEX-2023-00000972.pt,1225,144,hamburger,漢堡包,漢堡包
data\features\HKSLLEX-2023-00000975.pt,783,163,dentist,牙醫,牙醫
data\features\HKSLLEX-2023-00000974.pt,2492,173,tie,領呔,領呔
data\features\HKSLLEX-2023-00000973.pt,736,182,cup,杯,杯
data\features\HKSLLEX-2023-00000977.pt,564,182,chair,椅子,凳
data\features\HKSLLEX-2023-00000976.pt,564,202,chair,椅子,凳
data\features\HKSLLEX-2023-00000978.pt,530,192,candy,糖果,糖果
data\features\HKSLLEX-2023-00000980.pt,2110,192,scientist,科學家,科學家
data\features\HKSLLEX-2023-00000979.pt,2110,240,scientist,科學家,科學家
data\features\HKSLLEX-2023-00000981.pt,1776,173,parachute,降落傘,降落傘
data\features\HKSLLEX-2023-00000985.pt,1773,115,paper,紙,紙
data\features\HKSLLEX-2023-00000982.pt,549,182,cat,貓,貓
data\features\HKSLLEX-2023-00000984.pt,1397,125,island,島,島
data\features\HKSLLEX-2023-00000983.pt,2057,182,room,房間,房間
data\features\HKSLLEX-2023-00000986.pt,441,134,book,書,書
data\features\HKSLLEX-2023-00000987.pt,2163,125,shirt,襯衫,恤衫
data\features\HKSLLEX-2023-00000988.pt,2048,115,rock,石,石
data\features\HKSLLEX-2023-00000989.pt,2048,134,rock,石,石
data\features\HKSLLEX-2023-00000990.pt,815,144,dinosaur,恐龍,恐龍
data\features\HKSLLEX-2023-00000992.pt,504,144,butter,牛油,牛油
data\features\HKSLLEX-2023-00000994.pt,2545,125,trash,垃圾,垃圾
data\features\HKSLLEX-2023-00000993.pt,504,144,butter,牛油,牛油
data\features\HKSLLEX-2023-00000991.pt,815,173,dinosaur,恐龍,恐龍
data\features\HKSLLEX-2023-00000996.pt,2111,125,scissors,剪刀,剪刀
data\features\HKSLLEX-2023-00000995.pt,2172,125,shorts,短褲,短褲
data\features\HKSLLEX-2023-00001001.pt,523,96,camping,露營,露營
data\features\HKSLLEX-2023-00000997.pt,402,134,bird,小鳥,小鳥
data\features\HKSLLEX-2023-00000999.pt,2271,134,spaghetti,意粉,意粉
data\features\HKSLLEX-2023-00000998.pt,2271,144,spaghetti,意粉,意粉
data\features\HKSLLEX-2023-00001000.pt,455,134,bowtie,褒呔,褒呔
data\features\HKSLLEX-2023-00001003.pt,2313,125,stars,星星,星星
data\features\HKSLLEX-2023-00001002.pt,2215,154,skirt,短裙,短裙
data\features\HKSLLEX-2023-00001004.pt,2395,144,surf,衝浪,衝浪
data\features\HKSLLEX-2023-00001005.pt,2723,115,wolf,狼,狼
data\features\HKSLLEX-2023-00001007.pt,1598,134,milk,牛奶,牛奶
data\features\HKSLLEX-2023-00001006.pt,1598,154,milk,牛奶,牛奶
data\features\HKSLLEX-2023-00001008.pt,1598,134,milk,牛奶,牛奶
data\features\HKSLLEX-2023-00001009.pt,2241,144,snow,雪,雪
data\features\HKSLLEX-2023-00001012.pt,861,115,dormitory,宿舍,宿舍
data\features\HKSLLEX-2023-00001010.pt,2241,144,snow,雪,雪
data\features\HKSLLEX-2023-00001011.pt,1772,134,pants,長褲,長褲
data\features\HKSLLEX-2023-00001013.pt,2639,163,waiter,侍應,侍應
data\features\HKSLLEX-2023-00001017.pt,334,106,bag,袋子,袋
data\features\HKSLLEX-2023-00001016.pt,1720,125,office,辦公室,寫字樓
data\features\HKSLLEX-2023-00001015.pt,2358,134,street,街道,街道
data\features\HKSLLEX-2023-00001014.pt,2639,144,waiter,侍應,侍應
data\features\HKSLLEX-2023-00001018.pt,798,115,diamond,鑽石,鑽石
data\features\HKSLLEX-2023-00001019.pt,1452,125,language,語言,語言
data\features\HKSLLEX-2023-00001020.pt,2357,134,strawberry,草莓,草莓
data\features\HKSLLEX-2023-00001021.pt,1477,115,lemon,檸檬,檸檬
data\features\HKSLLEX-2023-00001023.pt,1929,106,promise,承諾,承諾
data\features\HKSLLEX-2023-00001022.pt,1798,134,peach,蜜桃,蜜桃
data\features\HKSLLEX-2023-00001025.pt,484,144,brush,梳頭,梳頭
data\features\HKSLLEX-2023-00001026.pt,1835,134,pie,批,批
data\features\HKSLLEX-2023-00001024.pt,484,154,brush,梳頭,梳頭
data\features\HKSLLEX-2023-00001028.pt,760,115,death,死亡,死亡
data\features\HKSLLEX-2023-00001027.pt,1965,125,radio,收音機,收音機
data\features\HKSLLEX-2023-00001029.pt,295,115,asia,亞洲,亞洲
data\features\HKSLLEX-2023-00001031.pt,796,144,devil,魔鬼,魔鬼
data\features\HKSLLEX-2023-00001030.pt,796,163,devil,魔鬼,魔鬼
data\features\HKSLLEX-2023-00001034.pt,874,115,drawer,櫃桶,櫃桶
data\features\HKSLLEX-2023-00001033.pt,1914,125,pride,自豪,自豪
data\features\HKSLLEX-2023-00001036.pt,2245,125,soap,肥皂,番梘
data\features\HKSLLEX-2023-00001035.pt,1486,134,lettuce,生菜,生菜
data\features\HKSLLEX-2023-00001032.pt,796,154,devil,魔鬼,魔鬼
data\features\HKSLLEX-2023-00001037.pt,1102,163,frenchfries,薯條,薯條
data\features\HKSLLEX-2023-00001040.pt,1871,154,plunger,通渠泵,通渠泵
data\features\HKSLLEX-2023-00001038.pt,785,163,deodorant,除臭劑,止汗劑
data\features\HKSLLEX-2023-00001039.pt,785,163,deodorant,除臭劑,止汗劑
data\features\HKSLLEX-2023-00001041.pt,2177,163,shovel,鏟,鏟
data\features\HKSLLEX-2023-00001042.pt,2177,163,shovel,鏟,鏟
data\features\HKSLLEX-2023-00001043.pt,1972,173,razor,剃鬚刀,剃鬚刀
data\features\HKSLLEX-2023-00001044.pt,1921,202,prison,監獄,監獄
data\features\HKSLLEX-2023-00001045.pt,1921,134,prison,監獄,監獄
data\features\HKSLLEX-2023-00001046.pt,1921,125,prison,監獄,監獄
data\features\HKSLLEX-2023-00001048.pt,2179,125,shower,洗澡,沖涼
data\features\HKSLLEX-2023-00001047.pt,2179,134,shower,洗澡,沖涼
data\features\HKSLLEX-2023-00001049.pt,799,144,diaper,尿片,尿片
data\features\HKSLLEX-2023-00001050.pt,2089,154,sandals,涼鞋,涼鞋
data\features\HKSLLEX-2023-00001051.pt,927,134,electrician,電工,電工
data\features\HKSLLEX-2023-00001053.pt,579,144,cheat,作弊,出貓
data\features\HKSLLEX-2023-00001052.pt,2396,163,surgeon,外科醫生,外科醫生
data\features\HKSLLEX-2023-00001054.pt,579,144,cheat,作弊,出貓
data\features\HKSLLEX-2023-00001055.pt,2567,154,turtle,烏龜,烏龜
data\features\HKSLLEX-2023-00001056.pt,1331,154,icecream,雪糕,雪糕
data\features\HKSLLEX-2023-00001057.pt,1331,134,icecream,雪糕,雪糕
data\features\HKSLLEX-2023-00001059.pt,401,154,biology,生物學,生物學
data\features\HKSLLEX-2023-00001058.pt,561,163,cereal,穀物片,穀物片
data\features\HKSLLEX-2023-00001060.pt,1441,144,kitchen,廚房,廚房
data\features\HKSLLEX-2023-00001062.pt,2418,134,swing,搖擺,搖擺
data\features\HKSLLEX-2023-00001061.pt,1166,173,golf,高爾夫球,高爾夫球
data\features\HKSLLEX-2023-00001063.pt,1840,134,pillow,枕頭,枕頭
data\features\HKSLLEX-2023-00001064.pt,1743,134,orange,橙,橙
data\features\HKSLLEX-2023-00001065.pt,1743,144,orange,橙,橙
data\features\HKSLLEX-2023-00001066.pt,1743,134,orange,橙,橙
data\features\HKSLLEX-2023-00001068.pt,1743,134,orange,橙,橙
data\features\HKSLLEX-2023-00001067.pt,1743,163,orange,橙,橙
data\features\HKSLLEX-2023-00001069.pt,1743,144,orange,橙,橙
data\features\HKSLLEX-2023-00001070.pt,582,134,cheese,芝士,芝士
data\features\HKSLLEX-2023-00001072.pt,2581,144,umbrella,雨傘,雨傘
data\features\HKSLLEX-2023-00001073.pt,1161,134,goat,山羊,山羊
data\features\HKSLLEX-2023-00001071.pt,582,154,cheese,芝士,芝士
data\features\HKSLLEX-2023-00001074.pt,740,144,curtain,窗簾,窗簾
data\features\HKSLLEX-2023-00001075.pt,418,125,blinds,百葉簾,百葉簾
data\features\HKSLLEX-2023-00001076.pt,418,154,blinds,百葉簾,百葉簾
data\features\HKSLLEX-2023-00001078.pt,1073,144,football,足球,足球
data\features\HKSLLEX-2023-00001077.pt,1150,154,gloves,手套,手套
data\features\HKSLLEX-2023-00001079.pt,1073,134,football,足球,足球
data\features\HKSLLEX-2023-00001081.pt,1442,125,kite,風箏,風箏
data\features\HKSLLEX-2023-00001080.pt,1864,134,playground,操場,操場
data\features\HKSLLEX-2023-00001082.pt,747,125,dancer,舞蹈員,舞蹈員
data\features\HKSLLEX-2023-00001083.pt,1054,125,fishing,釣魚,釣魚
data\features\HKSLLEX-2023-00001084.pt,2287,134,spoon,湯匙,湯匙
data\features\HKSLLEX-2023-00001085.pt,359,134,bathroom,浴室,浴室
data\features\HKSLLEX-2023-00001088.pt,2451,125,telephone,電話,電話
data\features\HKSLLEX-2023-00001086.pt,359,154,bathroom,浴室,浴室
data\features\HKSLLEX-2023-00001087.pt,1044,154,fireman,消防員,消防員
data\features\HKSLLEX-2023-00001089.pt,1487,154,library,圖書館,圖書館
data\features\HKSLLEX-2023-00001090.pt,1834,134,picture,圖片,圖片
data\features\HKSLLEX-2023-00001091.pt,1595,154,microwave,微波爐,微波爐
data\features\HKSLLEX-2023-00001092.pt,1173,134,gorilla,大猩猩,大猩猩
data\features\HKSLLEX-2023-00001093.pt,1241,125,hat,帽子,帽
data\features\HKSLLEX-2023-00001094.pt,2696,125,whistle,哨子,哨子
data\features\HKSLLEX-2023-00001096.pt,2712,125,windmill,風車,風車
data\features\HKSLLEX-2023-00001095.pt,2524,134,tornado,龍捲風,龍捲風
data\features\HKSLLEX-2023-00001097.pt,2510,125,tobacco,煙草,煙草
data\features\HKSLLEX-2023-00001098.pt,1465,154,lazy,懶惰,懶惰
data\features\HKSLLEX-2023-00001100.pt,2440,115,tea,茶,茶
data\features\HKSLLEX-2023-00001099.pt,1465,154,lazy,懶惰,懶惰
data\features\HKSLLEX-2023-00001101.pt,1808,125,pencil,鉛筆,鉛筆
data\features\HKSLLEX-2023-00001104.pt,2174,106,shoulder,肩膀,膊頭
data\features\HKSLLEX-2023-00001105.pt,1216,125,hair,頭髮,頭髮
data\features\HKSLLEX-2023-00001102.pt,534,163,canteen,食堂,飯堂
data\features\HKSLLEX-2023-00001103.pt,534,154,canteen,食堂,飯堂
data\features\HKSLLEX-2023-00001106.pt,2165,125,shoes,鞋,鞋
data\features\HKSLLEX-2023-00001107.pt,2165,125,shoes,鞋,鞋
data\features\HKSLLEX-2023-00001108.pt,930,134,elephant,大象,大象
data\features\HKSLLEX-2023-00001109.pt,930,134,elephant,大象,大象
data\features\HKSLLEX-2023-00001110.pt,930,144,elephant,大象,大象
data\features\HKSLLEX-2023-00001112.pt,2078,125,salad,沙拉,沙律
data\features\HKSLLEX-2023-00001113.pt,2078,125,salad,沙拉,沙律
data\features\HKSLLEX-2023-00001111.pt,2078,144,salad,沙拉,沙律
data\features\HKSLLEX-2023-00001115.pt,2078,134,salad,沙拉,沙律
data\features\HKSLLEX-2023-00001114.pt,2078,154,salad,沙拉,沙律
data\features\HKSLLEX-2023-00001116.pt,1662,144,necklace,項鍊,頸鍊
data\features\HKSLLEX-2023-00001117.pt,1817,144,perfume,香水,香水
data\features\HKSLLEX-2023-00001118.pt,1817,115,perfume,香水,香水
data\features\HKSLLEX-2023-00001123.pt,1260,96,heaven,天堂,天堂
data\features\HKSLLEX-2023-00001119.pt,1817,144,perfume,香水,香水
data\features\HKSLLEX-2023-00001120.pt,1817,144,perfume,香水,香水
data\features\HKSLLEX-2023-00001125.pt,1544,134,magazine,雜誌,雜誌
data\features\HKSLLEX-2023-00001124.pt,1544,144,magazine,雜誌,雜誌
data\features\HKSLLEX-2023-00001127.pt,2563,115,turkey,火雞,火雞
data\features\HKSLLEX-2023-00001126.pt,1208,115,guitar,吉他,吉他
data\features\HKSLLEX-2023-00001128.pt,1768,115,paintbrush,畫筆,畫筆
data\features\HKSLLEX-2023-00001129.pt,1887,144,popcorn,爆谷,爆谷
data\features\HKSLLEX-2023-00001130.pt,1887,134,popcorn,爆谷,爆谷
data\features\HKSLLEX-2023-00001131.pt,236,134,africa,非洲,非洲
data\features\HKSLLEX-2023-00001132.pt,236,134,africa,非洲,非洲
data\features\HKSLLEX-2023-00001133.pt,236,144,africa,非洲,非洲
data\features\HKSLLEX-2023-00001135.pt,544,125,carrot,紅蘿蔔,紅蘿蔔
data\features\HKSLLEX-2023-00001134.pt,544,134,carrot,紅蘿蔔,紅蘿蔔
data\features\HKSLLEX-2023-00001136.pt,1811,134,pepper,胡椒,胡椒
data\features\HKSLLEX-2023-00001137.pt,1811,144,pepper,胡椒,胡椒
data\features\HKSLLEX-2023-00001138.pt,1811,144,pepper,胡椒,胡椒
data\features\HKSLLEX-2023-00001139.pt,339,144,balloon,氣球,氣球
data\features\HKSLLEX-2023-00001141.pt,647,125,coconut,椰子,椰子
data\features\HKSLLEX-2023-00001142.pt,1186,125,grapes,葡萄,提子
data\features\HKSLLEX-2023-00001143.pt,1186,125,grapes,葡萄,提子
data\features\HKSLLEX-2023-00001140.pt,647,144,coconut,椰子,椰子
data\features\HKSLLEX-2023-00001144.pt,1624,125,mop,拖地,拖地
data\features\HKSLLEX-2023-00001145.pt,514,144,calendar,日曆,日曆
data\features\HKSLLEX-2023-00001146.pt,1291,125,homework,功課,功課
data\features\HKSLLEX-2023-00001147.pt,2615,134,verb,動詞,動詞
data\features\HKSLLEX-2023-00001148.pt,2615,134,verb,動詞,動詞
data\features\HKSLLEX-2023-00001150.pt,790,134,desert,沙漠,沙漠
data\features\HKSLLEX-2023-00001152.pt,2105,134,scarf,頸巾,頸巾
data\features\HKSLLEX-2023-00001151.pt,1940,144,psychologist,心理學家,心理學家
data\features\HKSLLEX-2023-00001149.pt,1377,163,insult,侮辱,侮辱
data\features\HKSLLEX-2023-00001153.pt,964,134,evaluate,評價,評價
data\features\HKSLLEX-2023-00001154.pt,477,154,bridesmaid,伴娘,伴娘
data\features\HKSLLEX-2023-00001155.pt,2720,144,witch,巫婆,巫婆
data\features\HKSLLEX-2023-00001156.pt,2720,134,witch,巫婆,巫婆
data\features\HKSLLEX-2023-00001157.pt,1654,134,napkin,餐巾,餐巾
data\features\HKSLLEX-2023-00001158.pt,1670,134,neutral,中立,中立
data\features\HKSLLEX-2023-00001159.pt,1670,144,neutral,中立,中立
data\features\HKSLLEX-2023-00001160.pt,1670,134,neutral,中立,中立
data\features\HKSLLEX-2023-00001161.pt,1127,115,garage,車庫,車庫
data\features\HKSLLEX-2023-00001162.pt,2585,134,underpants,內褲,底褲
data\features\HKSLLEX-2023-00001163.pt,2585,134,underpants,內褲,底褲
data\features\HKSLLEX-2023-00001164.pt,461,115,bracelet,手鐲,手鈪
data\features\HKSLLEX-2023-00001165.pt,461,125,bracelet,手鍊,手鍊
data\features\HKSLLEX-2023-00001166.pt,2421,115,table,桌子,枱
data\features\HKSLLEX-2023-00001167.pt,641,134,clown,小丑,小丑
data\features\HKSLLEX-2023-00001168.pt,641,134,clown,小丑,小丑
data\features\HKSLLEX-2023-00001169.pt,460,154,bra,胸罩,胸圍
data\features\HKSLLEX-2023-00001170.pt,460,115,bra,胸罩,胸圍
data\features\HKSLLEX-2023-00001171.pt,1832,125,piano,鋼琴,鋼琴
data\features\HKSLLEX-2023-00001172.pt,1579,125,mechanic,技工,技工
data\features\HKSLLEX-2023-00001174.pt,2249,115,socks,襪子,襪
data\features\HKSLLEX-2023-00001173.pt,414,134,blanket,毛毯,毛毯
data\features\HKSLLEX-2023-00001175.pt,1607,115,mirror,鏡子,鏡
data\features\HKSLLEX-2023-00001176.pt,2043,134,river,河,河
data\features\HKSLLEX-2023-00001177.pt,387,106,belt,腰帶,腰帶
data\features\HKSLLEX-2023-00001178.pt,373,115,bed,床,床
data\features\HKSLLEX-2023-00001179.pt,373,134,bed,床,床
data\features\HKSLLEX-2023-00001180.pt,1733,134,onion,洋蔥,洋蔥
data\features\HKSLLEX-2023-00001182.pt,906,115,earthquake,地震,地震
data\features\HKSLLEX-2023-00001183.pt,1090,115,fox,狐狸,狐狸
data\features\HKSLLEX-2023-00001181.pt,1733,154,onion,洋蔥,洋蔥
data\features\HKSLLEX-2023-00001184.pt,2713,115,window,窗戶,窗
data\features\HKSLLEX-2023-00001185.pt,351,134,baseball,棒球,棒球
data\features\HKSLLEX-2023-00001186.pt,351,134,baseball,棒球,棒球
data\features\HKSLLEX-2023-00001187.pt,218,134,accountant,會計師,會計師
data\features\HKSLLEX-2023-00001190.pt,356,115,basketball,籃球,籃球
data\features\HKSLLEX-2023-00001188.pt,218,134,accountant,會計師,會計師
data\features\HKSLLEX-2023-00001189.pt,356,144,basketball,籃球,籃球
data\features\HKSLLEX-2023-00001191.pt,877,125,dress,連身裙,連身裙
data\features\HKSLLEX-2023-00001192.pt,225,115,actor,演員,演員
data\features\HKSLLEX-2023-00001193.pt,2305,125,stairs,樓梯,樓梯
data\features\HKSLLEX-2023-00001194.pt,1143,134,giraffe,長頸鹿,長頸鹿
data\features\HKSLLEX-2023-00001195.pt,1143,144,giraffe,長頸鹿,長頸鹿
data\features\HKSLLEX-2023-00001196.pt,1896,144,potato,薯仔,薯仔
data\features\HKSLLEX-2023-00001198.pt,2059,134,rooster,公雞,公雞
data\features\HKSLLEX-2023-00001197.pt,1896,144,potato,薯仔,薯仔
data\features\HKSLLEX-2023-00001200.pt,2059,125,rooster,公雞,公雞
data\features\HKSLLEX-2023-00001199.pt,2059,134,rooster,公雞,公雞
data\features\HKSLLEX-2023-00001201.pt,860,134,door,門,門
data\features\HKSLLEX-2023-00001202.pt,860,115,door,門,門
data\features\HKSLLEX-2023-00001203.pt,860,115,door,門,門
data\features\HKSLLEX-2023-00001204.pt,860,125,door,門,門
data\features\HKSLLEX-2023-00001205.pt,2041,125,ring,戒指,戒指
data\features\HKSLLEX-2023-00001206.pt,1959,154,queen regnant,女王,女王
data\features\HKSLLEX-2023-00001207.pt,1959,144,queen regnant,女王,女王
data\features\HKSLLEX-2023-00001209.pt,505,115,butterfly,蝴蝶,蝴蝶
data\features\HKSLLEX-2023-00001208.pt,1958,154,queen consort,王后,王后
data\features\HKSLLEX-2023-00001210.pt,846,144,dolphin,海豚,海豚
data\features\HKSLLEX-2023-00001211.pt,1847,144,pirate,海盜,海盜
data\features\HKSLLEX-2023-00001212.pt,1847,134,pirate,海盜,海盜
data\features\HKSLLEX-2023-00001213.pt,2126,125,secretary,秘書,秘書
data\features\HKSLLEX-2023-00001214.pt,768,115,deer,鹿,鹿
data\features\HKSLLEX-2023-00001217.pt,330,115,bacon,煙肉,煙肉
data\features\HKSLLEX-2023-00001215.pt,345,144,bar,酒吧,酒吧
data\features\HKSLLEX-2023-00001216.pt,345,134,bar,酒吧,酒吧
data\features\HKSLLEX-2023-00001218.pt,330,115,bacon,煙肉,煙肉
data\features\HKSLLEX-2023-00001220.pt,888,106,drum,鼓,鼓
data\features\HKSLLEX-2023-00001219.pt,400,125,binoculars,雙筒望遠鏡,雙筒望遠鏡
data\features\HKSLLEX-2023-00001221.pt,1594,125,microscope,顯微鏡,顯微鏡
data\features\HKSLLEX-2023-00001225.pt,1543,115,machine,機器,機器
data\features\HKSLLEX-2023-00001224.pt,2694,125,whip,鞭,鞭
data\features\HKSLLEX-2023-00001223.pt,2694,154,whip,鞭,鞭
data\features\HKSLLEX-2023-00001222.pt,1594,163,microscope,顯微鏡,顯微鏡
data\features\HKSLLEX-2023-00001226.pt,2663,125,wave,海浪,海浪
data\features\HKSLLEX-2023-00001228.pt,567,106,chance,機會,機會
data\features\HKSLLEX-2023-00001227.pt,567,125,chance,機會,機會
data\features\HKSLLEX-2023-00001229.pt,478,115,bridge,橋,橋
data\features\HKSLLEX-2023-00001231.pt,2625,106,violin,小提琴,小提琴
data\features\HKSLLEX-2023-00001230.pt,1775,134,papercutter,裁紙器,裁紙器
data\features\HKSLLEX-2023-00001232.pt,1059,106,flashlight,電筒,電筒
data\features\HKSLLEX-2023-00001233.pt,269,115,angel,天使,天使
data\features\HKSLLEX-2023-00001234.pt,676,125,concept,概念,概念
data\features\HKSLLEX-2023-00001235.pt,490,115,building,大廈,大廈
data\features\HKSLLEX-2023-00001236.pt,305,115,attention,專注力,專注力
data\features\HKSLLEX-2023-00001237.pt,1129,115,gas,氣體,氣體
data\features\HKSLLEX-2023-00001239.pt,601,106,chocolate,朱古力,朱古力
data\features\HKSLLEX-2023-00001238.pt,1825,134,petrol,汽油,汽油
data\features\HKSLLEX-2023-00001240.pt,601,125,chocolate,朱古力,朱古力
data\features\HKSLLEX-2023-00001241.pt,705,134,counselor,顧問,顧問
data\features\HKSLLEX-2023-00001242.pt,2592,125,university,大學,大學
data\features\HKSLLEX-2023-00001243.pt,2592,125,university,大學,大學
data\features\HKSLLEX-2023-00001245.pt,989,115,facial hair,鬍鬚,鬍鬚
data\features\HKSLLEX-2023-00001244.pt,1646,125,mustache,八字鬚,八字鬚
data\features\HKSLLEX-2023-00001246.pt,289,115,army,軍隊,軍隊
data\features\HKSLLEX-2023-00001248.pt,1574,115,me,我,我
data\features\HKSLLEX-2023-00001250.pt,1574,106,me,我,我
data\features\HKSLLEX-2023-00001247.pt,289,144,army,軍隊,軍隊
data\features\HKSLLEX-2023-00001251.pt,1574,96,me,我,我
data\features\HKSLLEX-2023-00001249.pt,1574,134,me,我,我
data\features\HKSLLEX-2023-00001252.pt,1574,115,me,我,我
data\features\HKSLLEX-2023-00001253.pt,1444,115,knife,刀,刀
data\features\HKSLLEX-2023-00001254.pt,1399,115,israel,以色列,以色列
data\features\HKSLLEX-2023-00001255.pt,296,96,ask,問,問
data\features\HKSLLEX-2023-00001257.pt,2687,115,whatever,隨便,是但
data\features\HKSLLEX-2023-00001256.pt,296,115,ask,問,問
data\features\HKSLLEX-2023-00001258.pt,1507,125,lipstick,唇膏,唇膏
data\features\HKSLLEX-2023-00001260.pt,734,115,cry,哭,喊
data\features\HKSLLEX-2023-00001259.pt,1507,134,lipstick,唇膏,唇膏
data\features\HKSLLEX-2023-00001263.pt,2239,125,snob,勢利眼,沙塵
data\features\HKSLLEX-2023-00001262.pt,2239,125,snob,勢利眼,沙塵
data\features\HKSLLEX-2023-00001261.pt,2239,173,snob,勢利眼,沙塵
data\features\HKSLLEX-2023-00001264.pt,2239,115,snob,勢利眼,沙塵
data\features\HKSLLEX-2023-00001265.pt,2239,154,snob,勢利眼,沙塵
data\features\HKSLLEX-2023-00001266.pt,553,173,catholic,天主教,天主教
data\features\HKSLLEX-2023-00001267.pt,1036,163,find,尋找,尋找
data\features\HKSLLEX-2023-00001268.pt,1812,192,pepsi,百事可樂,百事可樂
data\features\HKSLLEX-2023-00001269.pt,1812,192,pepsi,百事可樂,百事可樂
data\features\HKSLLEX-2023-00001270.pt,1812,182,pepsi,百事可樂,百事可樂
data\features\HKSLLEX-2023-00001271.pt,1642,182,museum,博物館,博物館
data\features\HKSLLEX-2023-00001272.pt,1046,173,first,第一個,第一個
data\features\HKSLLEX-2023-00001273.pt,1046,173,first,第一個,第一個
data\features\HKSLLEX-2023-00001275.pt,1046,163,first,第一個,第一個
data\features\HKSLLEX-2023-00001274.pt,1046,173,first,第一個,第一個
data\features\HKSLLEX-2023-00001276.pt,867,182,downsize,縮小,縮小
data\features\HKSLLEX-2023-00001278.pt,986,154,eyes,眼睛,眼睛
data\features\HKSLLEX-2023-00001279.pt,986,154,eyes,眼睛,眼睛
data\features\HKSLLEX-2023-00001277.pt,867,182,downsize,縮小,縮小
data\features\HKSLLEX-2023-00001280.pt,1845,192,pink,粉紅色,粉紅色
data\features\HKSLLEX-2023-00001281.pt,1845,163,pink,粉紅色,粉紅色
data\features\HKSLLEX-2023-00001283.pt,292,154,art,藝術,藝術
data\features\HKSLLEX-2023-00001282.pt,292,173,art,藝術,藝術
data\features\HKSLLEX-2023-00001284.pt,778,154,demand,需求,需求
data\features\HKSLLEX-2023-00001285.pt,778,163,demand,需求,需求
data\features\HKSLLEX-2023-00001286.pt,247,173,alarm,警報,警報
data\features\HKSLLEX-2023-00001287.pt,247,182,alarm,警報,警報
data\features\HKSLLEX-2023-00001288.pt,247,173,alarm,警報,警報
data\features\HKSLLEX-2023-00001289.pt,247,163,alarm,警報,警報
data\features\HKSLLEX-2023-00001291.pt,2452,144,tell,告訴,告訴
data\features\HKSLLEX-2023-00001290.pt,2209,173,skate,溜冰,溜冰
data\features\HKSLLEX-2023-00001292.pt,2452,154,tell,告訴,告訴
data\features\HKSLLEX-2023-00001293.pt,2452,154,tell,告訴,告訴
data\features\HKSLLEX-2023-00001294.pt,2318,154,steal,偷,偷
data\features\HKSLLEX-2023-00001295.pt,2318,173,steal,偷,偷
data\features\HKSLLEX-2023-00001300.pt,2127,125,see,見,見
data\features\HKSLLEX-2023-00001296.pt,1101,202,french,法語,法文
data\features\HKSLLEX-2023-00001299.pt,1,154,1 dollar,一蚊,一蚊
data\features\HKSLLEX-2023-00001297.pt,1101,192,french,法文,法文
data\features\HKSLLEX-2023-00001298.pt,1101,221,french,法文,法文
data\features\HKSLLEX-2023-00001301.pt,1663,144,need,需要,需要
data\features\HKSLLEX-2023-00001302.pt,845,154,doll,公仔,公仔
data\features\HKSLLEX-2023-00001303.pt,845,144,doll,公仔,公仔
data\features\HKSLLEX-2023-00001304.pt,845,154,doll,公仔,公仔
data\features\HKSLLEX-2023-00001306.pt,515,154,call,打電話,打電話
data\features\HKSLLEX-2023-00001305.pt,515,163,call,打電話,打電話
data\features\HKSLLEX-2023-00001308.pt,1501,154,line,線,線
data\features\HKSLLEX-2023-00001309.pt,2363,163,stroke,線,劃
data\features\HKSLLEX-2023-00001307.pt,1501,211,line,線,線
data\features\HKSLLEX-2023-00001310.pt,2363,154,stroke,線,劃
data\features\HKSLLEX-2023-00001311.pt,659,154,comb,梳子,梳
data\features\HKSLLEX-2023-00001312.pt,2664,144,way,方法,方法
data\features\HKSLLEX-2023-00001314.pt,2664,144,way,方法,方法
data\features\HKSLLEX-2023-00001313.pt,2664,154,way,方法,方法
data\features\HKSLLEX-2023-00001315.pt,2664,144,way,方法,方法
data\features\HKSLLEX-2023-00001318.pt,2664,134,way,道路,路
data\features\HKSLLEX-2023-00001316.pt,2664,154,way,方法,方法
data\features\HKSLLEX-2023-00001317.pt,2664,154,way,方法,方法
data\features\HKSLLEX-2023-00001319.pt,268,154,and,和,和
data\features\HKSLLEX-2023-00001320.pt,268,144,and,和,和
data\features\HKSLLEX-2023-00001321.pt,2721,154,with,和,和
data\features\HKSLLEX-2023-00001322.pt,2721,182,with,和,和
data\features\HKSLLEX-2023-00001325.pt,1218,144,haircut,理髮,飛髮
data\features\HKSLLEX-2023-00001324.pt,1671,163,never,不會,唔會
data\features\HKSLLEX-2023-00001323.pt,2513,163,together_with,和,同埋
data\features\HKSLLEX-2023-00001326.pt,1814,163,percent,百分比,百分比
data\features\HKSLLEX-2023-00001328.pt,1814,144,percent,百分比,百分比
data\features\HKSLLEX-2023-00001329.pt,1814,163,percent,百分比,百分比
data\features\HKSLLEX-2023-00001327.pt,1814,192,percent,百分比,百分比
data\features\HKSLLEX-2023-00001331.pt,456,125,box,盒,盒
data\features\HKSLLEX-2023-00001330.pt,442,173,boots,靴子,靴
data\features\HKSLLEX-2023-00001332.pt,750,154,dart,飛鏢,飛鏢
data\features\HKSLLEX-2023-00001333.pt,1412,182,jewish,猶太人,猶太人
data\features\HKSLLEX-2023-00001334.pt,1412,182,jewish,猶太人,猶太人
data\features\HKSLLEX-2023-00001337.pt,2394,134,sure,當然,當然
data\features\HKSLLEX-2023-00001335.pt,1262,173,hebrew,希伯來語,希伯來語
data\features\HKSLLEX-2023-00001336.pt,2394,154,sure,當然,當然
data\features\HKSLLEX-2023-00001338.pt,2394,163,sure,當然,當然
data\features\HKSLLEX-2023-00001339.pt,453,154,bowl,碗,碗
data\features\HKSLLEX-2023-00001340.pt,453,134,bowl,碗,碗
data\features\HKSLLEX-2023-00001341.pt,2474,173,think,思考,思考
data\features\HKSLLEX-2023-00001342.pt,2474,163,think,思考,思考
data\features\HKSLLEX-2023-00001344.pt,1154,125,go,去,去
data\features\HKSLLEX-2023-00001345.pt,2238,144,sneeze,打噴嚏,打嗐嗤
data\features\HKSLLEX-2023-00001343.pt,2474,182,think,思考,思考
data\features\HKSLLEX-2023-00001346.pt,660,154,come,過來,過嚟
data\features\HKSLLEX-2023-00001347.pt,660,144,come,過來,過嚟
data\features\HKSLLEX-2023-00001348.pt,660,163,come,過來,過嚟
data\features\HKSLLEX-2023-00001349.pt,2691,163,when,何時,幾點
data\features\HKSLLEX-2023-00001350.pt,2691,154,when,何時,幾點
data\features\HKSLLEX-2023-00001351.pt,2691,173,when,何時,幾點
data\features\HKSLLEX-2023-00001352.pt,2691,154,when,何日,幾號
data\features\HKSLLEX-2023-00001353.pt,250,144,all,全部,全部
data\features\HKSLLEX-2023-00001355.pt,2680,163,well,,噉囉
data\features\HKSLLEX-2023-00001354.pt,2680,182,well,,噉囉
data\features\HKSLLEX-2023-00001356.pt,2680,202,well,,噉囉
data\features\HKSLLEX-2023-00001358.pt,2349,154,stop,停止,停止
data\features\HKSLLEX-2023-00001360.pt,1434,134,kill,殺,殺
data\features\HKSLLEX-2023-00001359.pt,1792,154,pause,暫停,暫停
data\features\HKSLLEX-2023-00001357.pt,2680,211,well,原來如此,原來係噉
data\features\HKSLLEX-2023-00001361.pt,922,211,ego,自我,自我
data\features\HKSLLEX-2023-00001363.pt,2716,173,wine,葡萄酒,葡萄酒
data\features\HKSLLEX-2023-00001362.pt,2716,192,wine,葡萄酒,葡萄酒
data\features\HKSLLEX-2023-00001364.pt,1990,182,red wine,紅酒,紅酒
data\features\HKSLLEX-2023-00001366.pt,1990,192,red wine,紅酒,紅酒
data\features\HKSLLEX-2023-00001365.pt,1990,192,red wine,紅酒,紅酒
data\features\HKSLLEX-2023-00001367.pt,1990,182,red wine,紅酒,紅酒
data\features\HKSLLEX-2023-00001368.pt,2699,182,white wine,白酒,白酒
data\features\HKSLLEX-2023-00001369.pt,2699,182,white wine,白酒,白酒
data\features\HKSLLEX-2023-00001370.pt,2699,173,white wine,白酒,白酒
data\features\HKSLLEX-2023-00001371.pt,2699,182,white wine,白酒,白酒
data\features\HKSLLEX-2023-00001372.pt,886,163,drown,遇溺,浸親
data\features\HKSLLEX-2023-00001373.pt,651,173,coins,硬幣,硬幣
data\features\HKSLLEX-2023-00001374.pt,651,173,coins,硬幣,硬幣
data\features\HKSLLEX-2023-00001375.pt,1902,182,preacher,傳道人,傳道人
data\features\HKSLLEX-2023-00001376.pt,2164,154,shocked,震驚,震驚
data\features\HKSLLEX-2023-00001377.pt,1717,154,off the point,離題,離題
data\features\HKSLLEX-2023-00001378.pt,569,154,change the subject,轉移話題,轉移話題
data\features\HKSLLEX-2023-00001379.pt,569,154,change the subject,轉移話題,轉移話題
data\features\HKSLLEX-2023-00001380.pt,2094,173,saturday,星期六,星期六
data\features\HKSLLEX-2023-00001383.pt,1174,144,gossip,八卦,八卦
data\features\HKSLLEX-2023-00001382.pt,2094,154,saturday,星期六,星期六
data\features\HKSLLEX-2023-00001381.pt,2094,163,saturday,星期六,星期六
data\features\HKSLLEX-2023-00001384.pt,1174,144,gossip,八卦,八卦
data\features\HKSLLEX-2023-00001386.pt,1866,144,pliers,鉗,鉗
data\features\HKSLLEX-2023-00001385.pt,2229,163,smile,微笑,微笑
data\features\HKSLLEX-2023-00001387.pt,1866,144,pliers,鉗,鉗
data\features\HKSLLEX-2023-00001389.pt,2759,134,zipper,拉鍊,拉鍊
data\features\HKSLLEX-2023-00001388.pt,512,154,cake,蛋糕,蛋糕
data\features\HKSLLEX-2023-00001390.pt,2152,154,shampoo,洗頭水,洗頭水
data\features\HKSLLEX-2023-00001391.pt,2152,173,shampoo,洗頭水,洗頭水
data\features\HKSLLEX-2023-00001392.pt,822,173,disappear,消失,消失
data\features\HKSLLEX-2023-00001393.pt,822,154,disappear,消失,消失
data\features\HKSLLEX-2023-00001394.pt,1419,154,juggle,雜耍,雜耍
data\features\HKSLLEX-2023-00001395.pt,1522,182,long line,排長龍,排長龍
data\features\HKSLLEX-2023-00001397.pt,2450,134,teeth,牙齒,牙
data\features\HKSLLEX-2023-00001398.pt,2450,134,teeth,牙齒,牙
data\features\HKSLLEX-2023-00001396.pt,1522,163,long line,排長龍,排長龍
data\features\HKSLLEX-2023-00001399.pt,1508,173,list,清單,清單
data\features\HKSLLEX-2023-00001400.pt,533,173,canoe,獨木舟,獨木舟
data\features\HKSLLEX-2023-00001401.pt,1403,163,japan,日本,日本
data\features\HKSLLEX-2023-00001402.pt,1403,154,japan,日本,日本
data\features\HKSLLEX-2023-00001404.pt,1570,144,match,匹配,匹配
data\features\HKSLLEX-2023-00001405.pt,2741,144,write,寫,寫
data\features\HKSLLEX-2023-00001403.pt,1767,163,paint,髹,髹
data\features\HKSLLEX-2023-00001406.pt,2741,144,write,寫,寫
data\features\HKSLLEX-2023-00001407.pt,2741,134,write,寫,寫
data\features\HKSLLEX-2023-00001408.pt,2463,173,theater,戲院,戲院
data\features\HKSLLEX-2023-00001410.pt,701,182,corkscrew,開瓶器,開瓶器
data\features\HKSLLEX-2023-00001411.pt,374,134,bedroom,睡房,睡房
data\features\HKSLLEX-2023-00001409.pt,701,192,corkscrew,開瓶器,開瓶器
data\features\HKSLLEX-2023-00001414.pt,2745,173,yeah,是啊,係呀
data\features\HKSLLEX-2023-00001413.pt,2762,173,zoom off,匆忙離開,匆忙離開
data\features\HKSLLEX-2023-00001412.pt,374,182,bedroom,睡房,睡房
data\features\HKSLLEX-2023-00001415.pt,2745,192,yeah,是啊,係呀
data\features\HKSLLEX-2023-00001416.pt,2745,163,yeah,是啊,係呀
data\features\HKSLLEX-2023-00001418.pt,1930,154,promote,推廣,推廣
data\features\HKSLLEX-2023-00001419.pt,1930,154,promote,推廣,推廣
data\features\HKSLLEX-2023-00001417.pt,2745,192,yeah,是啊,係呀
data\features\HKSLLEX-2023-00001422.pt,1396,144,iron,鐵,鐵
data\features\HKSLLEX-2023-00001421.pt,1396,154,iron,鐵,鐵
data\features\HKSLLEX-2023-00001420.pt,1064,173,floor,地面,地面
data\features\HKSLLEX-2023-00001423.pt,1396,163,iron,鐵,鐵
data\features\HKSLLEX-2023-00001424.pt,700,163,copy,複製,複製
data\features\HKSLLEX-2023-00001428.pt,469,134,break,休息,休息
data\features\HKSLLEX-2023-00001429.pt,469,134,break,休息,休息
data\features\HKSLLEX-2023-00001427.pt,718,163,crawl,爬,爬
data\features\HKSLLEX-2023-00001426.pt,1012,202,faucet,水龍頭,水龍頭
data\features\HKSLLEX-2023-00001425.pt,1012,240,faucet,水龍頭,水龍頭
data\features\HKSLLEX-2023-00001430.pt,1567,221,mascara,睫毛膏,睫毛膏
data\features\HKSLLEX-2023-00001432.pt,1514,173,lobster,龍蝦,龍蝦
data\features\HKSLLEX-2023-00001431.pt,1567,202,mascara,睫毛膏,睫毛膏
data\features\HKSLLEX-2023-00001433.pt,1514,154,lobster,龍蝦,龍蝦
data\features\HKSLLEX-2023-00001434.pt,1514,163,lobster,龍蝦,龍蝦
data\features\HKSLLEX-2023-00001435.pt,291,154,arrive,抵達,抵達
data\features\HKSLLEX-2023-00001436.pt,2076,154,sail,航行,航行
data\features\HKSLLEX-2023-00001437.pt,1874,173,point,重點,重點
data\features\HKSLLEX-2023-00001438.pt,1389,173,introduce,介紹,介紹
data\features\HKSLLEX-2023-00001440.pt,1458,134,later,待會,遲啲
data\features\HKSLLEX-2023-00001441.pt,1458,163,later,待會,遲啲
data\features\HKSLLEX-2023-00001442.pt,1458,154,later,待會,遲啲
data\features\HKSLLEX-2023-00001439.pt,1389,192,introduce,介紹,介紹
data\features\HKSLLEX-2023-00001443.pt,1458,163,later,待會,遲啲
data\features\HKSLLEX-2023-00001444.pt,1458,192,later,待會,遲啲
data\features\HKSLLEX-2023-00001445.pt,1515,163,lock,鎖,鎖
data\features\HKSLLEX-2023-00001446.pt,1515,163,lock,鎖,鎖
data\features\HKSLLEX-2023-00001447.pt,1515,144,lock,鎖,鎖
data\features\HKSLLEX-2023-00001450.pt,2423,134,tail,尾巴,尾巴
data\features\HKSLLEX-2023-00001451.pt,949,144,enough,足夠,夠
data\features\HKSLLEX-2023-00001448.pt,729,154,crocodile,鱷魚,鱷魚
data\features\HKSLLEX-2023-00001449.pt,1327,154,husband,丈夫,丈夫
data\features\HKSLLEX-2023-00001453.pt,1333,134,idea,主意,諗法
data\features\HKSLLEX-2023-00001452.pt,1333,163,idea,主意,諗法
data\features\HKSLLEX-2023-00001454.pt,2409,154,sweep,掃地,掃地
data\features\HKSLLEX-2023-00001455.pt,2409,163,sweep,掃地,掃地
data\features\HKSLLEX-2023-00001458.pt,1269,144,here,呢度,呢度
data\features\HKSLLEX-2023-00001457.pt,1269,154,here,呢度,呢度
data\features\HKSLLEX-2023-00001456.pt,1760,173,owl,貓頭鷹,貓頭鷹
data\features\HKSLLEX-2023-00001459.pt,2162,173,shiny,閃令令,閃令令
data\features\HKSLLEX-2023-00001460.pt,1016,173,february,二月,二月
data\features\HKSLLEX-2023-00001461.pt,1016,173,february,二月,二月
data\features\HKSLLEX-2023-00001463.pt,1806,154,peg,掛鈎,鈎
data\features\HKSLLEX-2023-00001462.pt,1016,173,february,二月,二月
data\features\HKSLLEX-2023-00001464.pt,1533,134,loud,大聲,大聲
data\features\HKSLLEX-2023-00001465.pt,1165,154,gold,黃金,黃金
data\features\HKSLLEX-2023-00001466.pt,1883,154,pool,水池,水池
data\features\HKSLLEX-2023-00001467.pt,2467,173,thermometer,室温計,室温計
data\features\HKSLLEX-2023-00001469.pt,1439,144,kiss,親吻,錫
data\features\HKSLLEX-2023-00001468.pt,2467,173,thermometer,體温計,體温計
data\features\HKSLLEX-2023-00001471.pt,1549,134,mail,郵件,信
data\features\HKSLLEX-2023-00001470.pt,1082,163,forgetful,健忘,健忘
data\features\HKSLLEX-2023-00001472.pt,952,154,envelope,信封,信封
data\features\HKSLLEX-2023-00001474.pt,261,125,alone,獨自,獨自
data\features\HKSLLEX-2023-00001473.pt,2118,144,screwdriver,螺絲批,螺絲批
data\features\HKSLLEX-2023-00001475.pt,1496,134,lighter,打火機,打火機
data\features\HKSLLEX-2023-00001476.pt,2211,134,ski,滑雪,滑雪
data\features\HKSLLEX-2023-00001477.pt,1483,134,let know,通知,通知
data\features\HKSLLEX-2023-00001479.pt,679,134,confident,自信,自信
data\features\HKSLLEX-2023-00001480.pt,801,115,dice,骰,骰
data\features\HKSLLEX-2023-00001478.pt,1265,154,helmet,頭盔,頭盔
data\features\HKSLLEX-2023-00001481.pt,1591,134,metal,金屬,金屬
data\features\HKSLLEX-2023-00001482.pt,1080,144,forfeit,捨棄,捨棄
data\features\HKSLLEX-2023-00001483.pt,784,115,deny,否認,否認
data\features\HKSLLEX-2023-00001484.pt,644,134,cocacola,可口可樂,可口可樂
data\features\HKSLLEX-2023-00001485.pt,2317,115,steak,牛扒,牛扒
data\features\HKSLLEX-2023-00001487.pt,1211,115,gun,槍,槍
data\features\HKSLLEX-2023-00001488.pt,384,115,believe,相信,相信
data\features\HKSLLEX-2023-00001486.pt,881,144,drill,電鑽,電鑽
data\features\HKSLLEX-2023-00001489.pt,1676,154,newspaper,報紙,報紙
data\features\HKSLLEX-2023-00001491.pt,1592,144,metaphor,隱喻,隱喻
data\features\HKSLLEX-2023-00001490.pt,2478,163,think over,想清楚,諗清楚啲
data\features\HKSLLEX-2023-00001493.pt,1944,125,pull,拉,拉
data\features\HKSLLEX-2023-00001492.pt,2466,134,there,那裏,嗰度
data\features\HKSLLEX-2023-00001494.pt,448,125,bottle,樽,樽
data\features\HKSLLEX-2023-00001495.pt,2750,125,you,你,你
data\features\HKSLLEX-2023-00001496.pt,1386,144,interpreter,傳譯員,傳譯員
data\features\HKSLLEX-2023-00001497.pt,1163,134,god,神,神
data\features\HKSLLEX-2023-00001498.pt,1095,125,fraud,詐騙,詐騙
data\features\HKSLLEX-2023-00001499.pt,900,115,ear,耳朵,耳朵
data\features\HKSLLEX-2023-00001501.pt,1400,125,italy,義大利,義大利
data\features\HKSLLEX-2023-00001500.pt,1712,154,nut,堅果,堅果
data\features\HKSLLEX-2023-00001502.pt,632,125,clock,時鐘,時鐘
data\features\HKSLLEX-2023-00001503.pt,1949,125,push,推,推
data\features\HKSLLEX-2023-00001504.pt,1094,125,france,法國,法國
data\features\HKSLLEX-2023-00001506.pt,1971,115,rat,老鼠,老鼠
data\features\HKSLLEX-2023-00001505.pt,2509,134,toast,多士,多士
data\features\HKSLLEX-2023-00001507.pt,1314,125,how,如何,點樣
data\features\HKSLLEX-2023-00001508.pt,1301,115,hope,希望,希望
data\features\HKSLLEX-2023-00001509.pt,2553,134,trophy,獎盃,獎盃
data\features\HKSLLEX-2023-00001510.pt,2517,134,tomato,番茄,番茄
data\features\HKSLLEX-2023-00001511.pt,1134,125,germany,德國,德國
data\features\HKSLLEX-2023-00001512.pt,361,134,battery,電池,電池
data\features\HKSLLEX-2023-00001513.pt,2446,134,tease,揶揄,揶揄
data\features\HKSLLEX-2023-00001514.pt,2071,134,russia,俄羅斯,俄羅斯
data\features\HKSLLEX-2023-00001515.pt,2406,144,sweater,毛衣,冷衫
data\features\HKSLLEX-2023-00001516.pt,264,144,amazing,驚人,驚人
data\features\HKSLLEX-2023-00001519.pt,1132,106,gay,同志,同志
data\features\HKSLLEX-2023-00001517.pt,2150,134,shame,羞恥,羞恥
data\features\HKSLLEX-2023-00001518.pt,1368,125,inject,注射,注射
data\features\HKSLLEX-2023-00001520.pt,2060,134,rope,繩,繩
data\features\HKSLLEX-2023-00001521.pt,2751,134,young,年輕,年輕
data\features\HKSLLEX-2023-00001522.pt,2671,134,wed,結婚,結婚
data\features\HKSLLEX-2023-00001523.pt,2031,125,rhino,犀牛,犀牛
data\features\HKSLLEX-2023-00001524.pt,1545,125,magic,魔法,魔法
data\features\HKSLLEX-2023-00001525.pt,1602,134,mime,默劇,默劇
data\features\HKSLLEX-2023-00001527.pt,1886,115,pop,爆開,爆開
data\features\HKSLLEX-2023-00001526.pt,1969,173,rake,耙,耙
data\features\HKSLLEX-2023-00001529.pt,1915,125,priest,牧師,牧師
data\features\HKSLLEX-2023-00001528.pt,2707,144,wife,妻子,妻子
data\features\HKSLLEX-2023-00001531.pt,1288,115,holiday,假期,假期
data\features\HKSLLEX-2023-00001532.pt,693,125,continue,繼續,繼續
data\features\HKSLLEX-2023-00001530.pt,2332,154,stethoscope,聽診器,聽診器
data\features\HKSLLEX-2023-00001534.pt,2206,134,sit,坐,坐
data\features\HKSLLEX-2023-00001533.pt,948,144,enjoy,享受,享受
data\features\HKSLLEX-2023-00001535.pt,830,115,disney,迪士尼,迪士尼
data\features\HKSLLEX-2023-00001537.pt,1450,96,lamp,燈,燈
data\features\HKSLLEX-2023-00001536.pt,2758,106,zero,零,零
data\features\HKSLLEX-2023-00001538.pt,159,115,TRUE,真,真
data\features\HKSLLEX-2023-00001539.pt,1718,125,offend,得罪,得罪
data\features\HKSLLEX-2023-00001540.pt,719,154,crazy,發傻,癡線
data\features\HKSLLEX-2023-00001542.pt,929,125,elegance,優雅,優雅
data\features\HKSLLEX-2023-00001541.pt,2382,134,summarize,總結,總結
data\features\HKSLLEX-2023-00001543.pt,2599,125,use,使用,使用
data\features\HKSLLEX-2023-00001545.pt,1761,125,own,自己的,自己嘅
data\features\HKSLLEX-2023-00001544.pt,1700,163,not care,無所謂,冇所謂
data\features\HKSLLEX-2023-00001546.pt,1303,134,horrible,恐怖,恐怖
data\features\HKSLLEX-2023-00001547.pt,2205,144,sister,姐姐,姐姐
data\features\HKSLLEX-2023-00001550.pt,974,125,excuse,藉口,藉口
data\features\HKSLLEX-2023-00001549.pt,475,134,breathe,呼吸,呼吸
data\features\HKSLLEX-2023-00001548.pt,2205,134,sister,妹妹,妹妹
data\features\HKSLLEX-2023-00001551.pt,2344,134,stir,攪拌,攪拌
data\features\HKSLLEX-2023-00001552.pt,1735,115,oops,哎呀,哎呀
data\features\HKSLLEX-2023-00001553.pt,1111,134,frog,青蛙,青蛙
data\features\HKSLLEX-2023-00001554.pt,2099,144,saw,鋸,鋸
data\features\HKSLLEX-2023-00001555.pt,594,134,china,中國,中國
data\features\HKSLLEX-2023-00001558.pt,1561,115,many,好多,好多
data\features\HKSLLEX-2023-00001557.pt,368,134,bear,熊,熊
data\features\HKSLLEX-2023-00001556.pt,1911,144,pretend,假裝,假扮
data\features\HKSLLEX-2023-00001559.pt,899,125,eagle,鷹,鷹
data\features\HKSLLEX-2023-00001560.pt,2281,134,spider,蜘蛛,蜘蛛
data\features\HKSLLEX-2023-00001562.pt,1067,125,fly,飛,飛
data\features\HKSLLEX-2023-00001561.pt,1338,134,ignore,忽略,忽略
data\features\HKSLLEX-2023-00001563.pt,1445,134,knitting,織,織
data\features\HKSLLEX-2023-00001565.pt,507,115,buy,買,買
data\features\HKSLLEX-2023-00001566.pt,2200,125,sing,唱歌,唱歌
data\features\HKSLLEX-2023-00001564.pt,2522,144,toothbrush,牙刷,牙刷
data\features\HKSLLEX-2023-00001567.pt,724,144,create,創造,創造
data\features\HKSLLEX-2023-00001568.pt,2675,144,weigh,磅重,磅重
data\features\HKSLLEX-2023-00001570.pt,1427,154,kangaroo,袋鼠,袋鼠
data\features\HKSLLEX-2023-00001569.pt,696,163,cook,煮食,煮飯
data\features\HKSLLEX-2023-00001574.pt,1207,106,guilty,內疚,內疚
data\features\HKSLLEX-2023-00001572.pt,1481,134,lesson,課堂,課堂
data\features\HKSLLEX-2023-00001571.pt,2001,154,relax,放鬆,放鬆
data\features\HKSLLEX-2023-00001573.pt,2602,134,vacuum,吸塵機,吸塵機
data\features\HKSLLEX-2023-00001575.pt,1313,125,house,屋,屋
data\features\HKSLLEX-2023-00001576.pt,2130,134,select,選擇,揀
data\features\HKSLLEX-2023-00001577.pt,2030,134,revenge,報仇,報仇
data\features\HKSLLEX-2023-00001578.pt,1076,144,forbid,禁止,禁止
data\features\HKSLLEX-2023-00001579.pt,1635,144,move,移動,移動
data\features\HKSLLEX-2023-00001580.pt,2198,134,silver,銀,銀
data\features\HKSLLEX-2023-00001582.pt,1151,125,glow,發光,發光
data\features\HKSLLEX-2023-00001581.pt,2399,134,sushi,壽司,壽司
data\features\HKSLLEX-2023-00001583.pt,1326,125,hurt,傷害,傷害
data\features\HKSLLEX-2023-00001584.pt,1917,125,prince,王子,王子
data\features\HKSLLEX-2023-00001586.pt,1187,134,grasp,緊握,緊握
data\features\HKSLLEX-2023-00001589.pt,699,125,cooperate,合作,合作
data\features\HKSLLEX-2023-00001585.pt,2092,144,sarcastic,諷刺,諷刺
data\features\HKSLLEX-2023-00001590.pt,2755,125,yucky,噁心,噁心
data\features\HKSLLEX-2023-00001587.pt,918,144,egg beater,打蛋器,打蛋器
data\features\HKSLLEX-2023-00001588.pt,2435,154,tanktop,圓領背心,圓領背心
data\features\HKSLLEX-2023-00001591.pt,749,144,dark,暗,暗
data\features\HKSLLEX-2023-00001592.pt,2351,154,story,故事,故事
data\features\HKSLLEX-2023-00001593.pt,2049,125,rocket,火箭,火箭
data\features\HKSLLEX-2023-00001594.pt,2278,134,spend,花錢,洗錢
data\features\HKSLLEX-2023-00001597.pt,1868,134,plug,插頭,插頭
data\features\HKSLLEX-2023-00001595.pt,2408,163,sweatshirt,汗衫,冇帽衞衣
data\features\HKSLLEX-2023-00001598.pt,2011,144,request,要求,要求
data\features\HKSLLEX-2023-00001596.pt,2367,173,stuck,卡住,卡住
data\features\HKSLLEX-2023-00001599.pt,1309,154,hot competition,比賽激烈,比賽激烈
data\features\HKSLLEX-2023-00001600.pt,1859,154,plant,植物,植物
data\features\HKSLLEX-2023-00001602.pt,1141,115,ghost,鬼,鬼
data\features\HKSLLEX-2023-00001601.pt,466,134,brainwash,洗腦,洗腦
data\features\HKSLLEX-2023-00001603.pt,2652,125,wash,洗,洗
data\features\HKSLLEX-2023-00001604.pt,551,154,category,種類,種類
data\features\HKSLLEX-2023-00001607.pt,314,125,avoid,避免,避免
data\features\HKSLLEX-2023-00001608.pt,1991,106,reduce,減少,減少
data\features\HKSLLEX-2023-00001606.pt,540,134,car battery,汽車電池,汽車電池
data\features\HKSLLEX-2023-00001605.pt,945,154,engine start,撻車,撻車
data\features\HKSLLEX-2023-00001609.pt,2630,106,vitamins,維他命,維他命
data\features\HKSLLEX-2023-00001610.pt,2469,125,they,他們,佢哋
data\features\HKSLLEX-2023-00001611.pt,1017,125,fed up,受夠,頂唔順
data\features\HKSLLEX-2023-00001612.pt,1083,115,fork,叉,叉
data\features\HKSLLEX-2023-00001614.pt,1827,125,pharmacist,藥劑師,藥劑師
data\features\HKSLLEX-2023-00001615.pt,932,125,eleven,十一,十一
data\features\HKSLLEX-2023-00001613.pt,2160,144,shield,盾牌,盾牌
data\features\HKSLLEX-2023-00001617.pt,1142,106,gift,禮物,禮物
data\features\HKSLLEX-2023-00001616.pt,626,144,cleftchin,裂下巴,裂下巴
data\features\HKSLLEX-2023-00001619.pt,1137,134,get information out of,取得情報,攞料
data\features\HKSLLEX-2023-00001618.pt,2566,154,turn key,扭鎖匙,擰鎖匙
data\features\HKSLLEX-2023-00001620.pt,508,106,bye,再見,再見
data\features\HKSLLEX-2023-00001624.pt,2535,106,toy,玩具,玩具
data\features\HKSLLEX-2023-00001622.pt,2223,144,slipper,拖鞋,拖鞋
data\features\HKSLLEX-2023-00001625.pt,1061,115,flip switch,撻掣,撻掣
data\features\HKSLLEX-2023-00001621.pt,2346,163,stockings,絲襪,絲襪
data\features\HKSLLEX-2023-00001623.pt,543,173,carousel,旋轉木馬,旋轉木馬
data\features\HKSLLEX-2023-00001626.pt,2560,115,tube top,無肩帶背心,無肩帶背心
data\features\HKSLLEX-2023-00001628.pt,2331,125,step,步驟,步驟
data\features\HKSLLEX-2023-00001627.pt,635,125,close eyes,合埋眼,合埋眼
data\features\HKSLLEX-2023-00001629.pt,2443,115,team,團隊,團隊
data\features\HKSLLEX-2023-00001633.pt,771,125,deflate,放氣,放氣
data\features\HKSLLEX-2023-00001631.pt,1952,144,put in back mind,下意識,下意識
data\features\HKSLLEX-2023-00001632.pt,1650,144,nail clipper,指甲鉗,指甲鉗
data\features\HKSLLEX-2023-00001634.pt,1701,125,not interested,無興趣,冇興趣
data\features\HKSLLEX-2023-00001636.pt,968,106,everyday,每日,每日
data\features\HKSLLEX-2023-00001635.pt,491,173,bulldozer,推土機,推土機
data\features\HKSLLEX-2023-00001638.pt,1007,125,fascinated,入迷,入迷
data\features\HKSLLEX-2023-00001637.pt,1628,154,most,最,最
data\features\HKSLLEX-2023-00001639.pt,2642,115,wall,牆,牆
data\features\HKSLLEX-2023-00001640.pt,1484,154,let me see,讓我看看,俾我睇吓
data\features\HKSLLEX-2023-00001641.pt,1254,154,hear,聽,聽
data\features\HKSLLEX-2023-00001642.pt,487,163,budget,預算,預算
data\features\HKSLLEX-2023-00001643.pt,1698,144,not,不是,唔係
data\features\HKSLLEX-2023-00001644.pt,354,144,basic,基本,基本
data\features\HKSLLEX-2023-00001645.pt,2240,154,snorkel,潛水呼吸管,潛水呼吸管
data\features\HKSLLEX-2023-00001646.pt,1789,163,passport,護照,護照
data\features\HKSLLEX-2023-00001647.pt,1287,163,hold together,團結一致,團結一致
data\features\HKSLLEX-2023-00001649.pt,2511,125,today,今日,今日
data\features\HKSLLEX-2023-00001648.pt,2140,144,serve,服務,服務
data\features\HKSLLEX-2023-00001650.pt,1055,134,fit,適合,適合
data\features\HKSLLEX-2023-00001653.pt,1197,134,grenade,手榴彈,手榴彈
data\features\HKSLLEX-2023-00001651.pt,2138,173,sequence,次序,次序
data\features\HKSLLEX-2023-00001652.pt,2133,154,send,發送,發送
data\features\HKSLLEX-2023-00001655.pt,2458,125,tent,帳篷,帳篷
data\features\HKSLLEX-2023-00001654.pt,2307,163,stand,企,企
data\features\HKSLLEX-2023-00001656.pt,858,144,dont want,不想要,唔想要
data\features\HKSLLEX-2023-00001657.pt,2521,144,too much,太多,太多
data\features\HKSLLEX-2023-00001658.pt,2300,144,sshh,噓,噓
data\features\HKSLLEX-2023-00001659.pt,1610,134,missing,不見了,唔見咗
data\features\HKSLLEX-2023-00001660.pt,837,134,divide,劃分,劃分
data\features\HKSLLEX-2023-00001661.pt,1932,125,proof,證明,證明
data\features\HKSLLEX-2023-00001662.pt,662,134,come out,出來,出嚟
data\features\HKSLLEX-2023-00001663.pt,1489,144,lick,舔,舐
data\features\HKSLLEX-2023-00001664.pt,1736,144,open,打開,打開
data\features\HKSLLEX-2023-00001665.pt,753,144,daughter,女兒,女兒
data\features\HKSLLEX-2023-00001666.pt,2286,154,spontaneous,自發性,自發性
data\features\HKSLLEX-2023-00001674.pt,226,134,add,添加,添加
data\features\HKSLLEX-2023-00001675.pt,1687,144,noise,噪音,噪音
data\features\HKSLLEX-2023-00001673.pt,2613,154,vase,花瓶,花樽
data\features\HKSLLEX-2023-00001676.pt,1346,144,immerse,沉浸,沉浸
data\features\HKSLLEX-2023-00001677.pt,279,144,apart,分開,分開
data\features\HKSLLEX-2023-00001678.pt,521,144,cameraman,攝影師,攝影師
data\features\HKSLLEX-2023-00001679.pt,1608,144,mischievous,蠱惑,蠱惑
data\features\HKSLLEX-2023-00001680.pt,1066,144,flute,長笛,長笛
data\features\HKSLLEX-2023-00001681.pt,2676,134,weight,重量,重量
data\features\HKSLLEX-2023-00001682.pt,1471,154,learn lesson,吸取教訓,吸取教訓
data\features\HKSLLEX-2023-00001683.pt,2203,163,sink,下沉,下沉
data\features\HKSLLEX-2023-00001685.pt,942,125,enemy,敵人,敵人
data\features\HKSLLEX-2023-00001684.pt,1480,154,less,比較少,少啲
data\features\HKSLLEX-2023-00001686.pt,742,134,cut,切,切
data\features\HKSLLEX-2023-00001687.pt,1630,154,motivation,動力,動力
data\features\HKSLLEX-2023-00001688.pt,2227,134,smell,嗅,聞
data\features\HKSLLEX-2023-00001689.pt,2736,154,wrap,包住,包住
data\features\HKSLLEX-2023-00001691.pt,884,154,drive,駕駛,揸車
data\features\HKSLLEX-2023-00001690.pt,485,182,bubbles,泡泡,泡泡
data\features\HKSLLEX-2023-00001692.pt,1305,173,hose,軟膠喉,軟膠喉
data\features\HKSLLEX-2023-00001693.pt,563,163,chain,鏈,鏈
data\features\HKSLLEX-2023-00001694.pt,575,163,charge card,簽帳卡,簽帳卡
data\features\HKSLLEX-2023-00001695.pt,1120,144,fun,樂趣,樂趣
data\features\HKSLLEX-2023-00001697.pt,2159,173,shelf,架,架
data\features\HKSLLEX-2023-00001696.pt,788,202,depress,壓抑,壓抑
data\features\HKSLLEX-2023-00001698.pt,2623,144,view,見解,見解
data\features\HKSLLEX-2023-00001699.pt,611,134,circle,圓圈,圓圈
data\features\HKSLLEX-2023-00001700.pt,1233,154,hang,懸掛,懸掛
data\features\HKSLLEX-2023-00001703.pt,748,163,danger,危險,危險
data\features\HKSLLEX-2023-00001701.pt,592,182,chimney,煙囪,煙囪
data\features\HKSLLEX-2023-00001702.pt,1750,163,out,外面,出面
data\features\HKSLLEX-2023-00001704.pt,367,163,beans,豆,豆
data\features\HKSLLEX-2023-00001705.pt,2487,163,throw away,丟棄,抌
data\features\HKSLLEX-2023-00001706.pt,939,163,empty,空,空
data\features\HKSLLEX-2023-00001707.pt,1131,182,gate close,閂閘,閂閘
data\features\HKSLLEX-2023-00001708.pt,692,154,contact lens,隱形眼鏡,隱形眼鏡
data\features\HKSLLEX-2023-00001709.pt,2714,144,window open,開窗,開窗
data\features\HKSLLEX-2023-00001710.pt,950,173,enter,進入,進入
data\features\HKSLLEX-2023-00001711.pt,1801,192,peanut butter,花生醬,花生醬
data\features\HKSLLEX-2023-00001714.pt,2753,134,yourself,你自己,你自己
data\features\HKSLLEX-2023-00001712.pt,2645,173,walrus,海象,海象
data\features\HKSLLEX-2023-00001715.pt,1909,163,press in mind,銘記於心,銘記於心
data\features\HKSLLEX-2023-00001713.pt,1217,202,hair clipper,電剷,鬚刨
data\features\HKSLLEX-2023-00001716.pt,2279,163,spend lots of money,花很多錢,使好多錢
data\features\HKSLLEX-2023-00001718.pt,2120,154,scrub,捽,捽
data\features\HKSLLEX-2023-00001719.pt,1643,144,mushroom,蘑菇,蘑菇
data\features\HKSLLEX-2023-00001717.pt,1852,221,pizza cutter,披薩刀,披薩刀
data\features\HKSLLEX-2023-00001721.pt,2729,134,work out,鍛鍊,鍛鍊
data\features\HKSLLEX-2023-00001720.pt,1778,144,paragraph,段落,段落
data\features\HKSLLEX-2023-00001724.pt,1807,134,pen,筆,筆
data\features\HKSLLEX-2023-00001723.pt,422,134,blow,吹,吹
data\features\HKSLLEX-2023-00001722.pt,1518,173,lollipop,波板糖,波板糖
data\features\HKSLLEX-2023-00001725.pt,2081,163,salt shaker,鹽樽,鹽樽
data\features\HKSLLEX-2023-00001726.pt,396,173,bib,口水肩,口水肩
data\features\HKSLLEX-2023-00001728.pt,2026,163,restless,坐立不安,坐立不安
data\features\HKSLLEX-2023-00001727.pt,1736,192,open,打開,打開
data\features\HKSLLEX-2023-00001731.pt,1658,134,navel,肚臍,肚臍
data\features\HKSLLEX-2023-00001732.pt,1684,125,nine,九,九
data\features\HKSLLEX-2023-00001729.pt,1727,173,on,上面,上面
data\features\HKSLLEX-2023-00001730.pt,1000,163,falling asleep,入睡,入睡
data\features\HKSLLEX-2023-00001734.pt,2052,144,roll,滾動,滾動
data\features\HKSLLEX-2023-00001733.pt,1588,173,memorise,謹記,謹記
data\features\HKSLLEX-2023-00001735.pt,2252,134,soft,柔軟,柔軟
data\features\HKSLLEX-2023-00001738.pt,375,144,bee,蜜蜂,蜜蜂
data\features\HKSLLEX-2023-00001737.pt,2447,163,technology,科技,科技
data\features\HKSLLEX-2023-00001739.pt,1968,154,raisin,提子乾,提子乾
data\features\HKSLLEX-2023-00001740.pt,2717,144,winter,冬天,冬天
data\features\HKSLLEX-2023-00001736.pt,2646,173,wand,魔杖,魔杖
data\features\HKSLLEX-2023-00001741.pt,2154,154,shark,鯊魚,鯊魚
data\features\HKSLLEX-2023-00001743.pt,1300,163,hop,蹦蹦跳,蹦蹦跳
data\features\HKSLLEX-2023-00001744.pt,2117,134,scream,尖叫,尖叫
data\features\HKSLLEX-2023-00001742.pt,2050,202,rocking chair,搖椅,搖椅
data\features\HKSLLEX-2023-00001747.pt,1993,144,reflect,反省,反省
data\features\HKSLLEX-2023-00001749.pt,1417,144,journey,旅程,旅程
data\features\HKSLLEX-2023-00001745.pt,539,154,car accident,車禍,車禍
data\features\HKSLLEX-2023-00001746.pt,408,154,bite on neck,咬頸,咬頸
data\features\HKSLLEX-2023-00001750.pt,1176,134,grab,捉住,捉住
data\features\HKSLLEX-2023-00001753.pt,1246,106,head,頭,頭
data\features\HKSLLEX-2023-00001751.pt,2760,163,zoo,動物園,動物園
data\features\HKSLLEX-2023-00001752.pt,1063,163,float,漂浮,漂浮
data\features\HKSLLEX-2023-00001755.pt,1505,144,lipread,讀唇,讀唇
data\features\HKSLLEX-2023-00001756.pt,1160,144,goal,目標,目標
data\features\HKSLLEX-2023-00001754.pt,2123,154,sculpture,雕塑,雕塑
data\features\HKSLLEX-2023-00001757.pt,2191,163,sign,手語,手語
data\features\HKSLLEX-2023-00001759.pt,794,163,destroy,破壞,破壞
data\features\HKSLLEX-2023-00001758.pt,1420,202,juggler,雜技演員,雜技演員
data\features\HKSLLEX-2023-00001760.pt,2070,163,rush,匆忙,匆忙
data\features\HKSLLEX-2023-00001761.pt,1923,163,process,流程,流程
data\features\HKSLLEX-2023-00001762.pt,1714,154,obvious,明顯,明顯
data\features\HKSLLEX-2023-00001764.pt,2002,154,"release, rescue",釋放,釋放
data\features\HKSLLEX-2023-00001765.pt,688,144,connection,關聯,關聯
data\features\HKSLLEX-2023-00001763.pt,1205,182,guide,帶領,帶領
data\features\HKSLLEX-2023-00001766.pt,1354,154,in,入面,入面
data\features\HKSLLEX-2023-00001768.pt,274,144,answer,回答,回答
data\features\HKSLLEX-2023-00001767.pt,1130,163,gate,大閘,大閘
data\features\HKSLLEX-2023-00001769.pt,1498,154,lights on,開燈,開燈
data\features\HKSLLEX-2023-00001771.pt,1861,144,platform,平台,平台
data\features\HKSLLEX-2023-00001770.pt,2557,173,true business,,堅
data\features\HKSLLEX-2023-00001772.pt,931,182,elevator,升降機,𨋢
data\features\HKSLLEX-2023-00001773.pt,1227,192,hamster,倉鼠,倉鼠
data\features\HKSLLEX-2023-00001774.pt,2292,154,spring,春天,春天
data\features\HKSLLEX-2023-00001776.pt,2402,154,suspenders,吊帶,吊帶
data\features\HKSLLEX-2023-00001777.pt,1855,144,plain,平淡,平淡
data\features\HKSLLEX-2023-00001779.pt,1677,154,next,下一個,下一個
data\features\HKSLLEX-2023-00001775.pt,832,182,disrupt,擾亂,擾亂
data\features\HKSLLEX-2023-00001782.pt,366,163,beanie,冷帽,冷帽
data\features\HKSLLEX-2023-00001780.pt,827,221,discuss,討論,討論
data\features\HKSLLEX-2023-00001781.pt,1744,202,orange eyes,大開眼界,大開眼界
data\features\HKSLLEX-2023-00001783.pt,399,154,bind,捆綁,捆綁
data\features\HKSLLEX-2023-00001785.pt,639,154,clothes,衣服,衫
data\features\HKSLLEX-2023-00001784.pt,1285,163,hold accountable,追究責任,追究責任
data\features\HKSLLEX-2023-00001786.pt,1258,163,heart touch,感動,感動
data\features\HKSLLEX-2023-00001787.pt,914,173,edge,邊緣,邊緣
data\features\HKSLLEX-2023-00001789.pt,2420,173,sword,劍,劍
data\features\HKSLLEX-2023-00001790.pt,1853,163,pjs,睡衣,睡衣
data\features\HKSLLEX-2023-00001791.pt,513,163,calculator,計數機,計數機
data\features\HKSLLEX-2023-00001788.pt,1198,221,grieve,悲痛,悲痛
data\features\HKSLLEX-2023-00001793.pt,2735,154,wow,嘩,嘩
data\features\HKSLLEX-2023-00001792.pt,762,173,decline,衰退,衰退
data\features\HKSLLEX-2023-00001794.pt,1232,154,handsome,帥,靚仔
data\features\HKSLLEX-2023-00001795.pt,2153,163,shape,形狀,形狀
data\features\HKSLLEX-2023-00001797.pt,2534,154,towel,毛巾,毛巾
data\features\HKSLLEX-2023-00001796.pt,1391,163,intuitive,直覺,直覺
data\features\HKSLLEX-2023-00001798.pt,2419,163,switzerland,瑞士,瑞士
data\features\HKSLLEX-2023-00001799.pt,2377,163,suck,吸吮,吸吮
data\features\HKSLLEX-2023-00001801.pt,698,125,cool,涼爽,涼爽
data\features\HKSLLEX-2023-00001800.pt,318,163,axe,斧頭,斧頭
data\features\HKSLLEX-2023-00001802.pt,2590,154,unique,獨特,獨特
data\features\HKSLLEX-2023-00001803.pt,732,144,crown,王冠,王冠
data\features\HKSLLEX-2023-00001804.pt,1803,163,peas,豌豆,豌豆
data\features\HKSLLEX-2023-00001806.pt,1996,144,register,登記,登記
data\features\HKSLLEX-2023-00001808.pt,1145,134,give,俾,俾
data\features\HKSLLEX-2023-00001809.pt,574,134,charge,收錢,收錢
data\features\HKSLLEX-2023-00001807.pt,2612,154,vanilla,雲尼拿,雲尼拿
data\features\HKSLLEX-2023-00001805.pt,2428,182,take off,起飛,起飛
data\features\HKSLLEX-2023-00001811.pt,2061,154,rough,粗糙,粗糙
data\features\HKSLLEX-2023-00001810.pt,276,163,antlers,鹿角,鹿角
data\features\HKSLLEX-2023-00001814.pt,2571,144,twins,雙胞胎,雙胞胎
data\features\HKSLLEX-2023-00001813.pt,2464,144,then,然後,然後
data\features\HKSLLEX-2023-00001817.pt,2482,134,this/it,這個,呢個
data\features\HKSLLEX-2023-00001812.pt,471,163,break down,崩解,崩解
data\features\HKSLLEX-2023-00001816.pt,2047,163,robot,機器人,機器人
data\features\HKSLLEX-2023-00001815.pt,854,163,dont like,不喜歡,唔鍾意
data\features\HKSLLEX-2023-00001818.pt,572,154,chaos,一團糟,一鑊粥
data\features\HKSLLEX-2023-00001819.pt,1933,173,propeller,螺旋槳,螺旋槳
data\features\HKSLLEX-2023-00001823.pt,1446,134,knock,敲,敲
data\features\HKSLLEX-2023-00001822.pt,325,144,back out,反口,反口
data\features\HKSLLEX-2023-00001821.pt,887,163,drug,毒品,毒品
data\features\HKSLLEX-2023-00001820.pt,2056,173,roof,屋頂,屋頂
data\features\HKSLLEX-2023-00001824.pt,2129,154,seem,似乎,似乎
data\features\HKSLLEX-2023-00001826.pt,2429,134,take pill,食藥,食藥
data\features\HKSLLEX-2023-00001825.pt,907,173,easel,畫架,畫架
data\features\HKSLLEX-2023-00001827.pt,1586,154,melt,融化,融化
data\features\HKSLLEX-2023-00001828.pt,1125,144,gamble,賭錢,賭錢
data\features\HKSLLEX-2023-00001829.pt,2752,144,your,你的,你嘅
data\features\HKSLLEX-2023-00001830.pt,2095,154,sauce,醬,醬
data\features\HKSLLEX-2023-00001831.pt,2655,154,wash hands,洗手,洗手
data\features\HKSLLEX-2023-00001834.pt,1033,144,filter,篩選,篩選
data\features\HKSLLEX-2023-00001833.pt,1904,144,predict,預測,預測
data\features\HKSLLEX-2023-00001832.pt,2237,154,sneak adventure,偷走,偷走
data\features\HKSLLEX-2023-00001835.pt,394,154,better,更好,更好
data\features\HKSLLEX-2023-00001837.pt,449,144,bottom,底部,底部
data\features\HKSLLEX-2023-00001836.pt,1824,192,pet,寵物,寵物
data\features\HKSLLEX-2023-00001839.pt,915,163,edit,編輯,編輯
data\features\HKSLLEX-2023-00001840.pt,2195,144,signature,簽署,簽名
data\features\HKSLLEX-2023-00001841.pt,2653,144,wash dishes,洗碗,洗碗
data\features\HKSLLEX-2023-00001838.pt,2350,192,stopwatch,秒錶,秒錶
data\features\HKSLLEX-2023-00001843.pt,307,163,audience,觀眾,觀眾
data\features\HKSLLEX-2023-00001842.pt,859,211,donut,甜甜圈,冬甩
data\features\HKSLLEX-2023-00001844.pt,473,154,breakfast,早餐,早餐
data\features\HKSLLEX-2023-00001845.pt,1534,134,lousy,惡劣,惡劣
data\features\HKSLLEX-2023-00001846.pt,2597,154,upset,沮喪,沮喪
data\features\HKSLLEX-2023-00001847.pt,1540,144,lunch,午餐,午餐
data\features\HKSLLEX-2023-00001849.pt,1961,154,quit,離開,離開
data\features\HKSLLEX-2023-00001848.pt,464,182,braille,盲文凸字,盲文凸字
data\features\HKSLLEX-2023-00001851.pt,1793,154,pay,俾錢,俾錢
data\features\HKSLLEX-2023-00001850.pt,2643,163,wallet,銀包,銀包
data\features\HKSLLEX-2023-00001853.pt,1261,144,heavy,重,重
data\features\HKSLLEX-2023-00001852.pt,1022,182,fencing,劍擊,劍擊
data\features\HKSLLEX-2023-00001854.pt,2190,154,sideburns,鬢角,䄪穗
data\features\HKSLLEX-2023-00001855.pt,1809,163,penguin,企鵝,企鵝
data\features\HKSLLEX-2023-00001857.pt,1740,154,option,選項,選項
data\features\HKSLLEX-2023-00001856.pt,437,192,bolt,螺栓,螺絲頭
data\features\HKSLLEX-2023-00001859.pt,1373,163,inspiring,鼓舞人心,鼓舞人心
data\features\HKSLLEX-2023-00001858.pt,792,173,dessert,甜品,甜品
data\features\HKSLLEX-2023-00001861.pt,2220,154,slide,瀡,瀡
data\features\HKSLLEX-2023-00001860.pt,1223,163,hall,禮堂,禮堂
data\features\HKSLLEX-2023-00001862.pt,1329,173,i love you,我愛你,我愛你
data\features\HKSLLEX-2023-00001864.pt,1784,154,party,派對,派對
data\features\HKSLLEX-2023-00001863.pt,630,202,climb ladder,爬梯,爬梯
data\features\HKSLLEX-2023-00001865.pt,777,163,delinquent,違法,違法
data\features\HKSLLEX-2023-00001866.pt,1645,144,must,必須,必須
data\features\HKSLLEX-2023-00001867.pt,1281,144,hit,打,打
data\features\HKSLLEX-2023-00001869.pt,1566,154,marry,嫁,嫁
data\features\HKSLLEX-2023-00001870.pt,1272,173,high heels,高跟鞋,高踭鞋
data\features\HKSLLEX-2023-00001871.pt,720,144,cream,忌廉,忌廉
data\features\HKSLLEX-2023-00001874.pt,1383,144,interested,有興趣,有興趣
data\features\HKSLLEX-2023-00001872.pt,1323,173,hurdle,跨欄,跨欄
data\features\HKSLLEX-2023-00001873.pt,302,202,astronaut,太空人,太空人
data\features\HKSLLEX-2023-00001878.pt,2235,134,snap,彈手指,撻手指
data\features\HKSLLEX-2023-00001877.pt,1512,182,living room,客廳,客廳
data\features\HKSLLEX-2023-00001875.pt,913,202,eclipse,日蝕,日蝕
data\features\HKSLLEX-2023-00001880.pt,1069,134,fold,摺,摺
data\features\HKSLLEX-2023-00001879.pt,789,144,depth,深度,深度
data\features\HKSLLEX-2023-00001881.pt,342,154,band aid,膠布,膠布
data\features\HKSLLEX-2023-00001883.pt,1528,154,look forward,期待,期待
data\features\HKSLLEX-2023-00001882.pt,308,192,auditorium,觀眾席,觀眾席
data\features\HKSLLEX-2023-00001887.pt,393,125,bet,打賭,打賭
data\features\HKSLLEX-2023-00001885.pt,506,163,buttons,鈕扣,鈕扣
data\features\HKSLLEX-2023-00001884.pt,1091,173,fraction,分數,分數
data\features\HKSLLEX-2023-00001886.pt,2042,163,risk,風險,風險
data\features\HKSLLEX-2023-00001888.pt,2283,144,spit out,吐出,吐出
data\features\HKSLLEX-2023-00001889.pt,2589,134,unicorn,獨角獸,獨角獸
data\features\HKSLLEX-2023-00001892.pt,1482,134,let go,放低,放低
data\features\HKSLLEX-2023-00001894.pt,382,134,beg,求,求
data\features\HKSLLEX-2023-00001893.pt,1694,144,normal,普通,普通
data\features\HKSLLEX-2023-00001890.pt,1351,182,impress,留下深刻印象,留下深刻印象
data\features\HKSLLEX-2023-00001895.pt,1469,144,leak,洩漏,洩漏
data\features\HKSLLEX-2023-00001891.pt,1398,173,isolated,孤立,孤立
data\features\HKSLLEX-2023-00001896.pt,1745,173,orange throat,收回說過的東西,收返講過嘅嘢
data\features\HKSLLEX-2023-00001898.pt,1245,125,he,他,他
data\features\HKSLLEX-2023-00001897.pt,2407,163,sweatpants,運動褲,運動褲
data\features\HKSLLEX-2023-00001899.pt,424,154,blow mind,震撼,震撼
data\features\HKSLLEX-2023-00001900.pt,1587,163,member,成員,成員
data\features\HKSLLEX-2023-00001901.pt,1035,163,finance,金融,金融
data\features\HKSLLEX-2023-00001904.pt,2315,134,stay,停留,停留
data\features\HKSLLEX-2023-00001903.pt,813,163,dining room,飯廳,飯廳
data\features\HKSLLEX-2023-00001902.pt,217,202,accordion,手風琴,手風琴
data\features\HKSLLEX-2023-00001905.pt,438,144,bomb,炸彈,炸彈
data\features\HKSLLEX-2023-00001906.pt,1115,163,frown,皺眉,皺眉
data\features\HKSLLEX-2023-00001907.pt,1279,144,his,他的,佢嘅
data\features\HKSLLEX-2023-00001909.pt,1860,134,plate,碟,碟
data\features\HKSLLEX-2023-00001908.pt,898,144,each,每個,每個
data\features\HKSLLEX-2023-00001910.pt,1324,154,hurricane,颶風,颶風
data\features\HKSLLEX-2023-00001911.pt,391,154,best,最好,最好
data\features\HKSLLEX-2023-00001912.pt,1897,154,pour,斟,斟
data\features\HKSLLEX-2023-00001913.pt,1293,163,honey,蜜糖,蜜糖
data\features\HKSLLEX-2023-00001915.pt,976,154,expect,預計,預計
data\features\HKSLLEX-2023-00001914.pt,2603,163,vagina,陰道,陰道
data\features\HKSLLEX-2023-00001917.pt,593,144,chin,下巴,下巴
data\features\HKSLLEX-2023-00001916.pt,2221,144,slingshot,丫叉彈弓,丫叉彈弓
data\features\HKSLLEX-2023-00001918.pt,2434,144,tan,曬黑,曬黑
data\features\HKSLLEX-2023-00001919.pt,1240,163,harp,豎琴,豎琴
data\features\HKSLLEX-2023-00001921.pt,1178,134,grade,成績,成績
data\features\HKSLLEX-2023-00001920.pt,1941,192,psychology,心理學,心理學
data\features\HKSLLEX-2023-00001922.pt,1640,144,murder ,謀殺,謀殺
data\features\HKSLLEX-2023-00001924.pt,2744,144,yawn,打哈欠,打喊露
data\features\HKSLLEX-2023-00001925.pt,1243,154,hate,憎,憎
data\features\HKSLLEX-2023-00001923.pt,1243,163,hate,恨,憎
data\features\HKSLLEX-2023-00001926.pt,1284,134,hold,揸住,揸住
data\features\HKSLLEX-2023-00001927.pt,1661,125,neck,頸,頸
data\features\HKSLLEX-2023-00001928.pt,2044,144,road,路,路
data\features\HKSLLEX-2023-00001929.pt,2579,144,udder,乳房,乳房
data\features\HKSLLEX-2023-00001931.pt,2480,163,third,第三,第三
data\features\HKSLLEX-2023-00001930.pt,2475,182,think connect,心靈相通,心靈相通
data\features\HKSLLEX-2023-00001932.pt,2334,173,sticky,黏黏的,黐笠笠
data\features\HKSLLEX-2023-00001933.pt,2066,173,rule,規則,規則
data\features\HKSLLEX-2023-00001934.pt,897,173,dye,染色,染色
data\features\HKSLLEX-2023-00001935.pt,2077,154,sailboat,帆船,帆船
data\features\HKSLLEX-2023-00001936.pt,1593,134,microphone,麥克風,咪高峰
data\features\HKSLLEX-2023-00001937.pt,2453,173,temper blow up,發脾氣,發脾氣
data\features\HKSLLEX-2023-00001939.pt,604,154,chop,剁,剁
data\features\HKSLLEX-2023-00001938.pt,835,173,distracted,分心,分心
data\features\HKSLLEX-2023-00001940.pt,337,154,bald,禿頭,禿頭
data\features\HKSLLEX-2023-00001943.pt,1900,173,practice,練習,練習
data\features\HKSLLEX-2023-00001941.pt,1045,192,firetruck,消防車,消防車
data\features\HKSLLEX-2023-00001942.pt,883,192,drip,滴,滴
data\features\HKSLLEX-2023-00001944.pt,329,173,backyard,後院,後花園
data\features\HKSLLEX-2023-00001945.pt,480,154,bring,帶,帶
data\features\HKSLLEX-2023-00001946.pt,890,154,dry,乾燥,乾燥
data\features\HKSLLEX-2023-00001947.pt,1716,173,octopus,八爪魚,八爪魚
data\features\HKSLLEX-2023-00001948.pt,1680,163,next to,旁邊,隔籬
data\features\HKSLLEX-2023-00001950.pt,1100,154,freeze,凍結,凍結
data\features\HKSLLEX-2023-00001952.pt,1730,144,one,一,一
data\features\HKSLLEX-2023-00001949.pt,497,182,burp,打嗝,打嗝
data\features\HKSLLEX-2023-00001951.pt,311,192,autism,自閉症,自閉症
data\features\HKSLLEX-2023-00001953.pt,620,163,clause,條款,條款
data\features\HKSLLEX-2023-00001954.pt,1620,163,monster,怪物,怪物
data\features\HKSLLEX-2023-00001955.pt,2488,144,thunder,打雷,行雷
data\features\HKSLLEX-2023-00001956.pt,902,154,earmuffs,耳罩,耳罩
data\features\HKSLLEX-2023-00001957.pt,576,144,chase,追趕,追趕
data\features\HKSLLEX-2023-00001959.pt,2091,154,santa  ,聖誕老人,聖誕老人
data\features\HKSLLEX-2023-00001958.pt,1440,173,kiss on cheek,親吻臉頰,親吻臉頰
data\features\HKSLLEX-2023-00001960.pt,343,192,bandage,繃帶,繃帶
data\features\HKSLLEX-2023-00001962.pt,2039,144,ride,乘搭,乘搭
data\features\HKSLLEX-2023-00001961.pt,2660,202,water ski,滑水,滑水
data\features\HKSLLEX-2023-00001963.pt,1328,163,hypocrite,偽君子,偽君子
data\features\HKSLLEX-2023-00001964.pt,2708,154,will,將會 ,將會 
data\features\HKSLLEX-2023-00001965.pt,2228,173,smell money,廉價,廉價
data\features\HKSLLEX-2023-00001967.pt,479,144,bright,明亮,明亮
data\features\HKSLLEX-2023-00001966.pt,2666,163,we will see,看看怎樣,睇吓點
data\features\HKSLLEX-2023-00001968.pt,1989,173,red faced,尷尬,尷尬
data\features\HKSLLEX-2023-00001969.pt,843,154,doesnt matter,不要緊,唔緊要
data\features\HKSLLEX-2023-00001970.pt,488,163,buffalo,水牛,水牛
data\features\HKSLLEX-2023-00001971.pt,802,154,dictionary,字典,字典
data\features\HKSLLEX-2023-00001972.pt,1795,163,pay off bills,還清帳單,還清帳單
data\features\HKSLLEX-2023-00001974.pt,1976,144,ready,準備好,準備好
data\features\HKSLLEX-2023-00001973.pt,1221,173,half,一半,一半
data\features\HKSLLEX-2023-00001975.pt,357,144,bat,蝙蝠,蝙蝠
data\features\HKSLLEX-2023-00001978.pt,1950,144,put,放,放
data\features\HKSLLEX-2023-00001977.pt,1392,154,invest,投資,投資
data\features\HKSLLEX-2023-00001976.pt,645,173,cocaine,可卡因,可卡因
data\features\HKSLLEX-2023-00001979.pt,1139,154,get through,通過,通過
data\features\HKSLLEX-2023-00001980.pt,965,163,event,事件,事件
data\features\HKSLLEX-2023-00001981.pt,457,163,boxing,拳擊,拳擊
data\features\HKSLLEX-2023-00001982.pt,737,154,curious,好奇,好奇
data\features\HKSLLEX-2023-00001983.pt,1003,163,fan,扇,扇
data\features\HKSLLEX-2023-00001984.pt,322,163,babysitter,保母,保母
data\features\HKSLLEX-2023-00001985.pt,1499,154,like,喜歡,鍾意
data\features\HKSLLEX-2023-00001987.pt,452,154,bow 1,弓,弓
data\features\HKSLLEX-2023-00001988.pt,451,163,bow,鞠躬,鞠躬
data\features\HKSLLEX-2023-00001989.pt,712,154,crack,裂縫,裂縫
data\features\HKSLLEX-2023-00001986.pt,583,230,cheese grater,芝士刨絲器,芝士刨絲器
data\features\HKSLLEX-2023-00001990.pt,2196,211,signing fluently,流暢地做手語,流暢地做手語
data\features\HKSLLEX-2023-00001991.pt,2689,221,wheelbarrow,獨輪手推車,獨輪手推車
data\features\HKSLLEX-2023-00001992.pt,2425,173,take care,保重,保重
data\features\HKSLLEX-2023-00001993.pt,287,182,argue,爭論,拗撬
data\features\HKSLLEX-2023-00001995.pt,1955,182,q tip,棉花棒,棉花棒
data\features\HKSLLEX-2023-00001994.pt,1564,230,marionette,扯線公仔,扯線公仔
data\features\HKSLLEX-2023-00001996.pt,879,192,dresser,床頭櫃,床頭櫃
data\features\HKSLLEX-2023-00001997.pt,301,163,assistant,助手,助手
data\features\HKSLLEX-2023-00001999.pt,1460,192,law,法律,法律
data\features\HKSLLEX-2023-00001998.pt,1062,192,flipflops,人字拖,人字拖
data\features\HKSLLEX-2023-00002000.pt,1753,163,over,超過,超過
data\features\HKSLLEX-2023-00002001.pt,1724,192,ok,ok,ok
data\features\HKSLLEX-2023-00002004.pt,526,163,cancel,取消,取消
data\features\HKSLLEX-2023-00002002.pt,1741,182,or,或者,或者
data\features\HKSLLEX-2023-00002003.pt,642,202,clueless,一無所知,一無所知
data\features\HKSLLEX-2023-00002005.pt,969,182,everything,一切,一切
data\features\HKSLLEX-2023-00002007.pt,2144,144,seven,七,七
data\features\HKSLLEX-2023-00002006.pt,763,154,dedicate,奉獻,奉獻
data\features\HKSLLEX-2023-00002008.pt,2096,163,sausage,香腸,香腸
data\features\HKSLLEX-2023-00002009.pt,2102,182,scar memory,烙印,烙印
data\features\HKSLLEX-2023-00002010.pt,2562,163,turban,頭巾,頭巾
data\features\HKSLLEX-2023-00002012.pt,2427,173,take notes,抄筆記,抄筆記
data\features\HKSLLEX-2023-00002013.pt,1810,173,penis,陰莖,陰莖
data\features\HKSLLEX-2023-00002011.pt,2737,202,wrap up,包裝,包裝
data\features\HKSLLEX-2023-00002014.pt,332,163,badge,徽章,徽章
data\features\HKSLLEX-2023-00002015.pt,637,182,closet,衣櫃,衣櫃
data\features\HKSLLEX-2023-00002016.pt,1748,211,ostrich,鴕鳥,鴕鳥
data\features\HKSLLEX-2023-00002017.pt,1159,182,go to jail,坐監,坐監
data\features\HKSLLEX-2023-00002019.pt,589,173,child,小朋友,小朋友
data\features\HKSLLEX-2023-00002018.pt,1705,192,not used to,不習慣,唔習慣
data\features\HKSLLEX-2023-00002020.pt,2037,163,rich,富有,富有
data\features\HKSLLEX-2023-00002021.pt,1994,192,refrigerator,雪櫃,雪櫃
data\features\HKSLLEX-2023-00002022.pt,2290,182,spot something,發現,發現
data\features\HKSLLEX-2023-00002023.pt,1500,182,limited,有限,有限
data\features\HKSLLEX-2023-00002024.pt,2260,163,soon,很快,轉頭
data\features\HKSLLEX-2023-00002025.pt,412,173,blame,責備,責備
data\features\HKSLLEX-2023-00002028.pt,1206,173,guillotine,斷頭台,斷頭台
data\features\HKSLLEX-2023-00002026.pt,1021,173,fence,籬笆,籬笆
data\features\HKSLLEX-2023-00002027.pt,1283,182,hoe,鋤頭,鋤頭
data\features\HKSLLEX-2023-00002030.pt,2654,182,wash face,洗面,洗面
data\features\HKSLLEX-2023-00002029.pt,2257,182,something,某樣東西,某樣嘢
data\features\HKSLLEX-2023-00002031.pt,960,182,escape,逃走,逃走
data\features\HKSLLEX-2023-00002032.pt,1851,182,pizza,披薩,披薩
data\features\HKSLLEX-2023-00002033.pt,277,154,any,任何,任何
data\features\HKSLLEX-2023-00002035.pt,901,134,early,早,早
data\features\HKSLLEX-2023-00002034.pt,2436,163,tape,膠紙,膠紙
data\features\HKSLLEX-2023-00002036.pt,1424,173,jump rope,跳繩,跳繩
data\features\HKSLLEX-2023-00002037.pt,1274,192,highlighter,螢光筆,螢光筆
data\features\HKSLLEX-2023-00002038.pt,2574,192,two more,多兩個,多兩個
data\features\HKSLLEX-2023-00002039.pt,501,182,busted,破獲,斷正
data\features\HKSLLEX-2023-00002040.pt,672,163,complain,投訴,投訴
data\features\HKSLLEX-2023-00002041.pt,1985,163,record,記錄,記錄
data\features\HKSLLEX-2023-00002043.pt,1541,163,lungs,肺,肺
data\features\HKSLLEX-2023-00002042.pt,552,192,catepillar,毛毛蟲,毛毛蟲
data\features\HKSLLEX-2023-00002044.pt,1098,163,free,自由,自由
data\features\HKSLLEX-2023-00002046.pt,1854,182,place,地方,地方
data\features\HKSLLEX-2023-00002047.pt,2216,173,skunk,臭鼬鼠,臭鼬鼠
data\features\HKSLLEX-2023-00002045.pt,1849,182,pitcher,投球手,投球手
data\features\HKSLLEX-2023-00002048.pt,1889,173,porcupine,箭豬,箭豬
data\features\HKSLLEX-2023-00002049.pt,2312,173,stare,凝視,睥
data\features\HKSLLEX-2023-00002050.pt,2282,182,spill,倒瀉,倒瀉
data\features\HKSLLEX-2023-00002051.pt,1078,173,forest,森林,森林
data\features\HKSLLEX-2023-00002052.pt,2479,163,think penetrate,洞察,洞察
data\features\HKSLLEX-2023-00002053.pt,209,173,abbreviate,簡稱,簡稱
data\features\HKSLLEX-2023-00002056.pt,2503,154,tired of,厭倦,厭倦
data\features\HKSLLEX-2023-00002054.pt,987,182,eyes awake,捱夜,捱夜
data\features\HKSLLEX-2023-00002057.pt,1548,154,maid,女傭,女傭
data\features\HKSLLEX-2023-00002055.pt,519,192,camel,駱駝,駱駝
data\features\HKSLLEX-2023-00002058.pt,628,154,click,㩒一下,㩒一下
data\features\HKSLLEX-2023-00002059.pt,695,163,convince,說服,說服
data\features\HKSLLEX-2023-00002060.pt,1704,163,not understand,不明白,唔明
data\features\HKSLLEX-2023-00002063.pt,2155,154,sharp,鋒利,鋒利
data\features\HKSLLEX-2023-00002065.pt,1070,154,follow,跟隨,跟隨
data\features\HKSLLEX-2023-00002062.pt,1636,173,move down,向下移動,向下移動
data\features\HKSLLEX-2023-00002061.pt,2483,192,thought disappear,想不起,醒唔起
data\features\HKSLLEX-2023-00002064.pt,2124,173,seal,海豹,海豹
data\features\HKSLLEX-2023-00002067.pt,2148,125,shake,搖,搖
data\features\HKSLLEX-2023-00002066.pt,1702,163,not mind,不介意,唔介意
data\features\HKSLLEX-2023-00002068.pt,605,125,chopsticks,筷子,筷子
data\features\HKSLLEX-2023-00002069.pt,327,134,backpack,背囊,背囊
data\features\HKSLLEX-2023-00002070.pt,1230,134,hands,手,手
data\features\HKSLLEX-2023-00002071.pt,1754,125,overlook,忽視,忽視
data\features\HKSLLEX-2023-00002073.pt,1535,125,love,愛,愛
data\features\HKSLLEX-2023-00002075.pt,1764,125,page,頁,頁
data\features\HKSLLEX-2023-00002074.pt,2244,125,so,所以,所以
data\features\HKSLLEX-2023-00002072.pt,2233,154,snail,蝸牛,蝸牛
data\features\HKSLLEX-2023-00002076.pt,1977,134,real sick,病重,病重
data\features\HKSLLEX-2023-00002077.pt,1547,134,magnify,放大,放大
data\features\HKSLLEX-2023-00002079.pt,1325,134,hurry,趕,趕
data\features\HKSLLEX-2023-00002078.pt,1162,134,goatee,山羊鬍,山羊鬍
data\features\HKSLLEX-2023-00002080.pt,1404,134,jar,罐,甖
data\features\HKSLLEX-2023-00002081.pt,2069,144,run out of,用晒,用晒
data\features\HKSLLEX-2023-00002082.pt,315,154,awake,甦醒,甦醒
data\features\HKSLLEX-2023-00002084.pt,995,144,fair,公平,公平
data\features\HKSLLEX-2023-00002083.pt,603,154,choke,哽塞,哽嚫
data\features\HKSLLEX-2023-00002087.pt,2074,125,safe,安全,安全
data\features\HKSLLEX-2023-00002085.pt,566,144,champion,冠軍,冠軍
data\features\HKSLLEX-2023-00002086.pt,1344,144,immature,不成熟,唔成熟
data\features\HKSLLEX-2023-00002088.pt,2302,144,stadium,體育場,體育場
data\features\HKSLLEX-2023-00002089.pt,1229,144,handcuffs,手銬,手銬
data\features\HKSLLEX-2023-00002092.pt,2356,134,straw,飲管,飲管
data\features\HKSLLEX-2023-00002091.pt,1823,144,persuade,遊說,遊說
data\features\HKSLLEX-2023-00002090.pt,1228,154,hand soap,洗手液,洗手液
data\features\HKSLLEX-2023-00002093.pt,2424,134,take,拿,拎
data\features\HKSLLEX-2023-00002095.pt,1641,115,muscle,肌肉,肌肉
data\features\HKSLLEX-2023-00002094.pt,2272,144,spain,西班牙,西班牙
data\features\HKSLLEX-2023-00002096.pt,616,134,clap,拍手,拍手
data\features\HKSLLEX-2023-00002097.pt,2512,115,together,一齊,一齊
data\features\HKSLLEX-2023-00002098.pt,350,134,barrette,髮夾,髮夾
data\features\HKSLLEX-2023-00002099.pt,326,134,back up,後備,後備
data\features\HKSLLEX-2023-00002100.pt,2381,134,suit,西裝,西裝
data\features\HKSLLEX-2023-00002102.pt,1786,134,pass out,昏迷,昏迷
data\features\HKSLLEX-2023-00002101.pt,1195,163,green beans,豆莢,豆莢
data\features\HKSLLEX-2023-00002104.pt,1295,134,hongkong,香港,香港
data\features\HKSLLEX-2023-00002103.pt,2757,154,zebra,斑馬,斑馬
data\features\HKSLLEX-2023-00002105.pt,2309,134,stapler,釘書機,釘書機
data\features\HKSLLEX-2023-00002108.pt,1096,134,freak out,嚇到,嚇親
data\features\HKSLLEX-2023-00002107.pt,1472,125,leather,皮革,皮革
data\features\HKSLLEX-2023-00002106.pt,1951,154,put aside,擱在一旁,放埋一邊
data\features\HKSLLEX-2023-00002109.pt,1210,154,gum,香口膠,香口膠
data\features\HKSLLEX-2023-00002111.pt,1692,125,noon,中午,中午
data\features\HKSLLEX-2023-00002110.pt,670,144,compass,指南針,指南針
data\features\HKSLLEX-2023-00002113.pt,416,125,bless,祝福,祝福
data\features\HKSLLEX-2023-00002114.pt,2604,115,vain,徒勞,徒勞
data\features\HKSLLEX-2023-00002115.pt,385,125,bell,鐘,鐘
data\features\HKSLLEX-2023-00002112.pt,2476,154,think expand,想像,想像
data\features\HKSLLEX-2023-00002116.pt,809,134,dig up,挖出,挖出
data\features\HKSLLEX-2023-00002118.pt,680,125,confidential,機密,機密
data\features\HKSLLEX-2023-00002117.pt,1668,125,net,網,網
data\features\HKSLLEX-2023-00002120.pt,971,125,example,例子,例子
data\features\HKSLLEX-2023-00002119.pt,2718,134,wise,明智,明智
data\features\HKSLLEX-2023-00002121.pt,1270,125,hide,躲藏,匿埋
data\features\HKSLLEX-2023-00002123.pt,1128,144,garlic,蒜頭,蒜頭
data\features\HKSLLEX-2023-00002124.pt,362,134,beach,海灘,海灘
data\features\HKSLLEX-2023-00002122.pt,1737,173,operate machine,操作機器,操作機器
data\features\HKSLLEX-2023-00002126.pt,550,115,catch,捕捉,捕捉
data\features\HKSLLEX-2023-00002125.pt,2505,125,tissue,紙巾,紙巾
data\features\HKSLLEX-2023-00002127.pt,1093,125,frame,框架,框架
data\features\HKSLLEX-2023-00002128.pt,1224,125,halloween,萬聖節,萬聖節
data\features\HKSLLEX-2023-00002129.pt,1318,125,hug,擁抱,擁抱
data\features\HKSLLEX-2023-00002130.pt,531,125,cannon,大砲,大砲
data\features\HKSLLEX-2023-00002132.pt,1380,125,intentional,故意,特登
data\features\HKSLLEX-2023-00002131.pt,2617,144,very interested,好有興趣,好有興趣
data\features\HKSLLEX-2023-00002133.pt,1268,115,hen,母雞,母雞
data\features\HKSLLEX-2023-00002134.pt,1506,115,lips,嘴唇,嘴唇
data\features\HKSLLEX-2023-00002135.pt,916,134,effect,作用,作用
data\features\HKSLLEX-2023-00002136.pt,1666,125,nerve,神經,神經
data\features\HKSLLEX-2023-00002137.pt,677,134,concerned,憂慮,憂慮
data\features\HKSLLEX-2023-00002138.pt,556,144,celery,芹菜,芹菜
data\features\HKSLLEX-2023-00002139.pt,1609,134,miss,想念,掛住
data\features\HKSLLEX-2023-00002140.pt,1372,134,inspire,啟發,啟發
data\features\HKSLLEX-2023-00002141.pt,706,125,count,數數,數數
data\features\HKSLLEX-2023-00002142.pt,419,134,blink,眨眼,眨眼
data\features\HKSLLEX-2023-00002145.pt,2065,134,ruin,毀掉,毀掉
data\features\HKSLLEX-2023-00002143.pt,943,144,energy,活力,活力
data\features\HKSLLEX-2023-00002144.pt,459,154,boyfriend,男朋友,男朋友
data\features\HKSLLEX-2023-00002150.pt,621,115,claw,爪,爪
data\features\HKSLLEX-2023-00002149.pt,2485,144,thrilled,欣喜若狂,欣喜若狂
data\features\HKSLLEX-2023-00002147.pt,1451,154,land,土地,土地
data\features\HKSLLEX-2023-00002148.pt,875,144,dreadlocks,髒辮,髒辮
data\features\HKSLLEX-2023-00002151.pt,352,134,baseball cap,棒球帽,棒球帽
data\features\HKSLLEX-2023-00002153.pt,2098,125,save money,儲錢,儲錢
data\features\HKSLLEX-2023-00002152.pt,911,144,easy to do,容易做,容易做
data\features\HKSLLEX-2023-00002154.pt,267,134,analyze,分析,分析
data\features\HKSLLEX-2023-00002155.pt,1693,144,noose,繩套,繩套
data\features\HKSLLEX-2023-00002156.pt,2658,134,watch,看,睇
data\features\HKSLLEX-2023-00002157.pt,2173,134,should,應該,應該
data\features\HKSLLEX-2023-00002158.pt,2715,134,windy,大風,大風
data\features\HKSLLEX-2023-00002159.pt,2261,144,sophisticated,精緻,精緻
data\features\HKSLLEX-2023-00002160.pt,2067,163,ruler,間尺,間尺
data\features\HKSLLEX-2023-00002162.pt,1799,144,peacock,孔雀,孔雀
data\features\HKSLLEX-2023-00002161.pt,2742,154,write on wall,寫在牆上,寫在牆上
data\features\HKSLLEX-2023-00002164.pt,586,134,chew,咀嚼,咀嚼
data\features\HKSLLEX-2023-00002165.pt,2046,134,rob,搶劫,搶劫
data\features\HKSLLEX-2023-00002166.pt,1841,134,pin on,釘上,釘上
data\features\HKSLLEX-2023-00002163.pt,2608,144,valley,山谷,山谷
data\features\HKSLLEX-2023-00002167.pt,1038,134,finger,手指,手指
data\features\HKSLLEX-2023-00002168.pt,406,125,bite,咬,咬
data\features\HKSLLEX-2023-00002170.pt,831,134,dispatch,派遣,派遣
data\features\HKSLLEX-2023-00002169.pt,1623,134,moose,駝鹿,駝鹿
data\features\HKSLLEX-2023-00002172.pt,1212,115,gym,健身,健身
data\features\HKSLLEX-2023-00002171.pt,1215,134,haha,哈哈,哈哈
data\features\HKSLLEX-2023-00002173.pt,518,134,calm,冷靜,冷靜
data\features\HKSLLEX-2023-00002174.pt,2251,144,sofa,梳化,梳化
data\features\HKSLLEX-2023-00002175.pt,2556,134,truck,貨車,貨車
data\features\HKSLLEX-2023-00002178.pt,2291,125,spread,傳播,傳播
data\features\HKSLLEX-2023-00002176.pt,2445,144,tear rip,撕開,撕開
data\features\HKSLLEX-2023-00002177.pt,1649,134,nail,指甲,指甲
data\features\HKSLLEX-2023-00002179.pt,2684,134,whale,鯨魚,鯨魚
data\features\HKSLLEX-2023-00002180.pt,421,134,bloom,綻放,綻放
data\features\HKSLLEX-2023-00002183.pt,1336,115,if,如果,如果
data\features\HKSLLEX-2023-00002182.pt,1219,144,hairdresser,理髮師,理髮師
data\features\HKSLLEX-2023-00002181.pt,2100,163,saxophone,薩克斯風,色士風
data\features\HKSLLEX-2023-00002185.pt,2665,115,we,我們,我哋
data\features\HKSLLEX-2023-00002184.pt,823,134,disappoint,失望,失望
data\features\HKSLLEX-2023-00002186.pt,1330,134,ice,冰,冰
data\features\HKSLLEX-2023-00002188.pt,1084,115,form,表格,表格
data\features\HKSLLEX-2023-00002187.pt,1421,125,juice,果汁,果汁
data\features\HKSLLEX-2023-00002190.pt,2364,125,strong,強壯,強壯
data\features\HKSLLEX-2023-00002189.pt,2183,134,shut out,拒諸門外,拒諸門外
data\features\HKSLLEX-2023-00002191.pt,1870,134,plummet,直線下降,直線下降
data\features\HKSLLEX-2023-00002192.pt,1529,115,look like,好似,好似
data\features\HKSLLEX-2023-00002195.pt,2208,115,six,六,六
data\features\HKSLLEX-2023-00002193.pt,2020,134,resist,抗拒,抗拒
data\features\HKSLLEX-2023-00002194.pt,388,134,bend,屈曲,屈曲
data\features\HKSLLEX-2023-00002196.pt,1414,134,join,加入,加入
data\features\HKSLLEX-2023-00002198.pt,2559,115,tube,管,管
data\features\HKSLLEX-2023-00002199.pt,1057,115,fix,修理,修理
data\features\HKSLLEX-2023-00002197.pt,1277,144,hinge,門鉸,門鉸
data\features\HKSLLEX-2023-00002200.pt,814,125,dinner,晚餐,晚餐
data\features\HKSLLEX-2023-00002201.pt,994,134,faint,暈低,暈低
data\features\HKSLLEX-2023-00002203.pt,363,144,beak,鳥喙,鳥喙
data\features\HKSLLEX-2023-00002202.pt,2063,154,row,撐船,撐船
data\features\HKSLLEX-2023-00002204.pt,1410,144,jellyfish,水母,水母
data\features\HKSLLEX-2023-00002205.pt,313,125,average,平均,平均
data\features\HKSLLEX-2023-00002206.pt,1167,115,gone,冇晒,冇晒
data\features\HKSLLEX-2023-00002207.pt,581,115,cheek,臉頰,臉頰
data\features\HKSLLEX-2023-00002209.pt,864,115,down,向下,向下
data\features\HKSLLEX-2023-00002208.pt,1239,163,harmonica,口琴,口琴
data\features\HKSLLEX-2023-00002213.pt,2097,115,save,儲存,儲存
data\features\HKSLLEX-2023-00002210.pt,2520,134,tongue,舌頭,舌頭
data\features\HKSLLEX-2023-00002211.pt,1018,134,feed,餵食,餵食
data\features\HKSLLEX-2023-00002212.pt,1682,134,nice,友善,友善
data\features\HKSLLEX-2023-00002214.pt,2528,134,touch,觸碰,觸碰
data\features\HKSLLEX-2023-00002215.pt,1758,144,overwhelmed,難以承受,難以承受
data\features\HKSLLEX-2023-00002216.pt,2204,125,siren,警報器,警報器
data\features\HKSLLEX-2023-00002217.pt,2455,154,temporary,暫時,暫時
data\features\HKSLLEX-2023-00002218.pt,1771,134,pancake,班戟,班戟
data\features\HKSLLEX-2023-00002219.pt,355,125,basket,籃,籃
data\features\HKSLLEX-2023-00002221.pt,2243,125,snowman,雪人,雪人
data\features\HKSLLEX-2023-00002222.pt,2748,115,yes,是,係
data\features\HKSLLEX-2023-00002220.pt,1690,134,nonsense,一派胡言,一派胡言
data\features\HKSLLEX-2023-00002223.pt,1696,125,nose,鼻,鼻
data\features\HKSLLEX-2023-00002224.pt,1715,144,ocean,海洋,海洋
data\features\HKSLLEX-2023-00002226.pt,1393,134,invisible,無形,無形
data\features\HKSLLEX-2023-00002229.pt,1589,134,memorize,記住,記住
data\features\HKSLLEX-2023-00002230.pt,850,134,dont care,不在乎,唔在乎
data\features\HKSLLEX-2023-00002228.pt,2477,154,think obsess,入神,入神
data\features\HKSLLEX-2023-00002225.pt,1639,163,mummy,木乃伊,木乃伊
data\features\HKSLLEX-2023-00002231.pt,1170,154,goody goody,道貌岸然,賣口乖
data\features\HKSLLEX-2023-00002232.pt,638,134,close ,關閉,關閉
data\features\HKSLLEX-2023-00002233.pt,1415,134,joke,玩笑,玩笑
data\features\HKSLLEX-2023-00002234.pt,1432,125,kick,踢,踢
data\features\HKSLLEX-2023-00002236.pt,769,134,defeat,打敗,打敗
data\features\HKSLLEX-2023-00002235.pt,1736,134,open,打開,打開
data\features\HKSLLEX-2023-00002237.pt,1819,125,permission,准許,准許
data\features\HKSLLEX-2023-00002238.pt,2468,125,these,這些,呢啲
data\features\HKSLLEX-2023-00002240.pt,433,144,boil,煲滾,煲滾
data\features\HKSLLEX-2023-00002239.pt,1172,154,goosebumps,雞皮疙瘩,起雞皮
data\features\HKSLLEX-2023-00002241.pt,1584,134,megaphone,喇叭,大聲公
data\features\HKSLLEX-2023-00002242.pt,970,134,evidence,證據,證據
data\features\HKSLLEX-2023-00002246.pt,664,115,comment,評論,評論
data\features\HKSLLEX-2023-00002245.pt,1502,134,linguistics,語言學,語言學
data\features\HKSLLEX-2023-00002243.pt,1734,144,only one,只有一個,只有一個
data\features\HKSLLEX-2023-00002244.pt,2248,134,society,社會,社會
data\features\HKSLLEX-2023-00002248.pt,2112,125,scold,責罵,鬧
data\features\HKSLLEX-2023-00002247.pt,1822,144,perspective,角度,角度
data\features\HKSLLEX-2023-00002250.pt,2734,115,worse,惡化,惡化
data\features\HKSLLEX-2023-00002249.pt,2674,144,weekend,週末,週末
data\features\HKSLLEX-2023-00002251.pt,1895,125,postpone,延遲,延遲
data\features\HKSLLEX-2023-00002252.pt,2401,115,suspend,中止,中止
data\features\HKSLLEX-2023-00002253.pt,826,134,disconnect,切斷,切斷
data\features\HKSLLEX-2023-00002254.pt,2201,134,single,單身,單身
data\features\HKSLLEX-2023-00002255.pt,2661,134,waterdrop,水滴,水滴
data\features\HKSLLEX-2023-00002256.pt,2247,134,socialize,社交,社交
data\features\HKSLLEX-2023-00002258.pt,1898,106,powder,粉末,粉末
data\features\HKSLLEX-2023-00002260.pt,2739,125,wring,擰,擰
data\features\HKSLLEX-2023-00002259.pt,2629,125,visualize,圖像化,圖像化
data\features\HKSLLEX-2023-00002257.pt,758,154,deaf school,聾人學校,聾人學校
data\features\HKSLLEX-2023-00002261.pt,1918,125,principal,校長,校長
data\features\HKSLLEX-2023-00002262.pt,1906,125,pregnant,懷孕,懷孕
data\features\HKSLLEX-2023-00002263.pt,1133,115,generation,世代,世代
data\features\HKSLLEX-2023-00002264.pt,958,134,escalate,升級,升級
data\features\HKSLLEX-2023-00002265.pt,220,125,acquire,獲得,獲得
data\features\HKSLLEX-2023-00002268.pt,1597,115,middle,中間,中間
data\features\HKSLLEX-2023-00002266.pt,558,134,cemetery,公墓,公墓
data\features\HKSLLEX-2023-00002267.pt,2277,134,specialist,專業人士,專業人士
data\features\HKSLLEX-2023-00002270.pt,1882,125,ponder,沉思,沉思
data\features\HKSLLEX-2023-00002269.pt,447,144,bother,打擾,打擾
data\features\HKSLLEX-2023-00002271.pt,243,125,agency,機構,機構
data\features\HKSLLEX-2023-00002272.pt,1937,115,provide,提供,提供
data\features\HKSLLEX-2023-00002273.pt,2230,115,smoke,食煙,食煙
data\features\HKSLLEX-2023-00002276.pt,735,115,culture,文化,文化
data\features\HKSLLEX-2023-00002275.pt,795,125,develop,發展,發展
data\features\HKSLLEX-2023-00002274.pt,2170,154,short distance,短距離,短距離
data\features\HKSLLEX-2023-00002277.pt,1156,134,go back and forth,來回,來回
data\features\HKSLLEX-2023-00002279.pt,1513,125,load,載貨,載貨
data\features\HKSLLEX-2023-00002278.pt,982,134,explode,爆炸,爆炸
data\features\HKSLLEX-2023-00002280.pt,1356,125,inch,英吋,英吋
data\features\HKSLLEX-2023-00002281.pt,405,125,bitch,母狗,母狗
data\features\HKSLLEX-2023-00002283.pt,2114,125,score,分數,分數
data\features\HKSLLEX-2023-00002282.pt,278,144,anyone,任何人,任何人
data\features\HKSLLEX-2023-00002284.pt,1995,134,refuse,拒絕,拒絕
data\features\HKSLLEX-2023-00002285.pt,2003,134,relief,解脫,解脫
data\features\HKSLLEX-2023-00002286.pt,2523,144,top,頂端,頂端
data\features\HKSLLEX-2023-00002288.pt,2276,125,special,特別,特別
data\features\HKSLLEX-2023-00002287.pt,2151,154,shame on you,以你為恥,以你為恥
data\features\HKSLLEX-2023-00002289.pt,1118,115,fry ,炒,炒
data\features\HKSLLEX-2023-00002291.pt,2491,115,tickle,搔癢癢,擳
data\features\HKSLLEX-2023-00002292.pt,1296,106,honk,響咹,響咹
data\features\HKSLLEX-2023-00002290.pt,2527,134,total,總數,總數
data\features\HKSLLEX-2023-00002293.pt,2268,134,sow,播種,播種
data\features\HKSLLEX-2023-00002294.pt,446,134,both,兩者,兩者
data\features\HKSLLEX-2023-00002295.pt,992,144,fail,失敗,失敗
data\features\HKSLLEX-2023-00002297.pt,1375,144,instead,取代,取代
data\features\HKSLLEX-2023-00002296.pt,1675,163,news to me,第一次聽,第一次聽
data\features\HKSLLEX-2023-00002298.pt,2631,134,vocabulary,詞彙,詞彙
data\features\HKSLLEX-2023-00002299.pt,258,134,all way,完全,完全
data\features\HKSLLEX-2023-00002300.pt,2362,134,stripe,條紋,間條
data\features\HKSLLEX-2023-00002301.pt,2533,125,tow,拖走,拖走
data\features\HKSLLEX-2023-00002302.pt,1651,134,naked,裸體,裸體
data\features\HKSLLEX-2023-00002304.pt,1214,144,had enough,聽夠,聽夠
data\features\HKSLLEX-2023-00002305.pt,2621,134,videogame,電子遊戲,電子遊戲
data\features\HKSLLEX-2023-00002306.pt,1468,134,league,聯盟,聯盟
data\features\HKSLLEX-2023-00002309.pt,254,115,all of sudden,突然間,突然間
data\features\HKSLLEX-2023-00002307.pt,1138,134,get off,落車,落車
data\features\HKSLLEX-2023-00002308.pt,1842,134,pinch,捏,搣
data\features\HKSLLEX-2023-00002310.pt,842,134,document,文件,文件
data\features\HKSLLEX-2023-00002311.pt,1455,144,last week,上個星期,上個星期
data\features\HKSLLEX-2023-00002312.pt,1031,134,fill out,填寫,填寫
data\features\HKSLLEX-2023-00002313.pt,1568,134,massage,按摩,按摩
data\features\HKSLLEX-2023-00002314.pt,1970,125,range,範圍,範圍
data\features\HKSLLEX-2023-00002315.pt,856,115,dont need,不需要,唔需要
data\features\HKSLLEX-2023-00002316.pt,1353,144,improve,改善,改善
data\features\HKSLLEX-2023-00002317.pt,413,134,blank,空白,空白
data\features\HKSLLEX-2023-00002318.pt,739,134,curly hair,捲髮,捲髮
data\features\HKSLLEX-2023-00002319.pt,372,115,become,變成,變成
data\features\HKSLLEX-2023-00002322.pt,2677,115,weird,奇怪,奇怪
data\features\HKSLLEX-2023-00002320.pt,775,134,deliberate,研討,研討
data\features\HKSLLEX-2023-00002321.pt,1612,134,mix,混合,混合
data\features\HKSLLEX-2023-00002323.pt,2386,144,sunbathe,日光浴,日光浴
data\features\HKSLLEX-2023-00002325.pt,286,115,area,區域,區域
data\features\HKSLLEX-2023-00002324.pt,1876,125,pole,柱,柱
data\features\HKSLLEX-2023-00002327.pt,2584,134,uncertain,不確定,唔肯定
data\features\HKSLLEX-2023-00002326.pt,1926,163,profoundly deaf,嚴重失聰,嚴重失聰
data\features\HKSLLEX-2023-00002328.pt,2087,125,same time,同時,同時
data\features\HKSLLEX-2023-00002329.pt,249,134,align,對齊,對齊
data\features\HKSLLEX-2023-00002330.pt,435,125,boiling mad,火滾,火滾
data\features\HKSLLEX-2023-00002331.pt,1934,115,propose,提出,提出
data\features\HKSLLEX-2023-00002332.pt,1231,134,hands off,袖手旁觀,袖手旁觀
data\features\HKSLLEX-2023-00002333.pt,2029,144,retrieve,讀取,讀取
data\features\HKSLLEX-2023-00002334.pt,1943,134,public,開放,開放
data\features\HKSLLEX-2023-00002336.pt,1364,144,influence,影響,影響
data\features\HKSLLEX-2023-00002335.pt,781,154,dent,凹陷,凹陷
data\features\HKSLLEX-2023-00002337.pt,2703,144,why not,為甚麼不,點解唔得
data\features\HKSLLEX-2023-00002338.pt,2339,144,stimulate,刺激,刺激
data\features\HKSLLEX-2023-00002339.pt,299,144,assign,分配,分配
data\features\HKSLLEX-2023-00002340.pt,2449,134,teenager,青少年,青少年
data\features\HKSLLEX-2023-00002341.pt,1113,173,from then on,從那時起,從嗰陣起
data\features\HKSLLEX-2023-00002342.pt,967,144,every year,每年,每年
data\features\HKSLLEX-2023-00002343.pt,213,144,accept,接受,接受
data\features\HKSLLEX-2023-00002344.pt,1732,163,one year ago,一年前,一年前
data\features\HKSLLEX-2023-00002345.pt,2432,154,talk dirty,講粗口,講粗口
data\features\HKSLLEX-2023-00002346.pt,1957,154,quarter,四分之一,四分之一
data\features\HKSLLEX-2023-00002347.pt,548,144,casual,隨意,隨意
data\features\HKSLLEX-2023-00002348.pt,2405,144,sweat,汗,汗
data\features\HKSLLEX-2023-00002349.pt,1180,144,graduate school,研究所,研究所
data\features\HKSLLEX-2023-00002350.pt,1945,154,pumpkin,南瓜,南瓜
data\features\HKSLLEX-2023-00002351.pt,1363,144,infection,感染,感染
data\features\HKSLLEX-2023-00002353.pt,1763,125,pack,收拾,收拾
data\features\HKSLLEX-2023-00002355.pt,2634,125,volunteer,義工,義工
data\features\HKSLLEX-2023-00002352.pt,1867,154,plow,犁,犁
data\features\HKSLLEX-2023-00002356.pt,1259,134,heartbody,心臟,心臟
data\features\HKSLLEX-2023-00002354.pt,2498,173,time progress,隨著時間推移,隨著時間推移
data\features\HKSLLEX-2023-00002358.pt,2711,115,wind,風,風
data\features\HKSLLEX-2023-00002357.pt,1448,144,know nothing,甚麼都不知道,咩都唔知
data\features\HKSLLEX-2023-00002359.pt,285,134,april,四月,四月
data\features\HKSLLEX-2023-00002361.pt,227,125,addict,上癮,上癮
data\features\HKSLLEX-2023-00002360.pt,1903,134,precious,寶貴,寶貴
data\features\HKSLLEX-2023-00002362.pt,661,125,come here,過嚟呢度,過嚟呢度
data\features\HKSLLEX-2023-00002363.pt,1286,134,hold hands,握手,握手
data\features\HKSLLEX-2023-00002364.pt,1664,125,needle,針,針
data\features\HKSLLEX-2023-00002365.pt,1979,144,really into,投入,投入
data\features\HKSLLEX-2023-00002366.pt,1379,134,intelligent,聰穎,聰穎
data\features\HKSLLEX-2023-00002367.pt,643,125,coach,教練,教練
data\features\HKSLLEX-2023-00002368.pt,2116,125,scratch,刮,搲
data\features\HKSLLEX-2023-00002370.pt,214,115,access,暢通,權限
data\features\HKSLLEX-2023-00002369.pt,476,154,brick,磚頭,磚頭
data\features\HKSLLEX-2023-00002371.pt,1060,134,flip,調轉,調轉
data\features\HKSLLEX-2023-00002372.pt,1615,134,model,模特兒,模特兒
data\features\HKSLLEX-2023-00002375.pt,251,106,all day,全日,全日
data\features\HKSLLEX-2023-00002376.pt,2115,115,scout,童軍,童軍
data\features\HKSLLEX-2023-00002373.pt,2575,154,two of us,我哋兩個,我哋兩個
data\features\HKSLLEX-2023-00002374.pt,2171,154,short person,矮人,矮人
data\features\HKSLLEX-2023-00002377.pt,1765,134,pageantry,選美比賽,選美比賽
data\features\HKSLLEX-2023-00002379.pt,774,134,delegate,代表,代表
data\features\HKSLLEX-2023-00002378.pt,715,144,cranky,有點兒生氣,嬲嬲地
data\features\HKSLLEX-2023-00002380.pt,979,134,experiment,實驗,實驗
data\features\HKSLLEX-2023-00002382.pt,1089,115,fourth,第四,第四
data\features\HKSLLEX-2023-00002381.pt,240,134,against,反對,反對
data\features\HKSLLEX-2023-00002383.pt,1428,134,keep,保存,保存
data\features\HKSLLEX-2023-00002384.pt,1908,125,press,㩒,㩒
data\features\HKSLLEX-2023-00002385.pt,896,134,duty,責任,責任
data\features\HKSLLEX-2023-00002387.pt,2530,115,tough,艱難,艱難
data\features\HKSLLEX-2023-00002386.pt,1537,115,luck,運氣,運氣
data\features\HKSLLEX-2023-00002388.pt,894,115,due,到期,到期
data\features\HKSLLEX-2023-00002390.pt,2754,125,yoyo,搖搖,搖搖
data\features\HKSLLEX-2023-00002391.pt,957,115,erupt,噴發,噴發
data\features\HKSLLEX-2023-00002389.pt,865,144,downhill,下坡,下坡
data\features\HKSLLEX-2023-00002392.pt,2298,134,squeeze,擠,擠
data\features\HKSLLEX-2023-00002393.pt,2722,134,without,缺少,缺少
data\features\HKSLLEX-2023-00002394.pt,2340,125,sting,叮,叮
data\features\HKSLLEX-2023-00002395.pt,1726,154,oldest,最老,最老
data\features\HKSLLEX-2023-00002396.pt,207,134,a little bit,一點點,一啲啲
data\features\HKSLLEX-2023-00002398.pt,1320,115,hundred,一百,一百
data\features\HKSLLEX-2023-00002397.pt,1936,125,protest,抗議,抗議
data\features\HKSLLEX-2023-00002399.pt,1769,125,pair,一對,一對
data\features\HKSLLEX-2023-00002400.pt,1785,134,pass,通過,通過
data\features\HKSLLEX-2023-00002402.pt,2051,125,role,崗位,崗位
data\features\HKSLLEX-2023-00002401.pt,2053,154,roll up sleeves,捲起袖子,捲起袖子
data\features\HKSLLEX-2023-00002404.pt,1731,115,one more,多一個,多一個
data\features\HKSLLEX-2023-00002403.pt,1411,134,jewelry,珠寶,珠寶
data\features\HKSLLEX-2023-00002406.pt,537,125,capture,捕獲,捕獲
data\features\HKSLLEX-2023-00002407.pt,1659,134,navy,海軍,海軍
data\features\HKSLLEX-2023-00002405.pt,1686,154,no big deal,沒甚麼大不了,冇咩大不了
data\features\HKSLLEX-2023-00002408.pt,2607,115,validate,證實,證實
data\features\HKSLLEX-2023-00002409.pt,1805,144,peel,剝,剝
data\features\HKSLLEX-2023-00002411.pt,1848,125,pissed off,激氣,激氣
data\features\HKSLLEX-2023-00002410.pt,1627,125,mosquito,蚊子,蚊子
data\features\HKSLLEX-2023-00002412.pt,450,134,bounce,彈跳,彈跳
data\features\HKSLLEX-2023-00002415.pt,1974,125,react,反應,反應
data\features\HKSLLEX-2023-00002416.pt,2207,125,situation,情況,情況
data\features\HKSLLEX-2023-00002413.pt,2156,154,sharpen,磨利,磨利
data\features\HKSLLEX-2023-00002414.pt,633,144,close door,閂門,閂門
data\features\HKSLLEX-2023-00002417.pt,1779,125,parallel,平行線,平行線
data\features\HKSLLEX-2023-00002419.pt,1334,125,identity,身分,身分
data\features\HKSLLEX-2023-00002418.pt,2688,134,wheel,車輪,車轆
data\features\HKSLLEX-2023-00002420.pt,1884,106,poop,大便,大便
data\features\HKSLLEX-2023-00002422.pt,290,115,arrest,逮捕,逮捕
data\features\HKSLLEX-2023-00002421.pt,2058,125,roommate,室友,室友
data\features\HKSLLEX-2023-00002423.pt,2695,134,whisper,耳語,耳語
data\features\HKSLLEX-2023-00002424.pt,787,144,depend on,視乎,視乎
data\features\HKSLLEX-2023-00002426.pt,2627,115,visit,探訪,探訪
data\features\HKSLLEX-2023-00002428.pt,1374,125,instagram,Instagram,Instagram
data\features\HKSLLEX-2023-00002427.pt,2583,125,unaware,沒有留意,冇留意
data\features\HKSLLEX-2023-00002425.pt,256,144,all over body,全身,全身
data\features\HKSLLEX-2023-00002429.pt,862,115,double,雙倍,雙倍
data\features\HKSLLEX-2023-00002431.pt,2465,106,therapy,治療,治療
data\features\HKSLLEX-2023-00002430.pt,2609,125,value,價值,價值
data\features\HKSLLEX-2023-00002432.pt,2387,125,sunrise,日出,日出
data\features\HKSLLEX-2023-00002433.pt,1982,125,recent,最近,最近
data\features\HKSLLEX-2023-00002434.pt,2270,125,space,空間,空間
data\features\HKSLLEX-2023-00002435.pt,2194,134,sign paper,簽名,簽名
data\features\HKSLLEX-2023-00002436.pt,1253,144,heap,堆疊,堆疊
data\features\HKSLLEX-2023-00002438.pt,1247,144,head back,眼前一亮,眼前一亮
data\features\HKSLLEX-2023-00002437.pt,2135,154,senior citizen,長者,長者
data\features\HKSLLEX-2023-00002439.pt,2365,154,struggle,掙扎,掙扎
data\features\HKSLLEX-2023-00002440.pt,1298,125,hood,兜帽,兜帽
data\features\HKSLLEX-2023-00002441.pt,1200,115,group,團體,團體
data\features\HKSLLEX-2023-00002442.pt,1019,106,feedback,反饋,反饋
data\features\HKSLLEX-2023-00002444.pt,851,125,dont feel like,不想要,唔想
data\features\HKSLLEX-2023-00002443.pt,811,144,dilemma,兩難,兩難
data\features\HKSLLEX-2023-00002446.pt,983,125,express,表達,表達
data\features\HKSLLEX-2023-00002445.pt,1665,144,negative,負面,負面
data\features\HKSLLEX-2023-00002449.pt,849,125,donkey,驢,驢
data\features\HKSLLEX-2023-00002448.pt,2319,134,steam,蒸氣,蒸氣
data\features\HKSLLEX-2023-00002447.pt,1008,134,fashion,時尚,時尚
data\features\HKSLLEX-2023-00002450.pt,1563,163,march,步操,步操
data\features\HKSLLEX-2023-00002452.pt,668,192,community,社區,社區
data\features\HKSLLEX-2023-00002451.pt,294,202,articulate sign,清晰地做手語,清晰地做手語
data\features\HKSLLEX-2023-00002454.pt,1531,134,lost,遺失,遺失
data\features\HKSLLEX-2023-00002453.pt,1888,163,popular,出名,出名
data\features\HKSLLEX-2023-00002455.pt,2391,154,supervise,監督,監督
data\features\HKSLLEX-2023-00002456.pt,2499,154,time to time,不時,時不時
data\features\HKSLLEX-2023-00002457.pt,772,163,degree,學位,學位
data\features\HKSLLEX-2023-00002458.pt,953,163,environment,環境,環境
data\features\HKSLLEX-2023-00002459.pt,1559,154,manage,管理,管理
data\features\HKSLLEX-2023-00002460.pt,2166,154,shoot,射擊,射擊
data\features\HKSLLEX-2023-00002461.pt,2626,154,vision,視力,視力
data\features\HKSLLEX-2023-00002462.pt,1521,173,long ago,好耐以前,好耐以前
data\features\HKSLLEX-2023-00002464.pt,547,163,carve,雕刻,雕刻
data\features\HKSLLEX-2023-00002465.pt,2021,154,respect,尊重,尊重
data\features\HKSLLEX-2023-00002463.pt,212,182,absolutely nothing,絕對沒有,絕對冇
data\features\HKSLLEX-2023-00002466.pt,629,163,client,客戶,客戶
data\features\HKSLLEX-2023-00002467.pt,2738,173,wrestle,摔角,摔角
data\features\HKSLLEX-2023-00002469.pt,1830,163,photography,攝影,攝影
data\features\HKSLLEX-2023-00002468.pt,1581,173,meditate,冥想,冥想
data\features\HKSLLEX-2023-00002470.pt,2027,144,result,結果,結果
data\features\HKSLLEX-2023-00002472.pt,1196,134,greet,打招呼,打招呼
data\features\HKSLLEX-2023-00002471.pt,1155,154,go ahead,前進,前進
data\features\HKSLLEX-2023-00002473.pt,257,163,all together,全部一起,全部一齊
data\features\HKSLLEX-2023-00002474.pt,1004,163,fantasy,幻想,幻想
data\features\HKSLLEX-2023-00002475.pt,1466,144,lead,帶領,帶領
data\features\HKSLLEX-2023-00002477.pt,312,154,automatic,自動,自動
data\features\HKSLLEX-2023-00002478.pt,1087,154,foul,淘汰,淘汰
data\features\HKSLLEX-2023-00002476.pt,474,163,breaktime,休息時間,休息時間
data\features\HKSLLEX-2023-00002480.pt,738,144,curl,攣,攣
data\features\HKSLLEX-2023-00002479.pt,1946,163,punch face,打一拳在臉上,打一拳落塊面到
data\features\HKSLLEX-2023-00002481.pt,1928,154,project,策劃,策劃
data\features\HKSLLEX-2023-00002482.pt,303,144,at,在,喺
data\features\HKSLLEX-2023-00002483.pt,1552,144,major,主要,主要
data\features\HKSLLEX-2023-00002485.pt,2296,144,square idiot,白癡,白癡
data\features\HKSLLEX-2023-00002488.pt,2564,144,turn,輪流,輪流
data\features\HKSLLEX-2023-00002487.pt,731,163,cross heart,發誓,發誓
data\features\HKSLLEX-2023-00002486.pt,816,173,dip,蘸,蘸
data\features\HKSLLEX-2023-00002484.pt,2202,192,single out,選一個最喜歡的,揀一個最鍾意嘅
data\features\HKSLLEX-2023-00002489.pt,1998,163,regular,有規律,有規律
data\features\HKSLLEX-2023-00002490.pt,1401,144,itch,痕癢,痕癢
data\features\HKSLLEX-2023-00002491.pt,1920,163,priority,優先,優先
data\features\HKSLLEX-2023-00002493.pt,1755,154,overnight,過夜,過夜
data\features\HKSLLEX-2023-00002495.pt,2437,134,taste,品嚐,品嚐
data\features\HKSLLEX-2023-00002494.pt,1071,144,fond,喜愛,喜愛
data\features\HKSLLEX-2023-00002492.pt,806,182,different situation,不同的情況,唔同情況
data\features\HKSLLEX-2023-00002496.pt,2543,144,transgender,跨性別,跨性別
data\features\HKSLLEX-2023-00002497.pt,631,134,clip,剪輯,剪輯
data\features\HKSLLEX-2023-00002498.pt,925,163,either,任何一個,任何一個
data\features\HKSLLEX-2023-00002499.pt,1880,154,polish,打磨,打磨
data\features\HKSLLEX-2023-00002500.pt,847,134,dominant,主導,主導
data\features\HKSLLEX-2023-00002501.pt,1479,134,lend,借,借
data\features\HKSLLEX-2023-00002503.pt,2355,154,strangle,勒死,勒死
data\features\HKSLLEX-2023-00002502.pt,554,154,ceiling,天花板,天花板
data\features\HKSLLEX-2023-00002505.pt,2709,163,will go,會去,會去
data\features\HKSLLEX-2023-00002504.pt,1526,192,look back,回望,回望
data\features\HKSLLEX-2023-00002506.pt,2301,163,stack,疊,疊
data\features\HKSLLEX-2023-00002507.pt,2628,163,visitor,遊客,遊客
data\features\HKSLLEX-2023-00002508.pt,2146,173,several,若干,若干
data\features\HKSLLEX-2023-00002509.pt,690,173,consume,消耗,消耗
data\features\HKSLLEX-2023-00002511.pt,465,202,brainstorm,腦力激盪,腦力激盪
data\features\HKSLLEX-2023-00002513.pt,1938,182,proximalization,搲,搲
data\features\HKSLLEX-2023-00002512.pt,429,202,board,董事會,董事會
data\features\HKSLLEX-2023-00002514.pt,1738,163,opinion,睇法,睇法
data\features\HKSLLEX-2023-00002510.pt,2572,230,twirl,纏繞,纏繞
data\features\HKSLLEX-2023-00002515.pt,1387,173,intervene,干預,干預
data\features\HKSLLEX-2023-00002516.pt,156,154,Sunday,星期日,星期日
data\features\HKSLLEX-2023-00002517.pt,1463,154,lay down,躺下,瞓低
data\features\HKSLLEX-2023-00002518.pt,1756,163,overtake,推翻,推翻
data\features\HKSLLEX-2023-00002519.pt,1385,173,interpret,詮釋,詮釋
data\features\HKSLLEX-2023-00002520.pt,2392,173,supervisor,主管人,主管人
data\features\HKSLLEX-2023-00002522.pt,2256,173,somersault,打筋斗,打關斗
data\features\HKSLLEX-2023-00002521.pt,1956,173,qm,問號,問號
data\features\HKSLLEX-2023-00002525.pt,716,144,crash,碰撞,碰撞
data\features\HKSLLEX-2023-00002523.pt,1406,163,jaw drop,大吃一驚,大吃一驚
data\features\HKSLLEX-2023-00002524.pt,2404,163,swear in,聲明,聲明
data\features\HKSLLEX-2023-00002526.pt,1317,163,howl,哀號,哀號
data\features\HKSLLEX-2023-00002527.pt,1780,163,paranoid,多疑,多疑
data\features\HKSLLEX-2023-00002528.pt,1222,173,half hour,半個鐘,半個鐘
data\features\HKSLLEX-2023-00002530.pt,1362,173,inept,無能,無能
data\features\HKSLLEX-2023-00002529.pt,2222,173,slip,滑倒,跣親
data\features\HKSLLEX-2023-00002531.pt,2619,163,vibrate,震動,震動
data\features\HKSLLEX-2023-00002532.pt,496,182,burn,焚燒,焚燒
data\features\HKSLLEX-2023-00002533.pt,868,182,drag,拖動,拖動
data\features\HKSLLEX-2023-00002534.pt,293,173,article,文章,文章
data\features\HKSLLEX-2023-00002535.pt,545,163,carry,運載,運載
data\features\HKSLLEX-2023-00002536.pt,2698,182,white person,白人,白人
data\features\HKSLLEX-2023-00002538.pt,2701,163,whole,整體,整體
data\features\HKSLLEX-2023-00002537.pt,1689,173,none,全無,全無
data\features\HKSLLEX-2023-00002539.pt,1893,163,positive,積極,積極
data\features\HKSLLEX-2023-00002540.pt,349,134,bark,吠,吠
data\features\HKSLLEX-2023-00002541.pt,991,154,fade,消散,消散
data\features\HKSLLEX-2023-00002542.pt,2678,154,welcome,歡迎,歡迎
data\features\HKSLLEX-2023-00002543.pt,2730,163,workshop,工作坊,工作坊
data\features\HKSLLEX-2023-00002544.pt,966,154,every night,每晚,每晚
data\features\HKSLLEX-2023-00002545.pt,1729,163,once,一次,一次
data\features\HKSLLEX-2023-00002547.pt,231,163,admit,承認,承認
data\features\HKSLLEX-2023-00002548.pt,1813,173,perceive,感知,感知
data\features\HKSLLEX-2023-00002549.pt,255,173,all over,遍地,遍地
data\features\HKSLLEX-2023-00002546.pt,2316,240,stay awake 24hrs,24 小時保持清醒,24 小時保持清醒
data\features\HKSLLEX-2023-00002550.pt,2390,154,superior,上司,上司
data\features\HKSLLEX-2023-00002551.pt,1086,154,former,舊時,舊時
data\features\HKSLLEX-2023-00002552.pt,1121,163,function,功能,功能
data\features\HKSLLEX-2023-00002553.pt,759,154,deal cards,分發,分發
data\features\HKSLLEX-2023-00002554.pt,1669,154,network,網絡,網絡
data\features\HKSLLEX-2023-00002555.pt,2552,154,triple,三倍,三倍
data\features\HKSLLEX-2023-00002556.pt,1984,163,recite,背誦,背誦
data\features\HKSLLEX-2023-00002558.pt,2549,154,triangle,三角形,三角形
data\features\HKSLLEX-2023-00002557.pt,2371,192,stumble,跌跌撞撞,跌跌撞撞
data\features\HKSLLEX-2023-00002559.pt,2086,144,same same,彼此彼此,大家咁話
data\features\HKSLLEX-2023-00002560.pt,681,144,conflict,衝突,衝突
data\features\HKSLLEX-2023-00002561.pt,2565,173,turn around,擰轉身,擰轉身
data\features\HKSLLEX-2023-00002563.pt,2136,163,sensitive,敏感,敏感
data\features\HKSLLEX-2023-00002562.pt,1699,173,not a thing,一無所有,一無所有
data\features\HKSLLEX-2023-00002564.pt,2009,154,remove,移除,移除
data\features\HKSLLEX-2023-00002565.pt,1199,154,grind,磨碎,磨碎
data\features\HKSLLEX-2023-00002567.pt,924,134,eight,八,八
data\features\HKSLLEX-2023-00002566.pt,1554,163,make believe,假裝,假裝
data\features\HKSLLEX-2023-00002568.pt,555,154,celebrate,慶祝,慶祝
data\features\HKSLLEX-2023-00002569.pt,1072,134,fool,傻瓜,傻瓜
data\features\HKSLLEX-2023-00002570.pt,2007,144,remind,提醒,提醒
data\features\HKSLLEX-2023-00002571.pt,1449,154,label,標籤,標籤
data\features\HKSLLEX-2023-00002572.pt,1722,154,often,時常,時常
data\features\HKSLLEX-2023-00002574.pt,1713,154,obsess,沉迷,沉迷
data\features\HKSLLEX-2023-00002573.pt,1818,173,period,係咁多,係咁多
data\features\HKSLLEX-2023-00002575.pt,395,182,between,之間,之間
data\features\HKSLLEX-2023-00002576.pt,2128,154,see see,睇吓先,睇吓先
data\features\HKSLLEX-2023-00002577.pt,2176,154,shout,大叫,大叫
data\features\HKSLLEX-2023-00002578.pt,2010,154,replace,代替,代替
data\features\HKSLLEX-2023-00002579.pt,1590,144,mess,混亂,混亂
data\features\HKSLLEX-2023-00002580.pt,2526,134,toss,拋,拋
data\features\HKSLLEX-2023-00002581.pt,1523,173,long time,很長時間,好耐
data\features\HKSLLEX-2023-00002582.pt,232,163,adopt,採納,採納
data\features\HKSLLEX-2023-00002583.pt,234,163,advertise,廣告,廣告
data\features\HKSLLEX-2023-00002584.pt,1191,154,great,太好了,太好啦
data\features\HKSLLEX-2023-00002586.pt,833,163,dissect,解剖,解剖
data\features\HKSLLEX-2023-00002585.pt,1158,182,go through,複閱,複閱
data\features\HKSLLEX-2023-00002587.pt,252,182,all gone,全部沒有了,全部冇晒
data\features\HKSLLEX-2023-00002588.pt,2536,163,tradition,傳統,傳統
data\features\HKSLLEX-2023-00002589.pt,2132,154,sell,賣,賣
data\features\HKSLLEX-2023-00002591.pt,2542,154,transfer,轉移,轉移
data\features\HKSLLEX-2023-00002590.pt,262,173,alright,好吧,好吧
data\features\HKSLLEX-2023-00002594.pt,1747,163,organization,組織,組織
data\features\HKSLLEX-2023-00002593.pt,1708,173,nothing at all,甚麼都沒有,咩都冇
data\features\HKSLLEX-2023-00002592.pt,780,202,demote,降級,降級
data\features\HKSLLEX-2023-00002596.pt,310,154,australia,澳洲,澳洲
data\features\HKSLLEX-2023-00002595.pt,1109,173,friends no more,不再是朋友,唔再係朋友
data\features\HKSLLEX-2023-00002597.pt,1551,173,mainstream,融入主流,融入主流
data\features\HKSLLEX-2023-00002599.pt,1360,144,independent,獨立,獨立
data\features\HKSLLEX-2023-00002598.pt,2016,173,resent,怨恨,怨恨
data\features\HKSLLEX-2023-00002602.pt,1872,134,plus,加,加
data\features\HKSLLEX-2023-00002601.pt,2113,144,scoop,舀,𢳂
data\features\HKSLLEX-2023-00002603.pt,1027,134,fifth,第五,第五
data\features\HKSLLEX-2023-00002600.pt,2024,192,rest all day,全日休息,全日休息
data\features\HKSLLEX-2023-00002604.pt,1366,154,inhale,吸氣,吸氣
data\features\HKSLLEX-2023-00002605.pt,230,154,admire,敬仰,敬仰
data\features\HKSLLEX-2023-00002607.pt,1924,144,produce sign,打手語,打手語
data\features\HKSLLEX-2023-00002606.pt,2618,163,vest,背心,背心
data\features\HKSLLEX-2023-00002608.pt,492,125,bullshit,廢話,廢話
data\features\HKSLLEX-2023-00002610.pt,1068,134,focus,專注,專注
data\features\HKSLLEX-2023-00002609.pt,2189,154,side,邊,邊
data\features\HKSLLEX-2023-00002612.pt,1042,144,fired,解僱,解僱
data\features\HKSLLEX-2023-00002611.pt,878,154,dress up,打扮,打扮
data\features\HKSLLEX-2023-00002613.pt,2045,154,roar,咆哮,咆哮
data\features\HKSLLEX-2023-00002614.pt,1879,154,policy,政策,政策
data\features\HKSLLEX-2023-00002615.pt,541,154,cards,卡牌,卡牌
data\features\HKSLLEX-2023-00002616.pt,2576,154,two weeks,兩個星期,兩個星期
data\features\HKSLLEX-2023-00002618.pt,2308,144,stand up,站起來,企起身
data\features\HKSLLEX-2023-00002617.pt,304,173,athlete,運動員,運動員
data\features\HKSLLEX-2023-00002619.pt,703,154,corner,角落,角落
data\features\HKSLLEX-2023-00002620.pt,666,163,committee,委員會,委員會
data\features\HKSLLEX-2023-00002621.pt,415,154,bleed,流血,流血
data\features\HKSLLEX-2023-00002624.pt,1359,154,incredible,難以想像,難以想像
data\features\HKSLLEX-2023-00002623.pt,1181,163,grammar,文法,文法
data\features\HKSLLEX-2023-00002622.pt,1605,173,minimum,最低限度,最低限度
data\features\HKSLLEX-2023-00002626.pt,1425,144,junior,初級,初級
data\features\HKSLLEX-2023-00002625.pt,834,154,dissolve,溶解,溶解
data\features\HKSLLEX-2023-00002627.pt,1681,154,next year,下年,下年
data\features\HKSLLEX-2023-00002628.pt,955,154,erase,擦除,擦除
data\features\HKSLLEX-2023-00002629.pt,1135,154,gesture,手勢,手勢
data\features\HKSLLEX-2023-00002631.pt,426,134,blur,模糊,模糊
data\features\HKSLLEX-2023-00002630.pt,2561,144,tuesday,星期二,星期二
data\features\HKSLLEX-2023-00002632.pt,306,154,attitude,態度,態度
data\features\HKSLLEX-2023-00002633.pt,300,144,assist,協助,協助
data\features\HKSLLEX-2023-00002634.pt,298,154,assembly,集會,集會
data\features\HKSLLEX-2023-00002635.pt,980,163,expert,專家,專家
data\features\HKSLLEX-2023-00002636.pt,427,182,blush,臉紅,臉紅
data\features\HKSLLEX-2023-00002637.pt,1678,154,next down,接着下來,跟住落嚟
data\features\HKSLLEX-2023-00002638.pt,1030,154,file,文件夾,文件夾
data\features\HKSLLEX-2023-00002639.pt,791,163,design,設計,設計
data\features\HKSLLEX-2023-00002640.pt,1242,173,hatbrim,帽檐,帽檐
data\features\HKSLLEX-2023-00002641.pt,2378,163,suck thumb,吸吮拇指,吸吮拇指
data\features\HKSLLEX-2023-00002642.pt,1395,154,iphone,iPhone,iPhone
data\features\HKSLLEX-2023-00002643.pt,2641,202,walk-tightrope-cl,走鋼線,走鋼線
data\features\HKSLLEX-2023-00002644.pt,2242,192,snowboard,滑雪板,滑雪板
data\features\HKSLLEX-2023-00002645.pt,617,163,clash,肢體碰撞,肢體碰撞
data\features\HKSLLEX-2023-00002646.pt,717,192,crash plane,飛機墜毀,飛機墜毀
data\features\HKSLLEX-2023-00002649.pt,678,134,conduct,執行,執行
data\features\HKSLLEX-2023-00002647.pt,1490,192,lick envelope,舔信封,舔信封
data\features\HKSLLEX-2023-00002648.pt,797,182,devour,狼吞虎嚥,狼吞虎嚥
data\features\HKSLLEX-2023-00002650.pt,423,182,blow candle,吹蠟燭,吹蠟燭
data\features\HKSLLEX-2023-00002652.pt,498,144,bury,埋,埋
data\features\HKSLLEX-2023-00002651.pt,2236,163,snap stick,折斷一根棍子,折斷一根棍子
data\features\HKSLLEX-2023-00002653.pt,1697,173,nose bleed,鼻血,鼻血
data\features\HKSLLEX-2023-00002654.pt,928,163,electrocute,觸電,觸電
data\features\HKSLLEX-2023-00002656.pt,1493,144,light,光,光
data\features\HKSLLEX-2023-00002655.pt,587,173,chew 2 mouth,咀嚼兩下,咀嚼兩下
data\features\HKSLLEX-2023-00002657.pt,1973,154,reach,到達,到達
data\features\HKSLLEX-2023-00002658.pt,316,154,award,獎項,獎項
data\features\HKSLLEX-2023-00002659.pt,1509,154,listen,聆聽,聆聽
data\features\HKSLLEX-2023-00002660.pt,2624,163,village,村莊,村莊
data\features\HKSLLEX-2023-00002661.pt,2032,163,ribbon award,絲帶獎牌,絲帶獎牌
data\features\HKSLLEX-2023-00002662.pt,494,182,bumpy,凹凸不平,凹凸不平
data\features\HKSLLEX-2023-00002665.pt,2591,154,universe,宇宙,宇宙
data\features\HKSLLEX-2023-00002664.pt,1516,173,locker,儲物櫃,儲物櫃
data\features\HKSLLEX-2023-00002663.pt,733,192,crumple,弄皺,弄皺
data\features\HKSLLEX-2023-00002666.pt,557,144,cellphone,手提電話,手提電話
data\features\HKSLLEX-2023-00002667.pt,2551,154,trip,絆倒,𠽤嚫
data\features\HKSLLEX-2023-00002668.pt,2122,163,sculpt,雕刻,雕刻
data\features\HKSLLEX-2023-00002669.pt,2285,163,splash,飛濺,飛濺
data\features\HKSLLEX-2023-00002673.pt,1234,134,hang clothes,晾衫,晾衫
data\features\HKSLLEX-2023-00002672.pt,2500,134,timeout,夠鐘,夠鐘
data\features\HKSLLEX-2023-00002674.pt,1110,144,frisk,搜身,搜身
data\features\HKSLLEX-2023-00002671.pt,486,154,buckle,扣,扣
data\features\HKSLLEX-2023-00002670.pt,1299,173,hoodie,連帽衛衣,連帽衛衣
data\features\HKSLLEX-2023-00002675.pt,1467,144,leaf,葉,葉
data\features\HKSLLEX-2023-00002676.pt,880,134,dribble,運球,運球
data\features\HKSLLEX-2023-00002677.pt,2384,134,summon,召集,召集
data\features\HKSLLEX-2023-00002678.pt,1874,134,point,指明,指明
data\features\HKSLLEX-2023-00002679.pt,360,144,bathtub,浴缸,浴缸
data\features\HKSLLEX-2023-00002680.pt,2360,144,stretch,伸長,伸長
data\features\HKSLLEX-2023-00002681.pt,585,154,cherry,車厘子,車厘子
data\features\HKSLLEX-2023-00002682.pt,1494,163,light candle,點蠟燭,點蠟燭
data\features\HKSLLEX-2023-00002683.pt,808,154,dig,挖,挖
data\features\HKSLLEX-2023-00002685.pt,1488,134,licence,牌照,牌照
data\features\HKSLLEX-2023-00002684.pt,1964,182,racecar track,賽車賽道,賽車賽道
data\features\HKSLLEX-2023-00002687.pt,727,125,crewcut,平頭,平頭
data\features\HKSLLEX-2023-00002689.pt,2501,125,tiny,微小,微小
data\features\HKSLLEX-2023-00002688.pt,1804,134,peck,啄,啄
data\features\HKSLLEX-2023-00002686.pt,2422,163,tablet,平板電腦,平板電腦
data\features\HKSLLEX-2023-00002690.pt,2494,144,tie up,綁起,綁
data\features\HKSLLEX-2023-00002691.pt,2353,144,strain,過濾,過濾
data\features\HKSLLEX-2023-00002692.pt,1833,144,pick,挑選,挑選
data\features\HKSLLEX-2023-00002693.pt,2360,154,stretch,伸展,伸展
data\features\HKSLLEX-2023-00002694.pt,407,154,bite on arm,咬手臂,咬手臂
data\features\HKSLLEX-2023-00002696.pt,2550,154,trim,修剪,修剪
data\features\HKSLLEX-2023-00002697.pt,1152,144,glue,膠水,膠水
data\features\HKSLLEX-2023-00002695.pt,2068,154,run,排放,排放
data\features\HKSLLEX-2023-00002698.pt,2474,134,think,思考,思考
data\features\HKSLLEX-2023-00002699.pt,2474,163,think,思考,思考
data\features\HKSLLEX-2023-00002700.pt,495,134,bun,髻,髻
data\features\HKSLLEX-2023-00002702.pt,463,154,braids,辮,辮
data\features\HKSLLEX-2023-00002701.pt,2610,154,vampire,吸血鬼,吸血鬼
data\features\HKSLLEX-2023-00002705.pt,1483,144,let know,通知,通知
data\features\HKSLLEX-2023-00002703.pt,208,163,a-line bob,鮑伯頭,bob頭
data\features\HKSLLEX-2023-00002704.pt,1549,182,mail,郵件,郵件
data\features\HKSLLEX-2023-00002706.pt,1080,202,forfeit,捨棄,捨棄
data\features\HKSLLEX-2023-00002707.pt,1080,173,forfeit,捨棄,捨棄
data\features\HKSLLEX-2023-00002708.pt,1080,173,forfeit,捨棄,捨棄
data\features\HKSLLEX-2023-00002709.pt,1080,173,forfeit,捨棄,捨棄
data\features\HKSLLEX-2023-00002710.pt,2317,182,steak,牛扒,牛扒
data\features\HKSLLEX-2023-00002711.pt,2317,163,steak,牛扒,牛扒
data\features\HKSLLEX-2023-00002712.pt,2317,182,steak,牛扒,牛扒
data\features\HKSLLEX-2023-00002713.pt,1211,163,gun,槍,槍
data\features\HKSLLEX-2023-00002714.pt,1211,173,gun,槍,槍
data\features\HKSLLEX-2023-00002715.pt,1676,163,newspaper,報紙,報紙
data\features\HKSLLEX-2023-00002716.pt,1163,163,god,神,神
data\features\HKSLLEX-2023-00002717.pt,1712,173,nut,堅果,堅果
data\features\HKSLLEX-2023-00002719.pt,1400,173,italy,義大利,義大利
data\features\HKSLLEX-2023-00002718.pt,1400,173,italy,義大利,義大利
data\features\HKSLLEX-2023-00002721.pt,2509,173,toast,多士,多士
data\features\HKSLLEX-2023-00002720.pt,2509,192,toast,多士,多士
data\features\HKSLLEX-2023-00002722.pt,1301,173,hope,希望,希望
data\features\HKSLLEX-2023-00002723.pt,1301,173,hope,希望,希望
data\features\HKSLLEX-2023-00002724.pt,1134,182,germany,德國,德國
data\features\HKSLLEX-2023-00002726.pt,1134,173,germany,德國,德國
data\features\HKSLLEX-2023-00002727.pt,361,182,battery,電池,電池
data\features\HKSLLEX-2023-00002725.pt,1134,202,germany,德國,德國
data\features\HKSLLEX-2023-00002729.pt,1915,154,priest,牧師,牧師
data\features\HKSLLEX-2023-00002728.pt,361,202,battery,電池,電池
data\features\HKSLLEX-2023-00002730.pt,693,192,continue,繼續,繼續
data\features\HKSLLEX-2023-00002731.pt,693,192,continue,繼續,繼續
data\features\HKSLLEX-2023-00002732.pt,948,182,enjoy,享受,享受
data\features\HKSLLEX-2023-00002733.pt,1111,163,frog,青蛙,青蛙
data\features\HKSLLEX-2023-00002734.pt,368,173,bear,熊,熊
data\features\HKSLLEX-2023-00002736.pt,899,154,eagle,鷹,鷹
data\features\HKSLLEX-2023-00002735.pt,368,182,bear,熊,熊
data\features\HKSLLEX-2023-00002737.pt,2200,182,sing,唱歌,唱歌
data\features\HKSLLEX-2023-00002739.pt,1076,182,forbid,禁止,禁止
data\features\HKSLLEX-2023-00002740.pt,1076,173,forbid,禁止,禁止
data\features\HKSLLEX-2023-00002742.pt,1151,144,glow,發光,發光
data\features\HKSLLEX-2023-00002738.pt,2602,230,vacuum,吸塵機,吸塵機
data\features\HKSLLEX-2023-00002741.pt,1076,182,forbid,禁止,禁止
data\features\HKSLLEX-2023-00002743.pt,2092,182,sarcastic,諷刺,諷刺
data\features\HKSLLEX-2023-00002744.pt,749,192,dark,暗,暗
data\features\HKSLLEX-2023-00002745.pt,749,182,dark,暗,暗
data\features\HKSLLEX-2023-00002746.pt,2049,192,rocket,火箭,火箭
data\features\HKSLLEX-2023-00002747.pt,2367,182,stuck,卡住,卡住
data\features\HKSLLEX-2023-00002748.pt,2367,173,stuck,卡住,卡住
data\features\HKSLLEX-2023-00002749.pt,2367,173,stuck,卡住,卡住
data\features\HKSLLEX-2023-00002750.pt,1991,192,reduce,減少,減少
data\features\HKSLLEX-2023-00002751.pt,1991,173,reduce,減少,減少
data\features\HKSLLEX-2023-00002752.pt,2630,192,vitamins,維他命,維他命
data\features\HKSLLEX-2023-00002753.pt,2630,202,vitamins,維他命,維他命
data\features\HKSLLEX-2023-00002754.pt,2469,182,they,他們,佢哋
data\features\HKSLLEX-2023-00002757.pt,932,173,eleven,十一,十一
data\features\HKSLLEX-2023-00002756.pt,1017,182,fed up,受夠,頂唔順
data\features\HKSLLEX-2023-00002755.pt,1017,211,fed up,受夠,頂唔順
data\features\HKSLLEX-2023-00002758.pt,1701,182,not interested,無興趣,冇興趣
data\features\HKSLLEX-2023-00002759.pt,1701,173,not interested,無興趣,冇興趣
data\features\HKSLLEX-2023-00002760.pt,1701,182,not interested,無興趣,冇興趣
data\features\HKSLLEX-2023-00002761.pt,1789,182,passport,護照,護照
data\features\HKSLLEX-2023-00002762.pt,1789,182,passport,護照,護照
data\features\HKSLLEX-2023-00002763.pt,1789,192,passport,護照,護照
data\features\HKSLLEX-2023-00002765.pt,2138,192,sequence,次序,次序
data\features\HKSLLEX-2023-00002767.pt,2138,182,sequence,次序,次序
data\features\HKSLLEX-2023-00002766.pt,2138,192,sequence,次序,次序
data\features\HKSLLEX-2023-00002768.pt,2133,144,send,發送,發送
data\features\HKSLLEX-2023-00002764.pt,1287,230,hold together,團結一致,團結一致
data\features\HKSLLEX-2023-00002769.pt,2133,163,send,發送,發送
data\features\HKSLLEX-2023-00002770.pt,1197,211,grenade,手榴彈,手榴彈
data\features\HKSLLEX-2023-00002771.pt,2613,192,vase,花瓶,花樽
data\features\HKSLLEX-2023-00002772.pt,1687,182,noise,噪音,噪音
data\features\HKSLLEX-2023-00002773.pt,279,182,apart,分開,分開
data\features\HKSLLEX-2023-00002774.pt,279,182,apart,分開,分開
data\features\HKSLLEX-2023-00002775.pt,2203,202,sink,下沉,下沉
data\features\HKSLLEX-2023-00002776.pt,1480,202,less,比較少,少啲
data\features\HKSLLEX-2023-00002777.pt,2227,182,smell,嗅,聞
data\features\HKSLLEX-2023-00002779.pt,2736,173,wrap,包住,包住
data\features\HKSLLEX-2023-00002778.pt,2227,202,smell,嗅,聞
data\features\HKSLLEX-2023-00002781.pt,575,182,charge card,簽帳卡,簽帳卡
data\features\HKSLLEX-2023-00002780.pt,575,202,charge card,簽帳卡,簽帳卡
data\features\HKSLLEX-2023-00002782.pt,2623,182,view,見解,見解
data\features\HKSLLEX-2023-00002783.pt,1233,182,hang,懸掛,懸掛
data\features\HKSLLEX-2023-00002784.pt,748,182,danger,危險,危險
data\features\HKSLLEX-2023-00002785.pt,748,182,danger,危險,危險
data\features\HKSLLEX-2023-00002786.pt,748,173,danger,危險,危險
data\features\HKSLLEX-2023-00002787.pt,939,192,empty,空,空
data\features\HKSLLEX-2023-00002790.pt,1131,182,gate close,閂閘,閂閘
data\features\HKSLLEX-2023-00002788.pt,939,192,empty,空,空
data\features\HKSLLEX-2023-00002789.pt,1131,192,gate close,閂閘,閂閘
data\features\HKSLLEX-2023-00002792.pt,2729,182,work out,鍛鍊,鍛鍊
data\features\HKSLLEX-2023-00002791.pt,2279,211,spend lots of money,花很多錢,使好多錢
data\features\HKSLLEX-2023-00002793.pt,2729,173,work out,鍛鍊,鍛鍊
data\features\HKSLLEX-2023-00002794.pt,1518,202,lollipop,波板糖,波板糖
data\features\HKSLLEX-2023-00002796.pt,2252,163,soft,柔軟,柔軟
data\features\HKSLLEX-2023-00002797.pt,2252,173,soft,柔軟,柔軟
data\features\HKSLLEX-2023-00002795.pt,2252,182,soft,柔軟,柔軟
data\features\HKSLLEX-2023-00002801.pt,2292,96,spring,春天,春天
data\features\HKSLLEX-2023-00002798.pt,375,173,bee,蜜蜂,蜜蜂
data\features\HKSLLEX-2023-00002800.pt,1227,192,hamster,倉鼠,倉鼠
data\features\HKSLLEX-2023-00002799.pt,539,211,car accident,車禍,車禍
data\features\HKSLLEX-2023-00002802.pt,2292,134,spring,春天,春天
data\features\HKSLLEX-2023-00002803.pt,1855,134,plain,平淡,平淡
data\features\HKSLLEX-2023-00002804.pt,1855,134,plain,平淡,平淡
data\features\HKSLLEX-2023-00002807.pt,914,144,edge,邊緣,邊緣
data\features\HKSLLEX-2023-00002806.pt,914,144,edge,邊緣,邊緣
data\features\HKSLLEX-2023-00002805.pt,914,163,edge,邊緣,邊緣
data\features\HKSLLEX-2023-00002808.pt,1198,134,grieve,悲痛,悲痛
data\features\HKSLLEX-2023-00002809.pt,1232,163,handsome,帥,靚仔
data\features\HKSLLEX-2023-00002810.pt,1232,154,handsome,帥,靚仔
data\features\HKSLLEX-2023-00002812.pt,2534,154,towel,毛巾,毛巾
data\features\HKSLLEX-2023-00002811.pt,2153,154,shape,形狀,形狀
data\features\HKSLLEX-2023-00002813.pt,2464,134,then,然後,然後
data\features\HKSLLEX-2023-00002814.pt,2464,144,then,然後,然後
data\features\HKSLLEX-2023-00002815.pt,2464,134,then,然後,然後
data\features\HKSLLEX-2023-00002816.pt,2571,144,twins,雙胞胎,雙胞胎
data\features\HKSLLEX-2023-00002817.pt,887,144,drug,毒品,毒品
data\features\HKSLLEX-2023-00002819.pt,887,134,drug,毒品,毒品
data\features\HKSLLEX-2023-00002818.pt,887,144,drug,毒品,毒品
data\features\HKSLLEX-2023-00002820.pt,325,134,back out,反口,反口
data\features\HKSLLEX-2023-00002821.pt,2429,144,take pill,食藥,食藥
data\features\HKSLLEX-2023-00002822.pt,2429,125,take pill,食藥,食藥
data\features\HKSLLEX-2023-00002824.pt,2095,144,sauce,醬,醬
data\features\HKSLLEX-2023-00002823.pt,2095,173,sauce,醬,醬
data\features\HKSLLEX-2023-00002825.pt,2350,173,stopwatch,秒錶,秒錶
data\features\HKSLLEX-2023-00002826.pt,915,182,edit,編輯,編輯
data\features\HKSLLEX-2023-00002827.pt,2195,182,signature,簽署,簽名
data\features\HKSLLEX-2023-00002830.pt,1281,163,hit,打,打
data\features\HKSLLEX-2023-00002828.pt,307,202,audience,觀眾,觀眾
data\features\HKSLLEX-2023-00002829.pt,464,211,braille,盲文凸字,盲文凸字
data\features\HKSLLEX-2023-00002832.pt,720,173,cream,忌廉,忌廉
data\features\HKSLLEX-2023-00002831.pt,720,182,cream,忌廉,忌廉
data\features\HKSLLEX-2023-00002833.pt,342,173,band aid,膠布,膠布
data\features\HKSLLEX-2023-00002834.pt,2042,173,risk,風險,風險
data\features\HKSLLEX-2023-00002836.pt,393,163,bet,打賭,打賭
data\features\HKSLLEX-2023-00002835.pt,393,173,bet,打賭,打賭
data\features\HKSLLEX-2023-00002837.pt,1398,173,isolated,孤立,孤立
data\features\HKSLLEX-2023-00002838.pt,1398,163,isolated,孤立,孤立
data\features\HKSLLEX-2023-00002840.pt,1035,163,finance,金融,金融
data\features\HKSLLEX-2023-00002839.pt,2407,192,sweatpants,運動褲,運動褲
data\features\HKSLLEX-2023-00002841.pt,1115,154,frown,皺眉,皺眉
data\features\HKSLLEX-2023-00002842.pt,1897,134,pour,斟,斟
data\features\HKSLLEX-2023-00002843.pt,1293,144,honey,蜜糖,蜜糖
data\features\HKSLLEX-2023-00002844.pt,1293,163,honey,蜜糖,蜜糖
data\features\HKSLLEX-2023-00002845.pt,976,163,expect,預計,預計
data\features\HKSLLEX-2023-00002846.pt,976,163,expect,預計,預計
data\features\HKSLLEX-2023-00002848.pt,2221,163,slingshot,丫叉彈弓,丫叉彈弓
data\features\HKSLLEX-2023-00002847.pt,2221,173,slingshot,丫叉彈弓,丫叉彈弓
data\features\HKSLLEX-2023-00002849.pt,1941,182,psychology,心理學,心理學
data\features\HKSLLEX-2023-00002850.pt,1243,154,hate,憎,憎
data\features\HKSLLEX-2023-00002851.pt,1243,163,hate,憎,憎
data\features\HKSLLEX-2023-00002852.pt,1284,173,hold,揸住,揸住
data\features\HKSLLEX-2023-00002854.pt,897,163,dye,染色,染色
data\features\HKSLLEX-2023-00002853.pt,897,173,dye,染色,染色
data\features\HKSLLEX-2023-00002856.pt,337,154,bald,禿頭,禿頭
data\features\HKSLLEX-2023-00002855.pt,2077,182,sailboat,帆船,帆船
data\features\HKSLLEX-2023-00002858.pt,1100,154,freeze,凍結,凍結
data\features\HKSLLEX-2023-00002859.pt,1730,144,one,一,一
data\features\HKSLLEX-2023-00002857.pt,1045,192,firetruck,消防車,消防車
data\features\HKSLLEX-2023-00002860.pt,620,154,clause,條款,條款
data\features\HKSLLEX-2023-00002861.pt,620,173,clause,條款,條款
data\features\HKSLLEX-2023-00002862.pt,620,173,clause,條款,條款
data\features\HKSLLEX-2023-00002863.pt,2091,173,santa  ,聖誕老人,聖誕老人
data\features\HKSLLEX-2023-00002864.pt,343,182,bandage,繃帶,繃帶
data\features\HKSLLEX-2023-00002865.pt,1328,173,hypocrite,偽君子,偽君子
data\features\HKSLLEX-2023-00002866.pt,1989,182,red faced,尷尬,尷尬
data\features\HKSLLEX-2023-00002867.pt,843,182,doesnt matter,不要緊,唔緊要
data\features\HKSLLEX-2023-00002868.pt,843,173,doesnt matter,不要緊,唔緊要
data\features\HKSLLEX-2023-00002870.pt,1221,163,half,一半,一半
data\features\HKSLLEX-2023-00002869.pt,843,173,doesnt matter,不要緊,唔緊要
data\features\HKSLLEX-2023-00002871.pt,357,173,bat,蝙蝠,蝙蝠
data\features\HKSLLEX-2023-00002872.pt,357,163,bat,蝙蝠,蝙蝠
data\features\HKSLLEX-2023-00002873.pt,645,182,cocaine,可卡因,可卡因
data\features\HKSLLEX-2023-00002874.pt,1139,173,get through,通過,通過
data\features\HKSLLEX-2023-00002875.pt,1003,163,fan,扇,扇
data\features\HKSLLEX-2023-00002876.pt,1003,163,fan,扇,扇
data\features\HKSLLEX-2023-00002877.pt,1003,192,fan,扇,扇
data\features\HKSLLEX-2023-00002878.pt,322,202,babysitter,保母,保母
data\features\HKSLLEX-2023-00002879.pt,583,211,cheese grater,芝士刨絲器,芝士刨絲器
data\features\HKSLLEX-2023-00002881.pt,1741,163,or,或者,或者
data\features\HKSLLEX-2023-00002880.pt,451,192,bow,鞠躬,鞠躬
data\features\HKSLLEX-2023-00002883.pt,642,182,clueless,一無所知,一無所知
data\features\HKSLLEX-2023-00002884.pt,2096,154,sausage,香腸,香腸
data\features\HKSLLEX-2023-00002882.pt,642,192,clueless,一無所知,一無所知
data\features\HKSLLEX-2023-00002886.pt,1705,154,not used to,不習慣,唔習慣
data\features\HKSLLEX-2023-00002885.pt,1159,182,go to jail,坐監,坐監
data\features\HKSLLEX-2023-00002888.pt,1500,144,limited,有限,有限
data\features\HKSLLEX-2023-00002889.pt,412,144,blame,責備,責備
data\features\HKSLLEX-2023-00002887.pt,1705,163,not used to,不習慣,唔習慣
data\features\HKSLLEX-2023-00002890.pt,412,134,blame,責備,責備
data\features\HKSLLEX-2023-00002892.pt,1889,154,porcupine,箭豬,箭豬
data\features\HKSLLEX-2023-00002891.pt,1283,163,hoe,鋤頭,鋤頭
data\features\HKSLLEX-2023-00002893.pt,2282,134,spill,倒瀉,倒瀉
data\features\HKSLLEX-2023-00002894.pt,628,144,click,㩒一下,㩒一下
data\features\HKSLLEX-2023-00002895.pt,1070,154,follow,跟隨,跟隨
data\features\HKSLLEX-2023-00002896.pt,2148,154,shake,搖,搖
data\features\HKSLLEX-2023-00002897.pt,1764,144,page,頁,頁
data\features\HKSLLEX-2023-00002898.pt,1547,154,magnify,放大,放大
data\features\HKSLLEX-2023-00002899.pt,1344,173,immature,不成熟,唔成熟
data\features\HKSLLEX-2023-00002900.pt,2272,163,spain,西班牙,西班牙
data\features\HKSLLEX-2023-00002901.pt,1641,154,muscle,肌肉,肌肉
data\features\HKSLLEX-2023-00002902.pt,326,154,back up,後備,後備
data\features\HKSLLEX-2023-00002903.pt,2381,144,suit,西裝,西裝
data\features\HKSLLEX-2023-00002905.pt,2757,144,zebra,斑馬,斑馬
data\features\HKSLLEX-2023-00002904.pt,1195,163,green beans,豆莢,豆莢
data\features\HKSLLEX-2023-00002906.pt,1951,154,put aside,擱在一旁,放埋一邊
data\features\HKSLLEX-2023-00002907.pt,1210,144,gum,香口膠,香口膠
data\features\HKSLLEX-2023-00002908.pt,2476,163,think expand,想像,想像
data\features\HKSLLEX-2023-00002909.pt,809,144,dig up,挖出,挖出
data\features\HKSLLEX-2023-00002910.pt,1268,134,hen,母雞,母雞
data\features\HKSLLEX-2023-00002911.pt,943,144,energy,活力,活力
data\features\HKSLLEX-2023-00002913.pt,2065,134,ruin,毀掉,毀掉
data\features\HKSLLEX-2023-00002912.pt,2065,144,ruin,毀掉,毀掉
data\features\HKSLLEX-2023-00002914.pt,621,134,claw,爪,爪
data\features\HKSLLEX-2023-00002915.pt,2046,134,rob,搶劫,搶劫
data\features\HKSLLEX-2023-00002916.pt,2665,144,we,我們,我哋
data\features\HKSLLEX-2023-00002918.pt,1414,144,join,加入,加入
data\features\HKSLLEX-2023-00002919.pt,2063,154,row,撐船,撐船
data\features\HKSLLEX-2023-00002917.pt,1164,192,going through a hard time,歷盡艱辛,歷盡艱辛
data\features\HKSLLEX-2023-00002921.pt,363,163,beak,鳥喙,鳥喙
data\features\HKSLLEX-2023-00002920.pt,2063,163,row,撐船,撐船
data\features\HKSLLEX-2023-00002922.pt,363,154,beak,鳥喙,鳥喙
data\features\HKSLLEX-2023-00002923.pt,1758,163,overwhelmed,難以承受,難以承受
data\features\HKSLLEX-2023-00002924.pt,1690,173,nonsense,一派胡言,一派胡言
data\features\HKSLLEX-2023-00002925.pt,2243,154,snowman,雪人,雪人
data\features\HKSLLEX-2023-00002926.pt,1393,144,invisible,無形,無形
data\features\HKSLLEX-2023-00002928.pt,638,125,close ,關閉,關閉
data\features\HKSLLEX-2023-00002929.pt,638,125,close ,關閉,關閉
data\features\HKSLLEX-2023-00002927.pt,1393,154,invisible,無形,無形
data\features\HKSLLEX-2023-00002930.pt,1432,125,kick,踢,踢
data\features\HKSLLEX-2023-00002931.pt,1736,134,open,打開,打開
data\features\HKSLLEX-2023-00002932.pt,1736,134,open,打開,打開
data\features\HKSLLEX-2023-00002933.pt,1736,134,open,打開,打開
data\features\HKSLLEX-2023-00002935.pt,1172,134,goosebumps,雞皮疙瘩,起雞皮
data\features\HKSLLEX-2023-00002934.pt,1819,144,permission,准許,准許
data\features\HKSLLEX-2023-00002938.pt,2112,134,scold,責罵,鬧
data\features\HKSLLEX-2023-00002936.pt,1172,154,goosebumps,雞皮疙瘩,起雞皮
data\features\HKSLLEX-2023-00002937.pt,1502,154,linguistics,語言學,語言學
data\features\HKSLLEX-2023-00002939.pt,2201,134,single,單身,單身
data\features\HKSLLEX-2023-00002940.pt,1597,144,middle,中間,中間
data\features\HKSLLEX-2023-00002941.pt,447,154,bother,打擾,打擾
data\features\HKSLLEX-2023-00002942.pt,243,144,agency,機構,機構
data\features\HKSLLEX-2023-00002943.pt,1937,144,provide,提供,提供
data\features\HKSLLEX-2023-00002945.pt,1995,134,refuse,拒絕,拒絕
data\features\HKSLLEX-2023-00002944.pt,2170,154,short distance,短距離,短距離
data\features\HKSLLEX-2023-00002946.pt,2003,144,relief,解脫,解脫
data\features\HKSLLEX-2023-00002947.pt,2523,144,top,頂端,頂端
data\features\HKSLLEX-2023-00002948.pt,2527,125,total,總數,總數
data\features\HKSLLEX-2023-00002949.pt,2527,134,total,總數,總數
data\features\HKSLLEX-2023-00002950.pt,1375,134,instead,取代,取代
data\features\HKSLLEX-2023-00002951.pt,2631,144,vocabulary,詞彙,詞彙
data\features\HKSLLEX-2023-00002952.pt,2631,154,vocabulary,詞彙,詞彙
data\features\HKSLLEX-2023-00002953.pt,2533,144,tow,拖走,拖走
data\features\HKSLLEX-2023-00002954.pt,254,154,all of sudden,突然間,突然間
data\features\HKSLLEX-2023-00002955.pt,254,144,all of sudden,突然間,突然間
data\features\HKSLLEX-2023-00002956.pt,1455,163,last week,上個星期,上個星期
data\features\HKSLLEX-2023-00002957.pt,1455,154,last week,上個星期,上個星期
data\features\HKSLLEX-2023-00002958.pt,413,154,blank,空白,空白
data\features\HKSLLEX-2023-00002959.pt,286,144,area,區域,區域
data\features\HKSLLEX-2023-00002960.pt,286,144,area,區域,區域
data\features\HKSLLEX-2023-00002961.pt,286,134,area,區域,區域
data\features\HKSLLEX-2023-00002962.pt,249,154,align,對齊,對齊
data\features\HKSLLEX-2023-00002963.pt,249,173,align,對齊,對齊
data\features\HKSLLEX-2023-00002964.pt,1231,154,hands off,袖手旁觀,袖手旁觀
data\features\HKSLLEX-2023-00002966.pt,2339,134,stimulate,刺激,刺激
data\features\HKSLLEX-2023-00002965.pt,1364,144,influence,影響,影響
data\features\HKSLLEX-2023-00002967.pt,2339,144,stimulate,刺激,刺激
data\features\HKSLLEX-2023-00002968.pt,548,154,casual,隨意,隨意
data\features\HKSLLEX-2023-00002969.pt,1259,154,heartbody,心臟,心臟
data\features\HKSLLEX-2023-00002970.pt,1259,134,heartbody,心臟,心臟
data\features\HKSLLEX-2023-00002971.pt,1259,144,heartbody,心臟,心臟
data\features\HKSLLEX-2023-00002974.pt,894,115,due,到期,到期
data\features\HKSLLEX-2023-00002972.pt,1908,144,press,㩒,㩒
data\features\HKSLLEX-2023-00002973.pt,1908,125,press,㩒,㩒
data\features\HKSLLEX-2023-00002975.pt,1320,134,hundred,一百,一百
data\features\HKSLLEX-2023-00002976.pt,1320,134,hundred,一百,一百
data\features\HKSLLEX-2023-00002978.pt,1805,144,peel,剝,剝
data\features\HKSLLEX-2023-00002977.pt,1659,154,navy,海軍,海軍
data\features\HKSLLEX-2023-00002979.pt,1805,144,peel,剝,剝
data\features\HKSLLEX-2023-00002980.pt,1627,134,mosquito,蚊子,蚊子
data\features\HKSLLEX-2023-00002981.pt,1848,154,pissed off,激氣,激氣
data\features\HKSLLEX-2023-00002982.pt,450,154,bounce,彈跳,彈跳
data\features\HKSLLEX-2023-00002983.pt,2156,163,sharpen,磨利,磨利
data\features\HKSLLEX-2023-00002984.pt,862,154,double,雙倍,雙倍
data\features\HKSLLEX-2023-00002985.pt,862,134,double,雙倍,雙倍
data\features\HKSLLEX-2023-00002986.pt,2609,144,value,價值,價值
data\features\HKSLLEX-2023-00002987.pt,2465,144,therapy,治療,治療
data\features\HKSLLEX-2023-00002988.pt,668,134,community,社區,社區
data\features\HKSLLEX-2023-00002990.pt,1888,134,popular,出名,出名
data\features\HKSLLEX-2023-00002989.pt,668,144,community,社區,社區
data\features\HKSLLEX-2023-00002991.pt,1888,144,popular,出名,出名
data\features\HKSLLEX-2023-00002992.pt,1531,144,lost,遺失,遺失
data\features\HKSLLEX-2023-00002994.pt,772,163,degree,學位,學位
data\features\HKSLLEX-2023-00002993.pt,2499,163,time to time,不時,時不時
data\features\HKSLLEX-2023-00002995.pt,2166,154,shoot,射擊,射擊
data\features\HKSLLEX-2023-00002996.pt,1521,182,long ago,好耐以前,好耐以前
data\features\HKSLLEX-2023-00002998.pt,1830,144,photography,攝影,攝影
data\features\HKSLLEX-2023-00002997.pt,1521,173,long ago,好耐以前,好耐以前
data\features\HKSLLEX-2023-00002999.pt,1830,144,photography,攝影,攝影
data\features\HKSLLEX-2023-00003000.pt,1155,134,go ahead,前進,前進
data\features\HKSLLEX-2023-00003002.pt,1466,144,lead,帶領,帶領
data\features\HKSLLEX-2023-00003001.pt,1004,154,fantasy,幻想,幻想
data\features\HKSLLEX-2023-00003005.pt,1087,134,foul,淘汰,淘汰
data\features\HKSLLEX-2023-00003003.pt,474,182,breaktime,休息時間,休息時間
data\features\HKSLLEX-2023-00003006.pt,1087,125,foul,淘汰,淘汰
data\features\HKSLLEX-2023-00003004.pt,474,163,breaktime,休息時間,休息時間
data\features\HKSLLEX-2023-00003008.pt,1552,154,major,主要,主要
data\features\HKSLLEX-2023-00003007.pt,1552,154,major,主要,主要
data\features\HKSLLEX-2023-00003009.pt,2296,134,square idiot,白癡,白癡
data\features\HKSLLEX-2023-00003010.pt,2296,144,square idiot,白癡,白癡
data\features\HKSLLEX-2023-00003011.pt,731,134,cross heart,發誓,發誓
data\features\HKSLLEX-2023-00003012.pt,2564,144,turn,輪流,輪流
data\features\HKSLLEX-2023-00003013.pt,1880,144,polish,打磨,打磨
data\features\HKSLLEX-2023-00003014.pt,1479,154,lend,借,借
data\features\HKSLLEX-2023-00003017.pt,690,144,consume,消耗,消耗
data\features\HKSLLEX-2023-00003016.pt,2146,154,several,若干,若干
data\features\HKSLLEX-2023-00003015.pt,2301,163,stack,疊,疊
data\features\HKSLLEX-2023-00003018.pt,1738,154,opinion,睇法,睇法
data\features\HKSLLEX-2023-00003019.pt,1738,144,opinion,睇法,睇法
data\features\HKSLLEX-2023-00003021.pt,156,144,Sunday,星期日,星期日
data\features\HKSLLEX-2023-00003020.pt,1738,154,opinion,睇法,睇法
data\features\HKSLLEX-2023-00003022.pt,156,134,Sunday,星期日,星期日
data\features\HKSLLEX-2023-00003025.pt,2619,134,vibrate,震動,震動
data\features\HKSLLEX-2023-00003024.pt,2222,154,slip,滑倒,跣親
data\features\HKSLLEX-2023-00003023.pt,716,154,crash,碰撞,碰撞
data\features\HKSLLEX-2023-00003026.pt,2619,134,vibrate,震動,震動
data\features\HKSLLEX-2023-00003027.pt,991,154,fade,消散,消散
data\features\HKSLLEX-2023-00003028.pt,2730,154,workshop,工作坊,工作坊
data\features\HKSLLEX-2023-00003029.pt,2730,154,workshop,工作坊,工作坊
data\features\HKSLLEX-2023-00003030.pt,2086,154,same same,彼此彼此,大家咁話
data\features\HKSLLEX-2023-00003031.pt,2009,144,remove,移除,移除
data\features\HKSLLEX-2023-00003032.pt,2009,134,remove,移除,移除
data\features\HKSLLEX-2023-00003034.pt,1590,134,mess,混亂,混亂
data\features\HKSLLEX-2023-00003033.pt,1818,134,period,係咁多,係咁多
data\features\HKSLLEX-2023-00003035.pt,1158,154,go through,複閱,複閱
data\features\HKSLLEX-2023-00003037.pt,2132,134,sell,賣,賣
data\features\HKSLLEX-2023-00003036.pt,2132,144,sell,賣,賣
data\features\HKSLLEX-2023-00003038.pt,262,154,alright,好吧,好吧
data\features\HKSLLEX-2023-00003040.pt,2542,144,transfer,轉移,轉移
data\features\HKSLLEX-2023-00003039.pt,262,154,alright,好吧,好吧
data\features\HKSLLEX-2023-00003042.pt,310,154,australia,澳洲,澳洲
data\features\HKSLLEX-2023-00003041.pt,1109,163,friends no more,不再是朋友,唔再係朋友
data\features\HKSLLEX-2023-00003046.pt,1872,125,plus,加,加
data\features\HKSLLEX-2023-00003043.pt,2016,163,resent,怨恨,怨恨
data\features\HKSLLEX-2023-00003045.pt,1872,134,plus,加,加
data\features\HKSLLEX-2023-00003044.pt,1360,163,independent,獨立,獨立
data\features\HKSLLEX-2023-00003048.pt,492,134,bullshit,廢話,廢話
data\features\HKSLLEX-2023-00003047.pt,1366,144,inhale,吸氣,吸氣
data\features\HKSLLEX-2023-00003049.pt,492,134,bullshit,廢話,廢話
data\features\HKSLLEX-2023-00003050.pt,2189,134,side,邊,邊
data\features\HKSLLEX-2023-00003051.pt,1042,134,fired,解僱,解僱
data\features\HKSLLEX-2023-00003052.pt,1042,134,fired,解僱,解僱
data\features\HKSLLEX-2023-00003053.pt,1042,134,fired,解僱,解僱
data\features\HKSLLEX-2023-00003054.pt,1879,144,policy,政策,政策
data\features\HKSLLEX-2023-00003056.pt,541,125,cards,卡牌,卡牌
data\features\HKSLLEX-2023-00003057.pt,415,134,bleed,流血,流血
data\features\HKSLLEX-2023-00003055.pt,541,154,cards,卡牌,卡牌
data\features\HKSLLEX-2023-00003058.pt,415,154,bleed,流血,流血
data\features\HKSLLEX-2023-00003059.pt,955,154,erase,擦除,擦除
data\features\HKSLLEX-2023-00003061.pt,2561,163,tuesday,星期二,星期二
data\features\HKSLLEX-2023-00003060.pt,2561,163,tuesday,星期二,星期二
data\features\HKSLLEX-2023-00003062.pt,306,163,attitude,態度,態度
data\features\HKSLLEX-2023-00003063.pt,306,154,attitude,態度,態度
data\features\HKSLLEX-2023-00003064.pt,306,163,attitude,態度,態度
data\features\HKSLLEX-2023-00003065.pt,1677,192,next,接着下來,跟住落嚟
data\features\HKSLLEX-2023-00003066.pt,1677,173,next,接着下來,跟住落嚟
data\features\HKSLLEX-2023-00003067.pt,1677,154,next,接着下來,跟住落嚟
data\features\HKSLLEX-2023-00003069.pt,1242,154,hatbrim,帽檐,帽檐
data\features\HKSLLEX-2023-00003068.pt,1677,182,next,接着下來,跟住落嚟
data\features\HKSLLEX-2023-00003070.pt,1395,154,iphone,iPhone,iPhone
data\features\HKSLLEX-2023-00003071.pt,617,173,clash,肢體碰撞,肢體碰撞
data\features\HKSLLEX-2023-00003072.pt,1973,154,reach,到達,到達
data\features\HKSLLEX-2023-00003074.pt,1299,163,hoodie,連帽衛衣,連帽衛衣
data\features\HKSLLEX-2023-00003073.pt,2591,173,universe,宇宙,宇宙
data\features\HKSLLEX-2023-00003076.pt,727,154,crewcut,平頭,平頭
data\features\HKSLLEX-2023-00003075.pt,2422,182,tablet,平板電腦,平板電腦
data\features\HKSLLEX-2023-00003078.pt,2550,154,trim,修剪,修剪
data\features\HKSLLEX-2023-00003080.pt,1963,134,race,比賽,比賽
data\features\HKSLLEX-2023-00003077.pt,407,163,bite on arm,咬手臂,咬手臂
data\features\HKSLLEX-2023-00003079.pt,1963,154,race,比賽,比賽
data\features\HKSLLEX-2023-00003081.pt,1963,134,race,比賽,比賽
data\features\HKSLLEX-2023-00003082.pt,984,154,express delivery,速遞,速遞
data\features\HKSLLEX-2023-00003084.pt,870,163,dragon boat festival,端午節,端午節
data\features\HKSLLEX-2023-00003083.pt,984,182,express delivery,速遞,速遞
data\features\HKSLLEX-2023-00003086.pt,2605,173,valentine's day,情人節,情人節
data\features\HKSLLEX-2023-00003085.pt,870,182,dragon boat festival,端午節,端午節
data\features\HKSLLEX-2023-00003087.pt,2605,192,valentine's day,情人節,情人節
data\features\HKSLLEX-2023-00003088.pt,1510,192,listen to music,聽音樂,聽音樂
data\features\HKSLLEX-2023-00003089.pt,1510,173,listen to music,聽音樂,聽音樂
data\features\HKSLLEX-2023-00003090.pt,1510,163,listen to music,聽音樂,聽音樂
data\features\HKSLLEX-2023-00003101.pt,996,96,fait accompli,米已成炊,米已成炊
data\features\HKSLLEX-2023-00003093.pt,1087,144,foul,犯規,犯規
data\features\HKSLLEX-2023-00003094.pt,1087,154,foul,犯規,犯規
data\features\HKSLLEX-2023-00003091.pt,2055,192,rollerskating,滾軸溜冰,滾軸溜冰
data\features\HKSLLEX-2023-00003103.pt,412,86,blame,問責,孭飛
data\features\HKSLLEX-2023-00003102.pt,2587,106,unexpected,意料之外,意料之外
data\features\HKSLLEX-2023-00003092.pt,2054,221,rollerblading,單線滾軸溜冰,單線滾軸溜冰
data\features\HKSLLEX-2023-00003095.pt,1510,202,listen to music,聽音樂,聽音樂
data\features\HKSLLEX-2023-00003104.pt,2366,96,stubborn,固執,硬頸
data\features\HKSLLEX-2023-00003105.pt,779,96,demoralized,氣餒,氣餒
data\features\HKSLLEX-2023-00003106.pt,2284,96,spitting image,相似,相似
data\features\HKSLLEX-2023-00003108.pt,1352,106,impressive,厲害,屈機
data\features\HKSLLEX-2023-00003107.pt,824,115,disappointed,失落,失落
data\features\HKSLLEX-2023-00003109.pt,2638,106,wait and see,拭目以待,拭目以待
data\features\HKSLLEX-2023-00003110.pt,1040,106,finish thoroughly,吃清光,照鏡
data\features\HKSLLEX-2023-00003111.pt,1339,96,illiterate,文盲,文盲
data\features\HKSLLEX-2023-00003114.pt,793,96,destined,注定,整定
data\features\HKSLLEX-2023-00003115.pt,1688,96,nonchalant,拼了,死過
data\features\HKSLLEX-2023-00003116.pt,1688,115,nonchalant,拼了,死過
data\features\HKSLLEX-2023-00003117.pt,1688,106,nonchalant,拼了,死過
data\features\HKSLLEX-2023-00003118.pt,2019,115,resignation,屈就,屈就
data\features\HKSLLEX-2023-00003119.pt,636,115,close shave,好險,好險
data\features\HKSLLEX-2023-00003120.pt,2184,96,shut up,住口,收聲
data\features\HKSLLEX-2023-00003121.pt,1429,86,keep secret,守秘密,守秘密
data\features\HKSLLEX-2023-00003122.pt,1316,106,how much,多少錢,幾多錢
data\features\HKSLLEX-2023-00003187.pt,175,144,Tiu Keng Leng,調景嶺,
data\features\HKSLLEX-2023-00003188.pt,175,144,Tiu Keng Leng,調景嶺,
data\features\HKSLLEX-2023-00003189.pt,175,134,Tiu Keng Leng,調景嶺,
data\features\HKSLLEX-2023-00003190.pt,204,154,Yau Tong,油塘,
data\features\HKSLLEX-2023-00003191.pt,74,163,Lam Tin,藍田,
data\features\HKSLLEX-2023-00003193.pt,67,154,Kwun Tong,觀塘,
data\features\HKSLLEX-2023-00003192.pt,67,182,Kwun Tong,觀塘,
data\features\HKSLLEX-2023-00003194.pt,67,144,Kwun Tong,觀塘,
data\features\HKSLLEX-2023-00003195.pt,105,154,Ngau Tau Kok,牛頭角,
data\features\HKSLLEX-2023-00003196.pt,105,163,Ngau Tau Kok,牛頭角,
data\features\HKSLLEX-2023-00003197.pt,61,182,Kowloon Bay,九龍灣,
data\features\HKSLLEX-2023-00003198.pt,61,154,Kowloon Bay,九龍灣,
data\features\HKSLLEX-2023-00003199.pt,22,134,Choi Hung,彩虹,
data\features\HKSLLEX-2023-00003200.pt,22,134,Choi Hung,彩虹,
data\features\HKSLLEX-2023-00003201.pt,30,144,Diamond Hill,鑽石山,
data\features\HKSLLEX-2023-00003202.pt,30,144,Diamond Hill,鑽石山,
data\features\HKSLLEX-2023-00003203.pt,30,163,Diamond Hill,鑽石山,
data\features\HKSLLEX-2023-00003206.pt,86,144,Lok Fu,樂富,
data\features\HKSLLEX-2023-00003207.pt,86,144,Lok Fu,樂富,
data\features\HKSLLEX-2023-00003205.pt,200,144,Wong Tai Sin,黃大仙,
data\features\HKSLLEX-2023-00003204.pt,200,173,Wong Tai Sin,黃大仙,
data\features\HKSLLEX-2023-00003208.pt,86,144,Lok Fu,樂富,
data\features\HKSLLEX-2023-00003210.pt,141,154,Shek Kip Mei,石硤尾,
data\features\HKSLLEX-2023-00003209.pt,141,182,Shek Kip Mei,石硤尾,
data\features\HKSLLEX-2023-00003211.pt,141,144,Shek Kip Mei,石硤尾,
data\features\HKSLLEX-2023-00003214.pt,124,144,Prince Edward,太子,
data\features\HKSLLEX-2023-00003216.pt,98,144,Mong Kok,旺角,
data\features\HKSLLEX-2023-00003212.pt,124,154,Prince Edward,太子,
data\features\HKSLLEX-2023-00003213.pt,124,154,Prince Edward,太子,
data\features\HKSLLEX-2023-00003215.pt,98,154,Mong Kok,旺角,
data\features\HKSLLEX-2023-00003217.pt,98,154,Mong Kok,旺角,
data\features\HKSLLEX-2023-00003218.pt,203,154,Yau Ma Tei,油麻地,
data\features\HKSLLEX-2023-00003219.pt,203,163,Yau Ma Tei,油麻地,
data\features\HKSLLEX-2023-00003223.pt,51,144,Ho Man Tin,何文田,
data\features\HKSLLEX-2023-00003221.pt,51,154,Ho Man Tin,何文田,
data\features\HKSLLEX-2023-00003222.pt,51,154,Ho Man Tin,何文田,
data\features\HKSLLEX-2023-00003220.pt,203,163,Yau Ma Tei,油麻地,
data\features\HKSLLEX-2023-00003224.pt,198,154,Whampoa,黃埔,
data\features\HKSLLEX-2023-00003226.pt,183,125,Tsuen Wan,荃灣,
data\features\HKSLLEX-2023-00003225.pt,198,154,Whampoa,黃埔,
data\features\HKSLLEX-2023-00003227.pt,169,154,Tai Wo Hau,大窩口,
data\features\HKSLLEX-2023-00003229.pt,66,125,Kwai Hing,葵興,
data\features\HKSLLEX-2023-00003230.pt,65,134,Kwai Fong,葵芳,
data\features\HKSLLEX-2023-00003231.pt,65,134,Kwai Fong,葵芳,
data\features\HKSLLEX-2023-00003228.pt,169,154,Tai Wo Hau,大窩口,
data\features\HKSLLEX-2023-00003232.pt,71,144,Lai King,荔景,
data\features\HKSLLEX-2023-00003233.pt,96,144,Mei Foo,美孚,
data\features\HKSLLEX-2023-00003234.pt,70,144,Lai Chi Kok,茘枝角,
data\features\HKSLLEX-2023-00003235.pt,21,144,Cheung Sha Wan,長沙灣,
data\features\HKSLLEX-2023-00003236.pt,138,144,Sham Shui Po,深水埗,
data\features\HKSLLEX-2023-00003237.pt,138,144,Sham Shui Po,深水埗,
data\features\HKSLLEX-2023-00003238.pt,138,154,Sham Shui Po,深水埗,
data\features\HKSLLEX-2023-00003239.pt,55,154,Jordan,佐敦,
data\features\HKSLLEX-2023-00003240.pt,55,154,Jordan,佐敦,
data\features\HKSLLEX-2023-00003241.pt,55,163,Jordan,佐敦,
data\features\HKSLLEX-2023-00003242.pt,179,154,Tsim Sha Tsui,尖沙咀,
data\features\HKSLLEX-2023-00003244.pt,179,154,Tsim Sha Tsui,尖沙咀,
data\features\HKSLLEX-2023-00003243.pt,179,163,Tsim Sha Tsui,尖沙咀,
data\features\HKSLLEX-2023-00003245.pt,18,144,Chai Wan,柴灣,
data\features\HKSLLEX-2023-00003246.pt,18,134,Chai Wan,柴灣,
data\features\HKSLLEX-2023-00003247.pt,18,134,Chai Wan,柴灣,
data\features\HKSLLEX-2023-00003248.pt,48,144,Heng Fa Chuen,杏花邨,
data\features\HKSLLEX-2023-00003250.pt,140,144,Shau Kei Wan,筲箕灣,
data\features\HKSLLEX-2023-00003249.pt,48,144,Heng Fa Chuen,杏花邨,
data\features\HKSLLEX-2023-00003251.pt,140,134,Shau Kei Wan,筲箕灣,
data\features\HKSLLEX-2023-00003252.pt,140,134,Shau Kei Wan,筲箕灣,
data\features\HKSLLEX-2023-00003253.pt,130,163,Sai Wan Ho,西灣河,
data\features\HKSLLEX-2023-00003254.pt,130,173,Sai Wan Ho,西灣河,
data\features\HKSLLEX-2023-00003255.pt,130,173,Sai Wan Ho,西灣河,
data\features\HKSLLEX-2023-00003256.pt,162,154,Tai Koo,太古,
data\features\HKSLLEX-2023-00003258.pt,162,144,Tai Koo,太古,
data\features\HKSLLEX-2023-00003257.pt,162,163,Tai Koo,太古,
data\features\HKSLLEX-2023-00003259.pt,125,134,Quarry Bay,鰂魚涌,
data\features\HKSLLEX-2023-00003260.pt,107,134,North Point,北角,
data\features\HKSLLEX-2023-00003261.pt,107,125,North Point,北角,
data\features\HKSLLEX-2023-00003263.pt,41,134,Fortress Hill,炮台山,
data\features\HKSLLEX-2023-00003262.pt,41,154,Fortress Hill,炮台山,
data\features\HKSLLEX-2023-00003264.pt,41,144,Fortress Hill,炮台山,
data\features\HKSLLEX-2023-00003265.pt,172,163,Tin Hau,天后,
data\features\HKSLLEX-2023-00003266.pt,172,154,Tin Hau,天后,
data\features\HKSLLEX-2023-00003267.pt,15,134,Causeway Bay,銅鑼灣,
data\features\HKSLLEX-2023-00003268.pt,196,134,Wan Chai,灣仔,
data\features\HKSLLEX-2023-00003269.pt,196,125,Wan Chai,灣仔,
data\features\HKSLLEX-2023-00003270.pt,6,134,Admiralty,金鐘,
data\features\HKSLLEX-2023-00003271.pt,6,125,Admiralty,金鐘,
data\features\HKSLLEX-2023-00003273.pt,16,125,Central,中環,
data\features\HKSLLEX-2023-00003272.pt,16,154,Central,中環,
data\features\HKSLLEX-2023-00003274.pt,16,144,Central,中環,
data\features\HKSLLEX-2023-00003276.pt,145,134,Sheung Wan,上環,
data\features\HKSLLEX-2023-00003275.pt,145,144,Sheung Wan,上環,
data\features\HKSLLEX-2023-00003277.pt,131,163,Sai Ying Pun,西營盤,
data\features\HKSLLEX-2023-00003278.pt,131,134,Sai Ying Pun,西營盤,
data\features\HKSLLEX-2023-00003280.pt,44,144,HKU,香港大學,
data\features\HKSLLEX-2023-00003279.pt,44,182,HKU,香港大學,
data\features\HKSLLEX-2023-00003281.pt,59,163,Kennedy Town,堅尼地城,
data\features\HKSLLEX-2023-00003282.pt,59,134,Kennedy Town,堅尼地城,
data\features\HKSLLEX-2023-00003283.pt,59,134,Kennedy Town,堅尼地城,
data\features\HKSLLEX-2023-00003284.pt,59,144,Kennedy Town,堅尼地城,
data\features\HKSLLEX-2023-00003285.pt,189,134,Tung Chung,東涌,
data\features\HKSLLEX-2023-00003286.pt,189,134,Tung Chung,東涌,
data\features\HKSLLEX-2023-00003287.pt,111,125,Olympic,奧運,
data\features\HKSLLEX-2023-00003288.pt,111,125,Olympic,奧運,
data\features\HKSLLEX-2023-00003290.pt,9,134,AsiaWorld-Expo,博覽會,
data\features\HKSLLEX-2023-00003289.pt,9,144,AsiaWorld-Expo,博覽會,
data\features\HKSLLEX-2023-00003291.pt,7,144,Airport,機場,
data\features\HKSLLEX-2023-00003292.pt,182,125,Tsing Yi,青衣,
data\features\HKSLLEX-2023-00003293.pt,60,115,Kowloon,九龍,
data\features\HKSLLEX-2023-00003294.pt,52,125,Hong Kong,香港,
data\features\HKSLLEX-2023-00003296.pt,32,115,Disneyland Resort,迪士尼,
data\features\HKSLLEX-2023-00003295.pt,158,134,Sunny Bay,欣澳,
data\features\HKSLLEX-2023-00003297.pt,120,134,Po Lam,寶琳,
data\features\HKSLLEX-2023-00003298.pt,120,134,Po Lam,寶琳,
data\features\HKSLLEX-2023-00003299.pt,120,125,Po Lam,寶琳,
data\features\HKSLLEX-2023-00003301.pt,177,125,Tseung Kwan O,將軍澳,
data\features\HKSLLEX-2023-00003300.pt,45,134,Hang Hau,坑口,
data\features\HKSLLEX-2023-00003302.pt,177,125,Tseung Kwan O,將軍澳,
data\features\HKSLLEX-2023-00003304.pt,177,125,Tseung Kwan O,將軍澳,
data\features\HKSLLEX-2023-00003303.pt,177,134,Tseung Kwan O,將軍澳,
data\features\HKSLLEX-2023-00003305.pt,68,134,LOHAS Park,康城,
data\features\HKSLLEX-2023-00003308.pt,85,115,Lo Wu,羅湖,
data\features\HKSLLEX-2023-00003306.pt,68,154,LOHAS Park,康城,
data\features\HKSLLEX-2023-00003307.pt,85,154,Lo Wu,羅湖,
data\features\HKSLLEX-2023-00003309.pt,144,144,Sheung Shui,上水,
data\features\HKSLLEX-2023-00003310.pt,144,134,Sheung Shui,上水,
data\features\HKSLLEX-2023-00003312.pt,37,134,Fanling,粉嶺,
data\features\HKSLLEX-2023-00003311.pt,37,154,Fanling,粉嶺,
data\features\HKSLLEX-2023-00003314.pt,168,134,Tai Wo,太和,
data\features\HKSLLEX-2023-00003313.pt,37,144,Fanling,粉嶺,
data\features\HKSLLEX-2023-00003317.pt,165,115,Tai Po (Tai Po Market),大埔(大埔墟),
data\features\HKSLLEX-2023-00003315.pt,165,134,Tai Po (Tai Po Market),大埔(大埔墟),
data\features\HKSLLEX-2023-00003318.pt,192,115,University,大學,
data\features\HKSLLEX-2023-00003316.pt,165,144,Tai Po (Tai Po Market),大埔(大埔墟),
data\features\HKSLLEX-2023-00003319.pt,192,115,University,大學,
data\features\HKSLLEX-2023-00003320.pt,40,125,Fo Tan,火炭,
data\features\HKSLLEX-2023-00003321.pt,40,125,Fo Tan,火炭,
data\features\HKSLLEX-2023-00003322.pt,136,134,Sha Tin,沙田,
data\features\HKSLLEX-2023-00003323.pt,136,134,Sha Tin,沙田,
data\features\HKSLLEX-2023-00003324.pt,167,144,Tai Wai,大圍,
data\features\HKSLLEX-2023-00003325.pt,167,125,Tai Wai,大圍,
data\features\HKSLLEX-2023-00003326.pt,167,134,Tai Wai,大圍,
data\features\HKSLLEX-2023-00003327.pt,64,125,Kowloon Tong,九龍塘,
data\features\HKSLLEX-2023-00003328.pt,64,125,Kowloon Tong,九龍塘,
data\features\HKSLLEX-2023-00003329.pt,99,154,Mong Kok East,旺角東,
data\features\HKSLLEX-2023-00003331.pt,54,125,Hung Hom,紅磡,
data\features\HKSLLEX-2023-00003330.pt,99,154,Mong Kok East,旺角東,
data\features\HKSLLEX-2023-00003334.pt,54,115,Hung Hom,紅磡,
data\features\HKSLLEX-2023-00003333.pt,54,125,Hung Hom,紅磡,
data\features\HKSLLEX-2023-00003332.pt,54,134,Hung Hom,紅磡,
data\features\HKSLLEX-2023-00003335.pt,36,115,Exhibition Centre,會展,
data\features\HKSLLEX-2023-00003336.pt,36,125,Exhibition Centre,會展,
data\features\HKSLLEX-2023-00003337.pt,36,125,Exhibition Centre,會展,
data\features\HKSLLEX-2023-00003338.pt,87,144,Lok Ma Chau,落馬洲,
data\features\HKSLLEX-2023-00003339.pt,87,125,Lok Ma Chau,落馬洲,
data\features\HKSLLEX-2023-00003342.pt,91,125,Ma On Shan,馬鞍山,
data\features\HKSLLEX-2023-00003341.pt,201,134,Wu Kai Sha,烏溪沙,
data\features\HKSLLEX-2023-00003340.pt,201,154,Wu Kai Sha,烏溪沙,
data\features\HKSLLEX-2023-00003343.pt,49,134,Heng On,恆安,
data\features\HKSLLEX-2023-00003344.pt,49,125,Heng On,恆安,
data\features\HKSLLEX-2023-00003347.pt,142,115,Shek Mun,石門,
data\features\HKSLLEX-2023-00003349.pt,137,125,Sha Tin Wai,沙田圍,
data\features\HKSLLEX-2023-00003348.pt,25,125,City One,第一城,
data\features\HKSLLEX-2023-00003345.pt,166,154,Tai Shui Hang,大水坑,
data\features\HKSLLEX-2023-00003350.pt,19,125,Che Kung Temple,車公廟,
data\features\HKSLLEX-2023-00003346.pt,166,163,Tai Shui Hang,大水坑,
data\features\HKSLLEX-2023-00003351.pt,50,115,Hin Keng,顯徑,
data\features\HKSLLEX-2023-00003352.pt,56,134,Kai Tak,啟德,
data\features\HKSLLEX-2023-00003353.pt,56,134,Kai Tak,啟德,
data\features\HKSLLEX-2023-00003355.pt,157,125,Sung Wong Toi,宋皇臺,
data\features\HKSLLEX-2023-00003356.pt,176,134,To Kwa Wan,土瓜灣,
data\features\HKSLLEX-2023-00003354.pt,157,144,Sung Wong Toi,宋皇臺,
data\features\HKSLLEX-2023-00003357.pt,176,134,To Kwa Wan,土瓜灣,
data\features\HKSLLEX-2023-00003359.pt,34,125,East Tsim Sha Tsui,尖東,
data\features\HKSLLEX-2023-00003358.pt,34,134,East Tsim Sha Tsui,尖東,
data\features\HKSLLEX-2023-00003360.pt,10,125,Austin,柯士甸,
data\features\HKSLLEX-2023-00003361.pt,101,144,Nam Cheong,南昌,
data\features\HKSLLEX-2023-00003366.pt,205,106,Yuen Long,元朗,
data\features\HKSLLEX-2023-00003364.pt,184,115,Tsuen Wan West,荃灣西,
data\features\HKSLLEX-2023-00003362.pt,101,134,Nam Cheong,南昌,
data\features\HKSLLEX-2023-00003367.pt,88,115,Long Ping,朗屏,
data\features\HKSLLEX-2023-00003365.pt,57,134,Kam Sheung Road,錦上路,
data\features\HKSLLEX-2023-00003363.pt,101,154,Nam Cheong,南昌,
data\features\HKSLLEX-2023-00003368.pt,173,163,Tin Shui Wai,天水圍,
data\features\HKSLLEX-2023-00003371.pt,147,115,Siu Hong,兆康,
data\features\HKSLLEX-2023-00003373.pt,187,115,Tuen Mun,屯門,
data\features\HKSLLEX-2023-00003370.pt,173,134,Tin Shui Wai,天水圍,
data\features\HKSLLEX-2023-00003374.pt,187,125,Tuen Mun,屯門,
data\features\HKSLLEX-2023-00003375.pt,187,134,Tuen Mun,屯門,
data\features\HKSLLEX-2023-00003369.pt,173,154,Tin Shui Wai,天水圍,
data\features\HKSLLEX-2023-00003372.pt,187,154,Tuen Mun,屯門,
data\features\HKSLLEX-2023-00003376.pt,187,125,Tuen Mun,屯門,
data\features\HKSLLEX-2023-00003378.pt,187,125,Tuen Mun,屯門,
data\features\HKSLLEX-2023-00003377.pt,187,134,Tuen Mun,屯門,
data\features\HKSLLEX-2023-00003379.pt,187,134,Tuen Mun,屯門,
data\features\HKSLLEX-2023-00003380.pt,108,125,Ocean Park,海洋公園,
data\features\HKSLLEX-2023-00003381.pt,199,134,Wong Chuk Hang,黃竹坑,
data\features\HKSLLEX-2023-00003382.pt,199,134,Wong Chuk Hang,黃竹坑,
data\features\HKSLLEX-2023-00003383.pt,82,134,Lei Tung,利東,
data\features\HKSLLEX-2023-00003384.pt,82,134,Lei Tung,利東,
data\features\HKSLLEX-2023-00003399.pt,1857,106,plain rice congee,白粥,
data\features\HKSLLEX-2023-00003385.pt,151,144,South Horizons,海怡半島,
data\features\HKSLLEX-2023-00003401.pt,1762,106,ox tongue pastry,牛脷酥,
data\features\HKSLLEX-2023-00003402.pt,2084,106,salty fried donut,鹹煎餅,
data\features\HKSLLEX-2023-00003386.pt,151,144,South Horizons,海怡半島,
data\features\HKSLLEX-2023-00003400.pt,767,115,deep-fried breadstick,油炸鬼,
data\features\HKSLLEX-2023-00003387.pt,126,144,Racecourse,馬場,
data\features\HKSLLEX-2023-00003403.pt,2345,125,stir-fried rice vermicelli noodles,炒米粉,
data\features\HKSLLEX-2023-00003404.pt,1104,115,fried noodles,炒麵,
data\features\HKSLLEX-2023-00003405.pt,2336,96,sticky rice dumpling,糭,
data\features\HKSLLEX-2023-00003406.pt,599,106,chinese turnip cake,蘿蔔糕,
data\features\HKSLLEX-2023-00003409.pt,686,106,congee with pig giblets,及第粥,
data\features\HKSLLEX-2023-00003407.pt,2088,115,sampan congee,艇仔粥,
data\features\HKSLLEX-2023-00003408.pt,1890,125,pork blood congee,豬紅粥,
data\features\HKSLLEX-2023-00003410.pt,684,134,congee with century egg and lean pork,皮蛋瘦肉粥,
data\features\HKSLLEX-2023-00003411.pt,1112,106,frog leg congee,田雞粥,
data\features\HKSLLEX-2023-00003413.pt,2036,106,rice noodle roll,腸粉,
data\features\HKSLLEX-2023-00003416.pt,206,96,a fusion of fried dough and rice noodle roll,炸兩,
data\features\HKSLLEX-2023-00003412.pt,376,115,beef congee,滑牛粥,
data\features\HKSLLEX-2023-00003417.pt,2414,96,sweet sauce,甜醬,
data\features\HKSLLEX-2023-00003415.pt,2182,106,shrimp rice noodle roll,蝦腸粉,
data\features\HKSLLEX-2023-00003414.pt,348,115,barbecue pork rice noodle roll,叉燒腸粉,
data\features\HKSLLEX-2023-00003418.pt,2141,106,sesame paste,麻醬,
data\features\HKSLLEX-2023-00003419.pt,1801,106,peanut butter,花生醬,
data\features\HKSLLEX-2023-00003424.pt,2325,96,steamed rice cup cake with red beans,砵仔糕,
data\features\HKSLLEX-2023-00003422.pt,1053,106,fishball,魚蛋,
data\features\HKSLLEX-2023-00003420.pt,2343,115,stinky tofu,臭豆腐,
data\features\HKSLLEX-2023-00003425.pt,546,106,cart noodles,車仔麵,
data\features\HKSLLEX-2023-00003421.pt,765,134,deep fried pork intestine,炸大腸,
data\features\HKSLLEX-2023-00003423.pt,377,125,beef entrails,牛雜,
data\features\HKSLLEX-2023-00003426.pt,1343,106,imitation shark fin soup,碗仔翅,
data\features\HKSLLEX-2023-00003427.pt,1052,134,fish balls lettuce soup,生菜魚肉羹,
data\features\HKSLLEX-2023-00003429.pt,341,115,banana mochi roll,香蕉糕,
data\features\HKSLLEX-2023-00003430.pt,411,115,black sesame roll,芝麻卷,
data\features\HKSLLEX-2023-00003431.pt,2330,115,steamed white sugar cake,白糖糕,
data\features\HKSLLEX-2023-00003432.pt,728,115,crispy chicken cookie,雞仔餅,
data\features\HKSLLEX-2023-00003433.pt,2644,125,walnut cookie,合桃酥,
data\features\HKSLLEX-2023-00003434.pt,2415,115,sweetheart cake,老婆餅,
data\features\HKSLLEX-2023-00003428.pt,1837,154,pig blood curd with Chinese chives,韮菜豬紅,
data\features\HKSLLEX-2023-00003435.pt,2038,106,rick cracker,米通,
data\features\HKSLLEX-2023-00003437.pt,2370,106,stuffed tea cake made with sticky rice flour,茶粿,
data\features\HKSLLEX-2023-00003436.pt,2072,125,sachima (Chinese soft flour pastry cake),沙琪瑪,
data\features\HKSLLEX-2023-00003438.pt,595,115,chinese fevervine herb and root,雞屎藤,
data\features\HKSLLEX-2023-00003439.pt,871,115,dragon's beard candy,龍鬚糖,
data\features\HKSLLEX-2023-00003442.pt,571,115,chao zhou style pancake,冷糕,
data\features\HKSLLEX-2023-00003440.pt,1557,134,maltose cracker,麥芽糖夾餅,
data\features\HKSLLEX-2023-00003443.pt,919,106,egg custard tart,蛋撻,
data\features\HKSLLEX-2023-00003441.pt,1800,154,peanut brittle,花生糖,
data\features\HKSLLEX-2023-00003444.pt,648,96,coconut tart,椰撻,
data\features\HKSLLEX-2023-00003445.pt,1892,106,portuguese egg tart,葡撻,
data\features\HKSLLEX-2023-00003446.pt,235,115,aeroplane olive,飛機欖,
data\features\HKSLLEX-2023-00003447.pt,1907,115,preserved sweet plum,話梅,
data\features\HKSLLEX-2023-00003449.pt,598,115,chinese tea egg,茶葉蛋,
data\features\HKSLLEX-2023-00003451.pt,2525,96,tortoise herbal jelly,龜苓膏,
data\features\HKSLLEX-2023-00003450.pt,1189,106,grass jelly,涼粉,
data\features\HKSLLEX-2023-00003448.pt,1106,154,fried stuffed three treasures,煎釀三寶,
data\features\HKSLLEX-2023-00003452.pt,364,134,bean curd dessert,豆腐花,
data\features\HKSLLEX-2023-00003455.pt,921,106,egg waffle,格仔餅,
data\features\HKSLLEX-2023-00003453.pt,920,134,egg puff,雞蛋仔,
data\features\HKSLLEX-2023-00003454.pt,920,134,egg puff,雞蛋仔,
data\features\HKSLLEX-2023-00003457.pt,2413,96,sweet egg twist,蛋散,
data\features\HKSLLEX-2023-00003456.pt,2380,106,sugar egg puff,沙翁,
data\features\HKSLLEX-2023-00003458.pt,1153,115,glutinous rice dumpling,糯米糍,
data\features\HKSLLEX-2023-00003459.pt,2082,134,salted egg yolk puff pastry,鹹蛋酥,
data\features\HKSLLEX-2023-00003460.pt,560,125,century egg pastry,皮蛋酥,
data\features\HKSLLEX-2023-00003461.pt,2328,96,steamed sponge cake,發糕,
data\features\HKSLLEX-2023-00003462.pt,1774,125,paper wrapped cake,紙包蛋糕,
data\features\HKSLLEX-2023-00003463.pt,646,134,cocktail bun,雞尾包,
data\features\HKSLLEX-2023-00003464.pt,1844,125,pineapple bun,菠蘿包,
data\features\HKSLLEX-2023-00003465.pt,721,134,cream bun,忌廉包,
data\features\HKSLLEX-2023-00003466.pt,722,134,cream cone,忌廉筒,
data\features\HKSLLEX-2023-00003467.pt,2035,125,rice cake with red bean paste,豆沙餅,
data\features\HKSLLEX-2023-00003468.pt,2324,115,steamed red bean cake,紅豆糕,
data\features\HKSLLEX-2023-00003469.pt,2329,125,steamed white (black-eyed) bean cake,眉豆糕,
data\features\HKSLLEX-2023-00003470.pt,1105,115,fried shredded radish cake,炸油糍,
data\features\HKSLLEX-2023-00003472.pt,1289,106,holland tart,荷蘭撻,
data\features\HKSLLEX-2023-00003473.pt,386,106,belly button biscuit,肚臍餅,
data\features\HKSLLEX-2023-00003471.pt,284,154,apricot jam cake,黃梅醬西餅,
data\features\HKSLLEX-2023-00003474.pt,1869,144,plum maltose,話梅麥芽糖,
data\features\HKSLLEX-2023-00003476.pt,1294,106,hong kong-style coffee milk tea,鴛鴦,
data\features\HKSLLEX-2023-00003477.pt,259,106,almond paste,杏仁霜,
data\features\HKSLLEX-2023-00003475.pt,1294,134,hong kong-style coffee milk tea,鴛鴦,
data\features\HKSLLEX-2023-00003478.pt,1302,106,horlicks,好立克,
data\features\HKSLLEX-2023-00003479.pt,1752,96,ovaltine,阿華田,
data\features\HKSLLEX-2023-00003480.pt,1601,106,milo,美祿,
data\features\HKSLLEX-2023-00003481.pt,2033,96,ribena,利賓納,
data\features\HKSLLEX-2023-00003485.pt,2145,86,seven up,七喜,
data\features\HKSLLEX-2023-00003483.pt,2253,106,soft drink,汽水,
data\features\HKSLLEX-2023-00003484.pt,654,96,cola,可樂,
data\features\HKSLLEX-2023-00003482.pt,434,125,boiled coke with ginger and lemon,檸樂煲薑,
data\features\HKSLLEX-2023-00003486.pt,2145,106,seven up,七喜,
data\features\HKSLLEX-2023-00003487.pt,1812,106,pepsi,百事可樂,
data\features\HKSLLEX-2023-00003488.pt,723,96,cream soda,忌廉汽水,
data\features\HKSLLEX-2023-00003489.pt,723,106,cream soda,忌廉汽水,
data\features\HKSLLEX-2023-00003491.pt,2294,86,sprite,雪碧,
data\features\HKSLLEX-2023-00003490.pt,2093,96,sarsi,沙示,
data\features\HKSLLEX-2023-00003492.pt,803,115,diet coke,健怡可樂,
data\features\HKSLLEX-2023-00003495.pt,1600,96,milk tea with condensed milk,茶走,
data\features\HKSLLEX-2023-00003493.pt,652,125,coke with lemon slices,檸檬可樂,
data\features\HKSLLEX-2023-00003494.pt,653,115,coke zero,zero可樂,
data\features\HKSLLEX-2023-00003496.pt,1600,115,milk tea with condensed milk,茶走,
data\features\HKSLLEX-2023-00003497.pt,650,96,coffee with condensed milk,啡走,
data\features\HKSLLEX-2023-00003499.pt,1599,96,milk tea,奶茶,
data\features\HKSLLEX-2023-00003498.pt,650,115,coffee with condensed milk,啡走,
data\features\HKSLLEX-2023-00003500.pt,1599,115,milk tea,奶茶,
data\features\HKSLLEX-2023-00003501.pt,1599,115,milk tea,奶茶,
data\features\HKSLLEX-2023-00003502.pt,1478,106,lemon tea,檸檬茶,
data\features\HKSLLEX-2023-00003503.pt,1478,106,lemon tea,檸檬茶,
data\features\HKSLLEX-2023-00003504.pt,1478,115,lemon tea,檸檬茶,
data\features\HKSLLEX-2023-00003505.pt,1478,115,lemon tea,檸檬茶,
data\features\HKSLLEX-2023-00003506.pt,602,125,chocolate ice cream into coke,黑牛,
data\features\HKSLLEX-2023-00003507.pt,1873,115,poached egg in hot water,滾水蛋,
data\features\HKSLLEX-2023-00003508.pt,2269,96,soy milk,豆漿,
data\features\HKSLLEX-2023-00003509.pt,596,86,chinese herbal tea,涼茶,
data\features\HKSLLEX-2023-00003510.pt,1056,106,five flower tea,五花茶,
data\features\HKSLLEX-2023-00003511.pt,2569,106,twenty-four flavours tea,廿四味,
data\features\HKSLLEX-2023-00003512.pt,607,115,chrysanthemum tea,菊花茶,
data\features\HKSLLEX-2023-00003513.pt,1939,115,prunellae spica,夏枯草,
data\features\HKSLLEX-2023-00003516.pt,622,96,claypot rice,煲仔飯,
data\features\HKSLLEX-2023-00003514.pt,1267,115,hemp seed drink,火麻仁,
data\features\HKSLLEX-2023-00003515.pt,241,125,agar-agar jelly,大菜糕,
data\features\HKSLLEX-2023-00003517.pt,622,115,claypot rice,煲仔飯,
data\features\HKSLLEX-2023-00003518.pt,2756,96,yum cha,飲茶,
data\features\HKSLLEX-2023-00003519.pt,812,96,dim sum,點心,
data\features\HKSLLEX-2023-00003520.pt,1942,86,pu'er tea,普洱,
data\features\HKSLLEX-2023-00003521.pt,2175,96,shoumei tea,壽眉,
data\features\HKSLLEX-2023-00003522.pt,1655,86,narcissus tea,水仙,
data\features\HKSLLEX-2023-00003523.pt,2495,96,tieguanyin oolong tea,鐵觀音,
data\features\HKSLLEX-2023-00003524.pt,1405,86,jasmine tea,香片,
data\features\HKSLLEX-2023-00003525.pt,607,86,chrysanthemum tea,菊花,
data\features\HKSLLEX-2023-00003526.pt,2181,96,shrimp dumplings,蝦餃,
data\features\HKSLLEX-2023-00003527.pt,1891,96,pork dumplings,燒賣,
data\features\HKSLLEX-2023-00003528.pt,2273,86,spare ribs,排骨,
data\features\HKSLLEX-2023-00003529.pt,2322,96,steamed chicken feet,鳳爪,
data\features\HKSLLEX-2023-00003530.pt,2321,96,steamed beef balls,山竹牛肉,
data\features\HKSLLEX-2023-00003531.pt,600,86,chiu chow style dumplings,粉果,
data\features\HKSLLEX-2023-00003532.pt,744,106,dace fish balls,鯪魚球,
data\features\HKSLLEX-2023-00003533.pt,2293,106,spring rolls,春卷,
data\features\HKSLLEX-2023-00003534.pt,1422,106,jumbo chicken buns,大包,
data\features\HKSLLEX-2023-00003536.pt,347,96,barbecue pork buns,叉燒包,
data\features\HKSLLEX-2023-00003535.pt,2265,115,soup dumplings,灌湯餃,
data\features\HKSLLEX-2023-00003537.pt,1532,96,lotus seed paste buns,蓮蓉包,
data\features\HKSLLEX-2023-00003538.pt,2411,106,sweet cream buns,奶皇包,
data\features\HKSLLEX-2023-00003539.pt,2335,115,sticky rice buns,糯米包,
data\features\HKSLLEX-2023-00003541.pt,365,106,bean curd rolls,鮮竹卷,
data\features\HKSLLEX-2023-00003540.pt,2337,115,"sticky rice with chicken, wrapped with lotus leaf",糯米雞,
data\features\HKSLLEX-2023-00003543.pt,2323,96,steamed chicken rolls,雞扎,
data\features\HKSLLEX-2023-00003544.pt,378,96,beef stomach,牛栢葉,
data\features\HKSLLEX-2023-00003542.pt,893,125,duck feet rolls,鴨腳扎,
data\features\HKSLLEX-2023-00003545.pt,2333,106,stewed beef tripe,金錢肚,
data\features\HKSLLEX-2023-00003546.pt,1556,125,malay sponge cake,馬拉糕,
data\features\HKSLLEX-2023-00003547.pt,1464,115,layered cake,千層糕,
data\features\HKSLLEX-2023-00003548.pt,766,106,deep fried wonton served with sweet and sour sauce,炸雲吞,
data\features\HKSLLEX-2023-00003549.pt,2412,106,sweet dumplings in soup,湯圓,
data\features\HKSLLEX-2023-00003550.pt,1613,106,mixed beans sweet soup with taro,喳喳,
data\features\HKSLLEX-2023-00003552.pt,2075,106,sago in coconut milk,西米露,
data\features\HKSLLEX-2023-00003551.pt,1881,134,pomelo and sago in mango soup,楊枝甘露,
data\features\HKSLLEX-2023-00003553.pt,685,154,congee with dried stockfish and peanut,柴魚花生粥,
data\features\HKSLLEX-2023-00003554.pt,2320,115,steamed Chinese sausage rolls,臘腸卷,
data\features\HKSLLEX-2023-00003572.pt,985,106,extremely boring,乏味,悶到抽筋
data\features\HKSLLEX-2023-00003555.pt,2326,115,steamed rice with minced beef and egg,窩蛋牛肉飯,
data\features\HKSLLEX-2023-00003573.pt,1703,106,not realize,,冇為意
data\features\HKSLLEX-2023-00003556.pt,2327,125,steamed rice with salted fish and minced pork,鹹魚肉餅飯,
data\features\HKSLLEX-2023-00003574.pt,1177,106,grab the popcorn,看熱鬧,食花生
data\features\HKSLLEX-2023-00003576.pt,848,86,don't even think about it,休想,咪指意
data\features\HKSLLEX-2023-00003590.pt,97,106,Mid-levels,半山,
data\features\HKSLLEX-2023-00003592.pt,116,96,Peak,山頂,
data\features\HKSLLEX-2023-00003591.pt,97,115,Mid-levels,半山,
data\features\HKSLLEX-2023-00003594.pt,160,96,Tai Hang,大坑,
data\features\HKSLLEX-2023-00003593.pt,46,106,Happy Valley,跑馬地,
data\features\HKSLLEX-2023-00003595.pt,160,106,Tai Hang,大坑,
data\features\HKSLLEX-2023-00003597.pt,129,86,Sai Wan,西環,
data\features\HKSLLEX-2023-00003596.pt,148,96,Siu Sai Wan,小西灣,
data\features\HKSLLEX-2023-00003599.pt,122,86,Pok Fu Lam,薄扶林,
data\features\HKSLLEX-2023-00003598.pt,129,96,Sai Wan,西環,
data\features\HKSLLEX-2023-00003601.pt,5,96,Aberdeen,香港仔,
data\features\HKSLLEX-2023-00003604.pt,195,86,Wah Fu,華富,
data\features\HKSLLEX-2023-00003602.pt,5,106,Aberdeen,香港仔,
data\features\HKSLLEX-2023-00003600.pt,122,106,Pok Fu Lam,薄扶林,
data\features\HKSLLEX-2023-00003603.pt,5,96,Aberdeen,香港仔,
data\features\HKSLLEX-2023-00003605.pt,195,96,Wah Fu,華富,
data\features\HKSLLEX-2023-00003607.pt,127,86,Repulse Bay,淺水灣,
data\features\HKSLLEX-2023-00003606.pt,29,106,Cyberport,數碼港,
data\features\HKSLLEX-2023-00003611.pt,143,86,Shek O,石澳,
data\features\HKSLLEX-2023-00003608.pt,127,96,Repulse Bay,淺水灣,
data\features\HKSLLEX-2023-00003610.pt,153,96,Stanley,赤柱,
data\features\HKSLLEX-2023-00003612.pt,161,96,Tai Kok Tsui,大角咀,
data\features\HKSLLEX-2023-00003613.pt,161,106,Tai Kok Tsui,大角咀,
data\features\HKSLLEX-2023-00003609.pt,153,125,Stanley,赤柱,
data\features\HKSLLEX-2023-00003614.pt,197,96,West Kowloon,西九龍,
data\features\HKSLLEX-2023-00003615.pt,155,96,Stonecutters Island,昂船洲,
data\features\HKSLLEX-2023-00003618.pt,62,86,Kowloon City,九龍城,
data\features\HKSLLEX-2023-00003616.pt,92,96,Ma Tau Kok,馬頭角,
data\features\HKSLLEX-2023-00003617.pt,93,115,Ma Tau Wai,馬頭圍,
data\features\HKSLLEX-2023-00003620.pt,132,96,San Po Kong,新蒲崗,
data\features\HKSLLEX-2023-00003619.pt,62,115,Kowloon City,九龍城,
data\features\HKSLLEX-2023-00003621.pt,191,106,Tung Tau,東頭,
data\features\HKSLLEX-2023-00003622.pt,191,115,Tung Tau,東頭,
data\features\HKSLLEX-2023-00003623.pt,186,115,Tsz Wan Shan,慈雲山,
data\features\HKSLLEX-2023-00003625.pt,104,125,Ngau Chi Wan,牛池灣,
data\features\HKSLLEX-2023-00003626.pt,119,106,Ping Shek,坪石,
data\features\HKSLLEX-2023-00003627.pt,133,96,Sau Mau Ping,秀茂坪,
data\features\HKSLLEX-2023-00003624.pt,186,134,Tsz Wan Shan,慈雲山,
data\features\HKSLLEX-2023-00003628.pt,133,106,Sau Mau Ping,秀茂坪,
data\features\HKSLLEX-2023-00003629.pt,83,106,Lei Yue Mun,鯉魚門,
data\features\HKSLLEX-2023-00003630.pt,174,96,Ting Kau,汀九,
data\features\HKSLLEX-2023-00003631.pt,139,106,Sham Tseng,深井,
data\features\HKSLLEX-2023-00003633.pt,94,115,Ma Wan,馬灣,
data\features\HKSLLEX-2023-00003635.pt,73,115,Lam Tei,藍地,
data\features\HKSLLEX-2023-00003636.pt,80,115,Lau Fau Shan,流浮山,
data\features\HKSLLEX-2023-00003634.pt,94,125,Ma Wan,馬灣,
data\features\HKSLLEX-2023-00003632.pt,180,134,Tsing Lung Tau,青龍頭,
data\features\HKSLLEX-2023-00003637.pt,58,115,Kam Tin,錦田,
data\features\HKSLLEX-2023-00003638.pt,114,115,Pat Heung,八鄉,
data\features\HKSLLEX-2023-00003639.pt,89,115,Luen Wo Hui,聯和墟,
data\features\HKSLLEX-2023-00003641.pt,77,96,Lantau Island,大嶼山,
data\features\HKSLLEX-2023-00003643.pt,77,115,Lantau Island,大嶼山,
data\features\HKSLLEX-2023-00003645.pt,75,106,Lamma Island,南丫島,
data\features\HKSLLEX-2023-00003640.pt,135,134,Sha Tau Kok,沙頭角,
data\features\HKSLLEX-2023-00003644.pt,75,115,Lamma Island,南丫島,
data\features\HKSLLEX-2023-00003642.pt,77,125,Lantau Island,大嶼山,
data\features\HKSLLEX-2023-00003646.pt,117,96,Peng Chau,坪洲,
data\features\HKSLLEX-2023-00003647.pt,47,115,Hei Ling Chau,喜靈洲,
data\features\HKSLLEX-2023-00003648.pt,20,106,Cheung Chau,長洲,
data\features\HKSLLEX-2023-00003649.pt,190,115,Tung Ping Chau,東平洲,
data\features\HKSLLEX-2023-00003653.pt,170,106,Tap Mun,塔門,
data\features\HKSLLEX-2023-00003651.pt,100,115,Mui Wo,梅窩,
data\features\HKSLLEX-2023-00003652.pt,31,106,Discovery Bay,愉景灣,
data\features\HKSLLEX-2023-00003654.pt,23,96,Chuk Yuen,竹園,
data\features\HKSLLEX-2023-00003650.pt,190,134,Tung Ping Chau,東平洲,
data\features\HKSLLEX-2023-00003655.pt,164,96,Tai O,大澳,
data\features\HKSLLEX-2023-00003656.pt,164,106,Tai O,大澳,
data\features\HKSLLEX-2023-00003658.pt,106,106,Ngong Ping,昂平,
data\features\HKSLLEX-2023-00003660.pt,149,106,So Uk,蘇屋,
data\features\HKSLLEX-2023-00003659.pt,95,106,Mai Po,米埔,
data\features\HKSLLEX-2023-00003657.pt,121,115,Po Toi Island,蒲台島,
data\features\HKSLLEX-2023-00003661.pt,81,106,Lei Cheng Uk,李鄭屋,
data\features\HKSLLEX-2023-00003662.pt,118,106,Perth Street,巴富街,
data\features\HKSLLEX-2023-00003663.pt,102,115,Nathan Road,彌敦道,
data\features\HKSLLEX-2023-00003664.pt,171,106,Temple Street,廟街,
data\features\HKSLLEX-2023-00003665.pt,79,115,Lascar Row,摩羅街(貓街；賣古董),
data\features\HKSLLEX-2023-00003667.pt,123,106,Portland Street,砵蘭街(妓女),
data\features\HKSLLEX-2023-00003666.pt,43,115,Granville Road,加連威老道(垃圾街),
data\features\HKSLLEX-2023-00003668.pt,8,115,Apliu Street,鴨寮街,
data\features\HKSLLEX-2023-00003669.pt,39,115,Flower Market,花墟,
data\features\HKSLLEX-2023-00003670.pt,188,115,Tung Choi Street,通菜街(女人街),
data\features\HKSLLEX-2023-00003671.pt,12,96,Bute Street,弼街(金魚街),
data\features\HKSLLEX-2023-00003672.pt,185,96,Tsui Ping Estate,翠屏邨(雞寮),
data\features\HKSLLEX-2023-00003674.pt,38,96,Festival Walk,又一城,
data\features\HKSLLEX-2023-00003673.pt,13,106,Canton Road,廣東道,
data\features\HKSLLEX-2023-00003676.pt,14,96,Castle Peak,青山(醫院，不是道),
data\features\HKSLLEX-2023-00003675.pt,109,106,Ocean Terminal,海運大廈,
data\features\HKSLLEX-2023-00003678.pt,24,106,City Hall,大會堂,
data\features\HKSLLEX-2023-00003677.pt,154,115,Star Ferry Pier,天星碼頭,
data\features\HKSLLEX-2023-00003679.pt,72,115,Lai Tak Tsuen,勵德邨,
data\features\HKSLLEX-2023-00003680.pt,26,106,Coliseum,紅館,
data\features\HKSLLEX-2023-00003681.pt,28,106,Cultural Centre,文化中心,
data\features\HKSLLEX-2023-00003682.pt,152,106,Space Museum,太空館,
data\features\HKSLLEX-2023-00003684.pt,17,106,Central Government Office,政總大樓,
data\features\HKSLLEX-2023-00003683.pt,76,106,Langham Place,朗豪坊,
data\features\HKSLLEX-2023-00003685.pt,113,115,Palace Museum,故宮博物館,
data\features\HKSLLEX-2023-00003686.pt,202,115,Xiqu Centre,戲曲中心 ,
data\features\HKSLLEX-2023-00003688.pt,181,106,Tsing Ma Bridge,青馬大橋,
data\features\HKSLLEX-2023-00003687.pt,42,106,Golden Bauhinia Square,金紫荊廣場,
data\features\HKSLLEX-2023-00003691.pt,27,96,Cross-Harbour Tunnel,紅隧,
data\features\HKSLLEX-2023-00003690.pt,53,115,Hong Kong–Zhuhai–Macao Bridge,港珠澳大橋,
data\features\HKSLLEX-2023-00003689.pt,178,125,Tseung Kwan O Cross Bay Link,將軍澳跨灣大橋,
data\features\HKSLLEX-2023-00003692.pt,84,115,Lion Rock,獅子山,
data\features\HKSLLEX-2023-00003693.pt,63,106,Kowloon Peak,飛鵝山,
data\features\HKSLLEX-2023-00003694.pt,163,106,Tai Mo Shan,大帽山,
data\features\HKSLLEX-2023-00003696.pt,115,96,Pat Sin Leng,八仙嶺,
data\features\HKSLLEX-2023-00003695.pt,78,96,Lantau Peak,鳳凰山,
data\features\HKSLLEX-2023-00003697.pt,11,106,Beacon Hill,筆架山,
data\features\HKSLLEX-2023-00003698.pt,103,106,New Territories,新界,
data\features\HKSLLEX-2023-00003699.pt,112,106,Outlying island,離島,
data\features\HKSLLEX-2023-00003700.pt,146,115,Shun Tin Estate,順天邨,
